# JMH version: 1.37
# VM version: JDK 25.0.4.1, OpenJDK 64-Bit Server VM, 25.0.4.1+1-LTS
# VM invoker: C:\Users\Hareram ray\AI\numJ\.tools\jdk\bin\java.exe
# VM options: --enable-native-access=ALL-UNNAMED --enable-native-access=ALL-UNNAMED -Xms3g -Xmx3g -XX:+AlwaysPreTouch
# Blackhole mode: compiler (auto-detected, use -Djmh.blackhole.autoDetect=false to disable)
# Warmup: 5 iterations, 200 ms each
# Measurement: 5 iterations, 200 ms each
# Timeout: 10 min per iteration
# Threads: 1 thread, will synchronize iterations
# Benchmark mode: Average time, time/op
# Benchmark: numj.ElementwiseBench.java
# Parameters: (layout = contig, n = 16)

# Run progress: 0.00% complete, ETA 00:11:36
# Fork: 1 of 3
WARNING: A terminally deprecated method in sun.misc.Unsafe has been called
WARNING: sun.misc.Unsafe::objectFieldOffset has been called by org.openjdk.jmh.util.Utils (file:/C:/Users/Hareram%20ray/AI/numJ/.tools/jmh/jmh-core-1.37.jar)
WARNING: Please consider reporting this to the maintainers of class org.openjdk.jmh.util.Utils
WARNING: sun.misc.Unsafe::objectFieldOffset will be removed in a future release
# Warmup Iteration   1: 8.691 ns/op
# Warmup Iteration   2: 7.850 ns/op
# Warmup Iteration   3: 7.919 ns/op
# Warmup Iteration   4: 9.548 ns/op
# Warmup Iteration   5: 12.226 ns/op
Iteration   1: 7.635 ns/op
Iteration   2: 6.733 ns/op
Iteration   3: 6.746 ns/op
Iteration   4: 6.668 ns/op
Iteration   5: 6.457 ns/op

# Run progress: 0.29% complete, ETA 00:17:14
# Fork: 2 of 3
WARNING: A terminally deprecated method in sun.misc.Unsafe has been called
WARNING: sun.misc.Unsafe::objectFieldOffset has been called by org.openjdk.jmh.util.Utils (file:/C:/Users/Hareram%20ray/AI/numJ/.tools/jmh/jmh-core-1.37.jar)
WARNING: Please consider reporting this to the maintainers of class org.openjdk.jmh.util.Utils
WARNING: sun.misc.Unsafe::objectFieldOffset will be removed in a future release
# Warmup Iteration   1: 10.117 ns/op
# Warmup Iteration   2: 7.027 ns/op
# Warmup Iteration   3: 6.532 ns/op
# Warmup Iteration   4: 6.442 ns/op
# Warmup Iteration   5: 7.322 ns/op
Iteration   1: 6.721 ns/op
Iteration   2: 6.474 ns/op
Iteration   3: 6.513 ns/op
Iteration   4: 6.430 ns/op
Iteration   5: 6.530 ns/op

# Run progress: 0.57% complete, ETA 00:16:59
# Fork: 3 of 3
WARNING: A terminally deprecated method in sun.misc.Unsafe has been called
WARNING: sun.misc.Unsafe::objectFieldOffset has been called by org.openjdk.jmh.util.Utils (file:/C:/Users/Hareram%20ray/AI/numJ/.tools/jmh/jmh-core-1.37.jar)
WARNING: Please consider reporting this to the maintainers of class org.openjdk.jmh.util.Utils
WARNING: sun.misc.Unsafe::objectFieldOffset will be removed in a future release
# Warmup Iteration   1: 8.189 ns/op
# Warmup Iteration   2: 7.325 ns/op
# Warmup Iteration   3: 6.500 ns/op
# Warmup Iteration   4: 6.601 ns/op
# Warmup Iteration   5: 6.800 ns/op
Iteration   1: 6.488 ns/op
Iteration   2: 6.562 ns/op
Iteration   3: 6.479 ns/op
Iteration   4: 6.634 ns/op
Iteration   5: 6.542 ns/op


Result "numj.ElementwiseBench.java":
  6.641 ±(99.9%) 0.315 ns/op [Average]
  (min, avg, max) = (6.430, 6.641, 7.635), stdev = 0.295
  CI (99.9%): [6.326, 6.956] (assumes normal distribution)


# JMH version: 1.37
# VM version: JDK 25.0.4.1, OpenJDK 64-Bit Server VM, 25.0.4.1+1-LTS
# VM invoker: C:\Users\Hareram ray\AI\numJ\.tools\jdk\bin\java.exe
# VM options: --enable-native-access=ALL-UNNAMED --enable-native-access=ALL-UNNAMED -Xms3g -Xmx3g -XX:+AlwaysPreTouch
# Blackhole mode: compiler (auto-detected, use -Djmh.blackhole.autoDetect=false to disable)
# Warmup: 5 iterations, 200 ms each
# Measurement: 5 iterations, 200 ms each
# Timeout: 10 min per iteration
# Threads: 1 thread, will synchronize iterations
# Benchmark mode: Average time, time/op
# Benchmark: numj.ElementwiseBench.java
# Parameters: (layout = contig, n = 1000)

# Run progress: 0.86% complete, ETA 00:16:39
# Fork: 1 of 3
WARNING: A terminally deprecated method in sun.misc.Unsafe has been called
WARNING: sun.misc.Unsafe::objectFieldOffset has been called by org.openjdk.jmh.util.Utils (file:/C:/Users/Hareram%20ray/AI/numJ/.tools/jmh/jmh-core-1.37.jar)
WARNING: Please consider reporting this to the maintainers of class org.openjdk.jmh.util.Utils
WARNING: sun.misc.Unsafe::objectFieldOffset will be removed in a future release
# Warmup Iteration   1: 71.077 ns/op
# Warmup Iteration   2: 65.962 ns/op
# Warmup Iteration   3: 65.079 ns/op
# Warmup Iteration   4: 64.393 ns/op
# Warmup Iteration   5: 66.220 ns/op
Iteration   1: 71.407 ns/op
Iteration   2: 64.869 ns/op
Iteration   3: 65.809 ns/op
Iteration   4: 65.935 ns/op
Iteration   5: 66.208 ns/op

# Run progress: 1.15% complete, ETA 00:16:41
# Fork: 2 of 3
WARNING: A terminally deprecated method in sun.misc.Unsafe has been called
WARNING: sun.misc.Unsafe::objectFieldOffset has been called by org.openjdk.jmh.util.Utils (file:/C:/Users/Hareram%20ray/AI/numJ/.tools/jmh/jmh-core-1.37.jar)
WARNING: Please consider reporting this to the maintainers of class org.openjdk.jmh.util.Utils
WARNING: sun.misc.Unsafe::objectFieldOffset will be removed in a future release
# Warmup Iteration   1: 74.307 ns/op
# Warmup Iteration   2: 66.438 ns/op
# Warmup Iteration   3: 74.518 ns/op
# Warmup Iteration   4: 64.768 ns/op
# Warmup Iteration   5: 63.750 ns/op
Iteration   1: 72.383 ns/op
Iteration   2: 68.773 ns/op
Iteration   3: 69.624 ns/op
Iteration   4: 64.934 ns/op
Iteration   5: 72.651 ns/op

# Run progress: 1.44% complete, ETA 00:16:47
# Fork: 3 of 3
WARNING: A terminally deprecated method in sun.misc.Unsafe has been called
WARNING: sun.misc.Unsafe::objectFieldOffset has been called by org.openjdk.jmh.util.Utils (file:/C:/Users/Hareram%20ray/AI/numJ/.tools/jmh/jmh-core-1.37.jar)
WARNING: Please consider reporting this to the maintainers of class org.openjdk.jmh.util.Utils
WARNING: sun.misc.Unsafe::objectFieldOffset will be removed in a future release
# Warmup Iteration   1: 81.437 ns/op
# Warmup Iteration   2: 107.112 ns/op
# Warmup Iteration   3: 68.351 ns/op
# Warmup Iteration   4: 65.392 ns/op
# Warmup Iteration   5: 64.650 ns/op
Iteration   1: 68.028 ns/op
Iteration   2: 75.898 ns/op
Iteration   3: 83.144 ns/op
Iteration   4: 67.973 ns/op
Iteration   5: 68.346 ns/op


Result "numj.ElementwiseBench.java":
  69.732 ±(99.9%) 5.222 ns/op [Average]
  (min, avg, max) = (64.869, 69.732, 83.144), stdev = 4.884
  CI (99.9%): [64.510, 74.954] (assumes normal distribution)


# JMH version: 1.37
# VM version: JDK 25.0.4.1, OpenJDK 64-Bit Server VM, 25.0.4.1+1-LTS
# VM invoker: C:\Users\Hareram ray\AI\numJ\.tools\jdk\bin\java.exe
# VM options: --enable-native-access=ALL-UNNAMED --enable-native-access=ALL-UNNAMED -Xms3g -Xmx3g -XX:+AlwaysPreTouch
# Blackhole mode: compiler (auto-detected, use -Djmh.blackhole.autoDetect=false to disable)
# Warmup: 5 iterations, 200 ms each
# Measurement: 5 iterations, 200 ms each
# Timeout: 10 min per iteration
# Threads: 1 thread, will synchronize iterations
# Benchmark mode: Average time, time/op
# Benchmark: numj.ElementwiseBench.java
# Parameters: (layout = contig, n = 100000)

# Run progress: 1.72% complete, ETA 00:16:43
# Fork: 1 of 3
WARNING: A terminally deprecated method in sun.misc.Unsafe has been called
WARNING: sun.misc.Unsafe::objectFieldOffset has been called by org.openjdk.jmh.util.Utils (file:/C:/Users/Hareram%20ray/AI/numJ/.tools/jmh/jmh-core-1.37.jar)
WARNING: Please consider reporting this to the maintainers of class org.openjdk.jmh.util.Utils
WARNING: sun.misc.Unsafe::objectFieldOffset will be removed in a future release
# Warmup Iteration   1: 41669.059 ns/op
# Warmup Iteration   2: 62919.938 ns/op
# Warmup Iteration   3: 46042.718 ns/op
# Warmup Iteration   4: 45128.478 ns/op
# Warmup Iteration   5: 36569.964 ns/op
Iteration   1: 40573.630 ns/op
Iteration   2: 39053.025 ns/op
Iteration   3: 36764.084 ns/op
Iteration   4: 36992.918 ns/op
Iteration   5: 37288.480 ns/op

# Run progress: 2.01% complete, ETA 00:16:35
# Fork: 2 of 3
WARNING: A terminally deprecated method in sun.misc.Unsafe has been called
WARNING: sun.misc.Unsafe::objectFieldOffset has been called by org.openjdk.jmh.util.Utils (file:/C:/Users/Hareram%20ray/AI/numJ/.tools/jmh/jmh-core-1.37.jar)
WARNING: Please consider reporting this to the maintainers of class org.openjdk.jmh.util.Utils
WARNING: sun.misc.Unsafe::objectFieldOffset will be removed in a future release
# Warmup Iteration   1: 46919.953 ns/op
# Warmup Iteration   2: 42762.933 ns/op
# Warmup Iteration   3: 38889.868 ns/op
# Warmup Iteration   4: 38263.112 ns/op
# Warmup Iteration   5: 38596.559 ns/op
Iteration   1: 37172.937 ns/op
Iteration   2: 40604.120 ns/op
Iteration   3: 38083.075 ns/op
Iteration   4: 39989.491 ns/op
Iteration   5: 39473.718 ns/op

# Run progress: 2.30% complete, ETA 00:16:25
# Fork: 3 of 3
WARNING: A terminally deprecated method in sun.misc.Unsafe has been called
WARNING: sun.misc.Unsafe::objectFieldOffset has been called by org.openjdk.jmh.util.Utils (file:/C:/Users/Hareram%20ray/AI/numJ/.tools/jmh/jmh-core-1.37.jar)
WARNING: Please consider reporting this to the maintainers of class org.openjdk.jmh.util.Utils
WARNING: sun.misc.Unsafe::objectFieldOffset will be removed in a future release
# Warmup Iteration   1: 45790.410 ns/op
# Warmup Iteration   2: 45954.145 ns/op
# Warmup Iteration   3: 40291.921 ns/op
# Warmup Iteration   4: 38634.354 ns/op
# Warmup Iteration   5: 38294.572 ns/op
Iteration   1: 41680.112 ns/op
Iteration   2: 44908.626 ns/op
Iteration   3: 39960.553 ns/op
Iteration   4: 38701.237 ns/op
Iteration   5: 38248.561 ns/op


Result "numj.ElementwiseBench.java":
  39299.638 ±(99.9%) 2298.506 ns/op [Average]
  (min, avg, max) = (36764.084, 39299.638, 44908.626), stdev = 2150.024
  CI (99.9%): [37001.132, 41598.144] (assumes normal distribution)


# JMH version: 1.37
# VM version: JDK 25.0.4.1, OpenJDK 64-Bit Server VM, 25.0.4.1+1-LTS
# VM invoker: C:\Users\Hareram ray\AI\numJ\.tools\jdk\bin\java.exe
# VM options: --enable-native-access=ALL-UNNAMED --enable-native-access=ALL-UNNAMED -Xms3g -Xmx3g -XX:+AlwaysPreTouch
# Blackhole mode: compiler (auto-detected, use -Djmh.blackhole.autoDetect=false to disable)
# Warmup: 5 iterations, 200 ms each
# Measurement: 5 iterations, 200 ms each
# Timeout: 10 min per iteration
# Threads: 1 thread, will synchronize iterations
# Benchmark mode: Average time, time/op
# Benchmark: numj.ElementwiseBench.java
# Parameters: (layout = contig, n = 10000000)

# Run progress: 2.59% complete, ETA 00:16:15
# Fork: 1 of 3
WARNING: A terminally deprecated method in sun.misc.Unsafe has been called
WARNING: sun.misc.Unsafe::objectFieldOffset has been called by org.openjdk.jmh.util.Utils (file:/C:/Users/Hareram%20ray/AI/numJ/.tools/jmh/jmh-core-1.37.jar)
WARNING: Please consider reporting this to the maintainers of class org.openjdk.jmh.util.Utils
WARNING: sun.misc.Unsafe::objectFieldOffset will be removed in a future release
# Warmup Iteration   1: 17644683.333 ns/op
# Warmup Iteration   2: 20866280.000 ns/op
# Warmup Iteration   3: 24396711.111 ns/op
# Warmup Iteration   4: 26150200.000 ns/op
# Warmup Iteration   5: 17720483.333 ns/op
Iteration   1: 19473409.091 ns/op
Iteration   2: 18677063.636 ns/op
Iteration   3: 18089658.333 ns/op
Iteration   4: 17971358.333 ns/op
Iteration   5: 17374883.333 ns/op

# Run progress: 2.87% complete, ETA 00:16:18
# Fork: 2 of 3
WARNING: A terminally deprecated method in sun.misc.Unsafe has been called
WARNING: sun.misc.Unsafe::objectFieldOffset has been called by org.openjdk.jmh.util.Utils (file:/C:/Users/Hareram%20ray/AI/numJ/.tools/jmh/jmh-core-1.37.jar)
WARNING: Please consider reporting this to the maintainers of class org.openjdk.jmh.util.Utils
WARNING: sun.misc.Unsafe::objectFieldOffset will be removed in a future release
# Warmup Iteration   1: 17836883.333 ns/op
# Warmup Iteration   2: 20082430.000 ns/op
# Warmup Iteration   3: 18690918.182 ns/op
# Warmup Iteration   4: 18945200.000 ns/op
# Warmup Iteration   5: 17911000.000 ns/op
Iteration   1: 16799083.333 ns/op
Iteration   2: 19721372.727 ns/op
Iteration   3: 18122300.000 ns/op
Iteration   4: 16991633.333 ns/op
Iteration   5: 17581958.333 ns/op

# Run progress: 3.16% complete, ETA 00:16:18
# Fork: 3 of 3
WARNING: A terminally deprecated method in sun.misc.Unsafe has been called
WARNING: sun.misc.Unsafe::objectFieldOffset has been called by org.openjdk.jmh.util.Utils (file:/C:/Users/Hareram%20ray/AI/numJ/.tools/jmh/jmh-core-1.37.jar)
WARNING: Please consider reporting this to the maintainers of class org.openjdk.jmh.util.Utils
WARNING: sun.misc.Unsafe::objectFieldOffset will be removed in a future release
# Warmup Iteration   1: 19540381.818 ns/op
# Warmup Iteration   2: 23074411.111 ns/op
# Warmup Iteration   3: 18428545.455 ns/op
# Warmup Iteration   4: 19321063.636 ns/op
# Warmup Iteration   5: 18378233.333 ns/op
Iteration   1: 21978760.000 ns/op
Iteration   2: 18827927.273 ns/op
Iteration   3: 19896945.455 ns/op
Iteration   4: 20240610.000 ns/op
Iteration   5: 19105818.182 ns/op


Result "numj.ElementwiseBench.java":
  18723518.758 ±(99.9%) 1488650.760 ns/op [Average]
  (min, avg, max) = (16799083.333, 18723518.758, 21978760.000), stdev = 1392484.845
  CI (99.9%): [17234867.998, 20212169.517] (assumes normal distribution)


# JMH version: 1.37
# VM version: JDK 25.0.4.1, OpenJDK 64-Bit Server VM, 25.0.4.1+1-LTS
# VM invoker: C:\Users\Hareram ray\AI\numJ\.tools\jdk\bin\java.exe
# VM options: --enable-native-access=ALL-UNNAMED --enable-native-access=ALL-UNNAMED -Xms3g -Xmx3g -XX:+AlwaysPreTouch
# Blackhole mode: compiler (auto-detected, use -Djmh.blackhole.autoDetect=false to disable)
# Warmup: 5 iterations, 200 ms each
# Measurement: 5 iterations, 200 ms each
# Timeout: 10 min per iteration
# Threads: 1 thread, will synchronize iterations
# Benchmark mode: Average time, time/op
# Benchmark: numj.ElementwiseBench.java
# Parameters: (layout = transposed, n = 16)

# Run progress: 3.45% complete, ETA 00:16:18
# Fork: 1 of 3
WARNING: A terminally deprecated method in sun.misc.Unsafe has been called
WARNING: sun.misc.Unsafe::objectFieldOffset has been called by org.openjdk.jmh.util.Utils (file:/C:/Users/Hareram%20ray/AI/numJ/.tools/jmh/jmh-core-1.37.jar)
WARNING: Please consider reporting this to the maintainers of class org.openjdk.jmh.util.Utils
WARNING: sun.misc.Unsafe::objectFieldOffset will be removed in a future release
# Warmup Iteration   1: 21.324 ns/op
# Warmup Iteration   2: 20.184 ns/op
# Warmup Iteration   3: 19.515 ns/op
# Warmup Iteration   4: 19.836 ns/op
# Warmup Iteration   5: 19.886 ns/op
Iteration   1: 19.888 ns/op
Iteration   2: 20.256 ns/op
Iteration   3: 19.495 ns/op
Iteration   4: 19.791 ns/op
Iteration   5: 19.774 ns/op

# Run progress: 3.74% complete, ETA 00:16:11
# Fork: 2 of 3
WARNING: A terminally deprecated method in sun.misc.Unsafe has been called
WARNING: sun.misc.Unsafe::objectFieldOffset has been called by org.openjdk.jmh.util.Utils (file:/C:/Users/Hareram%20ray/AI/numJ/.tools/jmh/jmh-core-1.37.jar)
WARNING: Please consider reporting this to the maintainers of class org.openjdk.jmh.util.Utils
WARNING: sun.misc.Unsafe::objectFieldOffset will be removed in a future release
# Warmup Iteration   1: 21.823 ns/op
# Warmup Iteration   2: 21.097 ns/op
# Warmup Iteration   3: 19.376 ns/op
# Warmup Iteration   4: 20.246 ns/op
# Warmup Iteration   5: 19.615 ns/op
Iteration   1: 19.663 ns/op
Iteration   2: 20.862 ns/op
Iteration   3: 20.053 ns/op
Iteration   4: 20.186 ns/op
Iteration   5: 19.839 ns/op

# Run progress: 4.02% complete, ETA 00:16:03
# Fork: 3 of 3
WARNING: A terminally deprecated method in sun.misc.Unsafe has been called
WARNING: sun.misc.Unsafe::objectFieldOffset has been called by org.openjdk.jmh.util.Utils (file:/C:/Users/Hareram%20ray/AI/numJ/.tools/jmh/jmh-core-1.37.jar)
WARNING: Please consider reporting this to the maintainers of class org.openjdk.jmh.util.Utils
WARNING: sun.misc.Unsafe::objectFieldOffset will be removed in a future release
# Warmup Iteration   1: 23.183 ns/op
# Warmup Iteration   2: 20.017 ns/op
# Warmup Iteration   3: 19.769 ns/op
# Warmup Iteration   4: 19.716 ns/op
# Warmup Iteration   5: 19.896 ns/op
Iteration   1: 19.752 ns/op
Iteration   2: 19.660 ns/op
Iteration   3: 19.895 ns/op
Iteration   4: 19.805 ns/op
Iteration   5: 19.658 ns/op


Result "numj.ElementwiseBench.java":
  19.905 ±(99.9%) 0.357 ns/op [Average]
  (min, avg, max) = (19.495, 19.905, 20.862), stdev = 0.334
  CI (99.9%): [19.549, 20.262] (assumes normal distribution)


# JMH version: 1.37
# VM version: JDK 25.0.4.1, OpenJDK 64-Bit Server VM, 25.0.4.1+1-LTS
# VM invoker: C:\Users\Hareram ray\AI\numJ\.tools\jdk\bin\java.exe
# VM options: --enable-native-access=ALL-UNNAMED --enable-native-access=ALL-UNNAMED -Xms3g -Xmx3g -XX:+AlwaysPreTouch
# Blackhole mode: compiler (auto-detected, use -Djmh.blackhole.autoDetect=false to disable)
# Warmup: 5 iterations, 200 ms each
# Measurement: 5 iterations, 200 ms each
# Timeout: 10 min per iteration
# Threads: 1 thread, will synchronize iterations
# Benchmark mode: Average time, time/op
# Benchmark: numj.ElementwiseBench.java
# Parameters: (layout = transposed, n = 1000)

# Run progress: 4.31% complete, ETA 00:15:57
# Fork: 1 of 3
WARNING: A terminally deprecated method in sun.misc.Unsafe has been called
WARNING: sun.misc.Unsafe::objectFieldOffset has been called by org.openjdk.jmh.util.Utils (file:/C:/Users/Hareram%20ray/AI/numJ/.tools/jmh/jmh-core-1.37.jar)
WARNING: Please consider reporting this to the maintainers of class org.openjdk.jmh.util.Utils
WARNING: sun.misc.Unsafe::objectFieldOffset will be removed in a future release
# Warmup Iteration   1: 831.328 ns/op
# Warmup Iteration   2: 746.556 ns/op
# Warmup Iteration   3: 751.544 ns/op
# Warmup Iteration   4: 759.124 ns/op
# Warmup Iteration   5: 761.864 ns/op
Iteration   1: 760.917 ns/op
Iteration   2: 762.741 ns/op
Iteration   3: 743.593 ns/op
Iteration   4: 764.456 ns/op
Iteration   5: 748.447 ns/op

# Run progress: 4.60% complete, ETA 00:15:48
# Fork: 2 of 3
WARNING: A terminally deprecated method in sun.misc.Unsafe has been called
WARNING: sun.misc.Unsafe::objectFieldOffset has been called by org.openjdk.jmh.util.Utils (file:/C:/Users/Hareram%20ray/AI/numJ/.tools/jmh/jmh-core-1.37.jar)
WARNING: Please consider reporting this to the maintainers of class org.openjdk.jmh.util.Utils
WARNING: sun.misc.Unsafe::objectFieldOffset will be removed in a future release
# Warmup Iteration   1: 796.931 ns/op
# Warmup Iteration   2: 751.255 ns/op
# Warmup Iteration   3: 763.232 ns/op
# Warmup Iteration   4: 777.406 ns/op
# Warmup Iteration   5: 760.050 ns/op
Iteration   1: 759.277 ns/op
Iteration   2: 751.890 ns/op
Iteration   3: 758.089 ns/op
Iteration   4: 763.500 ns/op
Iteration   5: 753.753 ns/op

# Run progress: 4.89% complete, ETA 00:15:41
# Fork: 3 of 3
WARNING: A terminally deprecated method in sun.misc.Unsafe has been called
WARNING: sun.misc.Unsafe::objectFieldOffset has been called by org.openjdk.jmh.util.Utils (file:/C:/Users/Hareram%20ray/AI/numJ/.tools/jmh/jmh-core-1.37.jar)
WARNING: Please consider reporting this to the maintainers of class org.openjdk.jmh.util.Utils
WARNING: sun.misc.Unsafe::objectFieldOffset will be removed in a future release
# Warmup Iteration   1: 788.341 ns/op
# Warmup Iteration   2: 750.985 ns/op
# Warmup Iteration   3: 761.337 ns/op
# Warmup Iteration   4: 761.783 ns/op
# Warmup Iteration   5: 790.077 ns/op
Iteration   1: 763.871 ns/op
Iteration   2: 752.618 ns/op
Iteration   3: 760.436 ns/op
Iteration   4: 778.792 ns/op
Iteration   5: 754.585 ns/op


Result "numj.ElementwiseBench.java":
  758.464 ±(99.9%) 8.893 ns/op [Average]
  (min, avg, max) = (743.593, 758.464, 778.792), stdev = 8.319
  CI (99.9%): [749.571, 767.358] (assumes normal distribution)


# JMH version: 1.37
# VM version: JDK 25.0.4.1, OpenJDK 64-Bit Server VM, 25.0.4.1+1-LTS
# VM invoker: C:\Users\Hareram ray\AI\numJ\.tools\jdk\bin\java.exe
# VM options: --enable-native-access=ALL-UNNAMED --enable-native-access=ALL-UNNAMED -Xms3g -Xmx3g -XX:+AlwaysPreTouch
# Blackhole mode: compiler (auto-detected, use -Djmh.blackhole.autoDetect=false to disable)
# Warmup: 5 iterations, 200 ms each
# Measurement: 5 iterations, 200 ms each
# Timeout: 10 min per iteration
# Threads: 1 thread, will synchronize iterations
# Benchmark mode: Average time, time/op
# Benchmark: numj.ElementwiseBench.java
# Parameters: (layout = transposed, n = 100000)

# Run progress: 5.17% complete, ETA 00:15:34
# Fork: 1 of 3
WARNING: A terminally deprecated method in sun.misc.Unsafe has been called
WARNING: sun.misc.Unsafe::objectFieldOffset has been called by org.openjdk.jmh.util.Utils (file:/C:/Users/Hareram%20ray/AI/numJ/.tools/jmh/jmh-core-1.37.jar)
WARNING: Please consider reporting this to the maintainers of class org.openjdk.jmh.util.Utils
WARNING: sun.misc.Unsafe::objectFieldOffset will be removed in a future release
# Warmup Iteration   1: 95217.266 ns/op
# Warmup Iteration   2: 95596.293 ns/op
# Warmup Iteration   3: 92396.187 ns/op
# Warmup Iteration   4: 94744.810 ns/op
# Warmup Iteration   5: 93828.638 ns/op
Iteration   1: 93497.438 ns/op
Iteration   2: 94895.851 ns/op
Iteration   3: 95329.426 ns/op
Iteration   4: 96156.244 ns/op
Iteration   5: 98290.749 ns/op

# Run progress: 5.46% complete, ETA 00:15:28
# Fork: 2 of 3
WARNING: A terminally deprecated method in sun.misc.Unsafe has been called
WARNING: sun.misc.Unsafe::objectFieldOffset has been called by org.openjdk.jmh.util.Utils (file:/C:/Users/Hareram%20ray/AI/numJ/.tools/jmh/jmh-core-1.37.jar)
WARNING: Please consider reporting this to the maintainers of class org.openjdk.jmh.util.Utils
WARNING: sun.misc.Unsafe::objectFieldOffset will be removed in a future release
# Warmup Iteration   1: 100465.500 ns/op
# Warmup Iteration   2: 96031.304 ns/op
# Warmup Iteration   3: 94992.655 ns/op
# Warmup Iteration   4: 97609.417 ns/op
# Warmup Iteration   5: 92499.356 ns/op
Iteration   1: 95769.505 ns/op
Iteration   2: 94906.843 ns/op
Iteration   3: 94311.418 ns/op
Iteration   4: 99879.731 ns/op
Iteration   5: 94447.346 ns/op

# Run progress: 5.75% complete, ETA 00:15:22
# Fork: 3 of 3
WARNING: A terminally deprecated method in sun.misc.Unsafe has been called
WARNING: sun.misc.Unsafe::objectFieldOffset has been called by org.openjdk.jmh.util.Utils (file:/C:/Users/Hareram%20ray/AI/numJ/.tools/jmh/jmh-core-1.37.jar)
WARNING: Please consider reporting this to the maintainers of class org.openjdk.jmh.util.Utils
WARNING: sun.misc.Unsafe::objectFieldOffset will be removed in a future release
# Warmup Iteration   1: 99627.767 ns/op
# Warmup Iteration   2: 96281.391 ns/op
# Warmup Iteration   3: 98139.241 ns/op
# Warmup Iteration   4: 95387.008 ns/op
# Warmup Iteration   5: 95001.181 ns/op
Iteration   1: 95089.976 ns/op
Iteration   2: 95608.840 ns/op
Iteration   3: 94800.940 ns/op
Iteration   4: 94573.632 ns/op
Iteration   5: 99589.970 ns/op


Result "numj.ElementwiseBench.java":
  95809.861 ±(99.9%) 2051.711 ns/op [Average]
  (min, avg, max) = (93497.438, 95809.861, 99879.731), stdev = 1919.171
  CI (99.9%): [93758.150, 97861.571] (assumes normal distribution)


# JMH version: 1.37
# VM version: JDK 25.0.4.1, OpenJDK 64-Bit Server VM, 25.0.4.1+1-LTS
# VM invoker: C:\Users\Hareram ray\AI\numJ\.tools\jdk\bin\java.exe
# VM options: --enable-native-access=ALL-UNNAMED --enable-native-access=ALL-UNNAMED -Xms3g -Xmx3g -XX:+AlwaysPreTouch
# Blackhole mode: compiler (auto-detected, use -Djmh.blackhole.autoDetect=false to disable)
# Warmup: 5 iterations, 200 ms each
# Measurement: 5 iterations, 200 ms each
# Timeout: 10 min per iteration
# Threads: 1 thread, will synchronize iterations
# Benchmark mode: Average time, time/op
# Benchmark: numj.ElementwiseBench.java
# Parameters: (layout = transposed, n = 10000000)

# Run progress: 6.03% complete, ETA 00:15:16
# Fork: 1 of 3
WARNING: A terminally deprecated method in sun.misc.Unsafe has been called
WARNING: sun.misc.Unsafe::objectFieldOffset has been called by org.openjdk.jmh.util.Utils (file:/C:/Users/Hareram%20ray/AI/numJ/.tools/jmh/jmh-core-1.37.jar)
WARNING: Please consider reporting this to the maintainers of class org.openjdk.jmh.util.Utils
WARNING: sun.misc.Unsafe::objectFieldOffset will be removed in a future release
# Warmup Iteration   1: 113667500.000 ns/op
# Warmup Iteration   2: 103854900.000 ns/op
# Warmup Iteration   3: 109666300.000 ns/op
# Warmup Iteration   4: 112642700.000 ns/op
# Warmup Iteration   5: 101653700.000 ns/op
Iteration   1: 95960866.667 ns/op
Iteration   2: 95115366.667 ns/op
Iteration   3: 119270700.000 ns/op
Iteration   4: 94833133.333 ns/op
Iteration   5: 94618933.333 ns/op

# Run progress: 6.32% complete, ETA 00:15:20
# Fork: 2 of 3
WARNING: A terminally deprecated method in sun.misc.Unsafe has been called
WARNING: sun.misc.Unsafe::objectFieldOffset has been called by org.openjdk.jmh.util.Utils (file:/C:/Users/Hareram%20ray/AI/numJ/.tools/jmh/jmh-core-1.37.jar)
WARNING: Please consider reporting this to the maintainers of class org.openjdk.jmh.util.Utils
WARNING: sun.misc.Unsafe::objectFieldOffset will be removed in a future release
# Warmup Iteration   1: 112650500.000 ns/op
# Warmup Iteration   2: 104705400.000 ns/op
# Warmup Iteration   3: 111085350.000 ns/op
# Warmup Iteration   4: 109336900.000 ns/op
# Warmup Iteration   5: 99812466.667 ns/op
Iteration   1: 93683900.000 ns/op
Iteration   2: 94704166.667 ns/op
Iteration   3: 96128866.667 ns/op
Iteration   4: 95126133.333 ns/op
Iteration   5: 94306966.667 ns/op

# Run progress: 6.61% complete, ETA 00:15:25
# Fork: 3 of 3
WARNING: A terminally deprecated method in sun.misc.Unsafe has been called
WARNING: sun.misc.Unsafe::objectFieldOffset has been called by org.openjdk.jmh.util.Utils (file:/C:/Users/Hareram%20ray/AI/numJ/.tools/jmh/jmh-core-1.37.jar)
WARNING: Please consider reporting this to the maintainers of class org.openjdk.jmh.util.Utils
WARNING: sun.misc.Unsafe::objectFieldOffset will be removed in a future release
# Warmup Iteration   1: 114349900.000 ns/op
# Warmup Iteration   2: 105191950.000 ns/op
# Warmup Iteration   3: 109663350.000 ns/op
# Warmup Iteration   4: 112699200.000 ns/op
# Warmup Iteration   5: 109186000.000 ns/op
Iteration   1: 94244133.333 ns/op
Iteration   2: 95358766.667 ns/op
Iteration   3: 93472033.333 ns/op
Iteration   4: 95637100.000 ns/op
Iteration   5: 94641466.667 ns/op


Result "numj.ElementwiseBench.java":
  96473502.222 ±(99.9%) 6790054.588 ns/op [Average]
  (min, avg, max) = (93472033.333, 96473502.222, 119270700.000), stdev = 6351421.275
  CI (99.9%): [89683447.634, 103263556.810] (assumes normal distribution)


# JMH version: 1.37
# VM version: JDK 25.0.4.1, OpenJDK 64-Bit Server VM, 25.0.4.1+1-LTS
# VM invoker: C:\Users\Hareram ray\AI\numJ\.tools\jdk\bin\java.exe
# VM options: --enable-native-access=ALL-UNNAMED --enable-native-access=ALL-UNNAMED -Xms3g -Xmx3g -XX:+AlwaysPreTouch
# Blackhole mode: compiler (auto-detected, use -Djmh.blackhole.autoDetect=false to disable)
# Warmup: 5 iterations, 200 ms each
# Measurement: 5 iterations, 200 ms each
# Timeout: 10 min per iteration
# Threads: 1 thread, will synchronize iterations
# Benchmark mode: Average time, time/op
# Benchmark: numj.ElementwiseBench.java
# Parameters: (layout = stepped, n = 16)

# Run progress: 6.90% complete, ETA 00:15:28
# Fork: 1 of 3
WARNING: A terminally deprecated method in sun.misc.Unsafe has been called
WARNING: sun.misc.Unsafe::objectFieldOffset has been called by org.openjdk.jmh.util.Utils (file:/C:/Users/Hareram%20ray/AI/numJ/.tools/jmh/jmh-core-1.37.jar)
WARNING: Please consider reporting this to the maintainers of class org.openjdk.jmh.util.Utils
WARNING: sun.misc.Unsafe::objectFieldOffset will be removed in a future release
# Warmup Iteration   1: 7.901 ns/op
# Warmup Iteration   2: 7.992 ns/op
# Warmup Iteration   3: 8.051 ns/op
# Warmup Iteration   4: 7.858 ns/op
# Warmup Iteration   5: 7.905 ns/op
Iteration   1: 7.815 ns/op
Iteration   2: 7.778 ns/op
Iteration   3: 7.857 ns/op
Iteration   4: 7.859 ns/op
Iteration   5: 7.862 ns/op

# Run progress: 7.18% complete, ETA 00:15:22
# Fork: 2 of 3
WARNING: A terminally deprecated method in sun.misc.Unsafe has been called
WARNING: sun.misc.Unsafe::objectFieldOffset has been called by org.openjdk.jmh.util.Utils (file:/C:/Users/Hareram%20ray/AI/numJ/.tools/jmh/jmh-core-1.37.jar)
WARNING: Please consider reporting this to the maintainers of class org.openjdk.jmh.util.Utils
WARNING: sun.misc.Unsafe::objectFieldOffset will be removed in a future release
# Warmup Iteration   1: 7.923 ns/op
# Warmup Iteration   2: 7.958 ns/op
# Warmup Iteration   3: 7.954 ns/op
# Warmup Iteration   4: 8.023 ns/op
# Warmup Iteration   5: 7.880 ns/op
Iteration   1: 7.762 ns/op
Iteration   2: 7.732 ns/op
Iteration   3: 8.009 ns/op
Iteration   4: 7.772 ns/op
Iteration   5: 7.985 ns/op

# Run progress: 7.47% complete, ETA 00:15:17
# Fork: 3 of 3
WARNING: A terminally deprecated method in sun.misc.Unsafe has been called
WARNING: sun.misc.Unsafe::objectFieldOffset has been called by org.openjdk.jmh.util.Utils (file:/C:/Users/Hareram%20ray/AI/numJ/.tools/jmh/jmh-core-1.37.jar)
WARNING: Please consider reporting this to the maintainers of class org.openjdk.jmh.util.Utils
WARNING: sun.misc.Unsafe::objectFieldOffset will be removed in a future release
# Warmup Iteration   1: 8.245 ns/op
# Warmup Iteration   2: 8.091 ns/op
# Warmup Iteration   3: 7.712 ns/op
# Warmup Iteration   4: 8.080 ns/op
# Warmup Iteration   5: 7.908 ns/op
Iteration   1: 7.787 ns/op
Iteration   2: 7.985 ns/op
Iteration   3: 7.796 ns/op
Iteration   4: 7.776 ns/op
Iteration   5: 7.701 ns/op


Result "numj.ElementwiseBench.java":
  7.832 ±(99.9%) 0.101 ns/op [Average]
  (min, avg, max) = (7.701, 7.832, 8.009), stdev = 0.095
  CI (99.9%): [7.730, 7.933] (assumes normal distribution)


# JMH version: 1.37
# VM version: JDK 25.0.4.1, OpenJDK 64-Bit Server VM, 25.0.4.1+1-LTS
# VM invoker: C:\Users\Hareram ray\AI\numJ\.tools\jdk\bin\java.exe
# VM options: --enable-native-access=ALL-UNNAMED --enable-native-access=ALL-UNNAMED -Xms3g -Xmx3g -XX:+AlwaysPreTouch
# Blackhole mode: compiler (auto-detected, use -Djmh.blackhole.autoDetect=false to disable)
# Warmup: 5 iterations, 200 ms each
# Measurement: 5 iterations, 200 ms each
# Timeout: 10 min per iteration
# Threads: 1 thread, will synchronize iterations
# Benchmark mode: Average time, time/op
# Benchmark: numj.ElementwiseBench.java
# Parameters: (layout = stepped, n = 1000)

# Run progress: 7.76% complete, ETA 00:15:11
# Fork: 1 of 3
WARNING: A terminally deprecated method in sun.misc.Unsafe has been called
WARNING: sun.misc.Unsafe::objectFieldOffset has been called by org.openjdk.jmh.util.Utils (file:/C:/Users/Hareram%20ray/AI/numJ/.tools/jmh/jmh-core-1.37.jar)
WARNING: Please consider reporting this to the maintainers of class org.openjdk.jmh.util.Utils
WARNING: sun.misc.Unsafe::objectFieldOffset will be removed in a future release
# Warmup Iteration   1: 254.641 ns/op
# Warmup Iteration   2: 240.689 ns/op
# Warmup Iteration   3: 244.088 ns/op
# Warmup Iteration   4: 237.269 ns/op
# Warmup Iteration   5: 244.228 ns/op
Iteration   1: 241.888 ns/op
Iteration   2: 242.097 ns/op
Iteration   3: 239.584 ns/op
Iteration   4: 239.440 ns/op
Iteration   5: 241.393 ns/op

# Run progress: 8.05% complete, ETA 00:15:06
# Fork: 2 of 3
WARNING: A terminally deprecated method in sun.misc.Unsafe has been called
WARNING: sun.misc.Unsafe::objectFieldOffset has been called by org.openjdk.jmh.util.Utils (file:/C:/Users/Hareram%20ray/AI/numJ/.tools/jmh/jmh-core-1.37.jar)
WARNING: Please consider reporting this to the maintainers of class org.openjdk.jmh.util.Utils
WARNING: sun.misc.Unsafe::objectFieldOffset will be removed in a future release
# Warmup Iteration   1: 282.985 ns/op
# Warmup Iteration   2: 319.371 ns/op
# Warmup Iteration   3: 411.011 ns/op
# Warmup Iteration   4: 247.218 ns/op
# Warmup Iteration   5: 235.222 ns/op
Iteration   1: 240.975 ns/op
Iteration   2: 244.525 ns/op
Iteration   3: 239.334 ns/op
Iteration   4: 238.261 ns/op
Iteration   5: 242.703 ns/op

# Run progress: 8.33% complete, ETA 00:15:01
# Fork: 3 of 3
WARNING: A terminally deprecated method in sun.misc.Unsafe has been called
WARNING: sun.misc.Unsafe::objectFieldOffset has been called by org.openjdk.jmh.util.Utils (file:/C:/Users/Hareram%20ray/AI/numJ/.tools/jmh/jmh-core-1.37.jar)
WARNING: Please consider reporting this to the maintainers of class org.openjdk.jmh.util.Utils
WARNING: sun.misc.Unsafe::objectFieldOffset will be removed in a future release
# Warmup Iteration   1: 263.685 ns/op
# Warmup Iteration   2: 240.579 ns/op
# Warmup Iteration   3: 243.957 ns/op
# Warmup Iteration   4: 239.246 ns/op
# Warmup Iteration   5: 238.357 ns/op
Iteration   1: 240.394 ns/op
Iteration   2: 239.940 ns/op
Iteration   3: 236.833 ns/op
Iteration   4: 235.412 ns/op
Iteration   5: 240.873 ns/op


Result "numj.ElementwiseBench.java":
  240.243 ±(99.9%) 2.453 ns/op [Average]
  (min, avg, max) = (235.412, 240.243, 244.525), stdev = 2.294
  CI (99.9%): [237.790, 242.696] (assumes normal distribution)


# JMH version: 1.37
# VM version: JDK 25.0.4.1, OpenJDK 64-Bit Server VM, 25.0.4.1+1-LTS
# VM invoker: C:\Users\Hareram ray\AI\numJ\.tools\jdk\bin\java.exe
# VM options: --enable-native-access=ALL-UNNAMED --enable-native-access=ALL-UNNAMED -Xms3g -Xmx3g -XX:+AlwaysPreTouch
# Blackhole mode: compiler (auto-detected, use -Djmh.blackhole.autoDetect=false to disable)
# Warmup: 5 iterations, 200 ms each
# Measurement: 5 iterations, 200 ms each
# Timeout: 10 min per iteration
# Threads: 1 thread, will synchronize iterations
# Benchmark mode: Average time, time/op
# Benchmark: numj.ElementwiseBench.java
# Parameters: (layout = stepped, n = 100000)

# Run progress: 8.62% complete, ETA 00:14:56
# Fork: 1 of 3
WARNING: A terminally deprecated method in sun.misc.Unsafe has been called
WARNING: sun.misc.Unsafe::objectFieldOffset has been called by org.openjdk.jmh.util.Utils (file:/C:/Users/Hareram%20ray/AI/numJ/.tools/jmh/jmh-core-1.37.jar)
WARNING: Please consider reporting this to the maintainers of class org.openjdk.jmh.util.Utils
WARNING: sun.misc.Unsafe::objectFieldOffset will be removed in a future release
# Warmup Iteration   1: 74557.875 ns/op
# Warmup Iteration   2: 71943.654 ns/op
# Warmup Iteration   3: 67502.722 ns/op
# Warmup Iteration   4: 65780.923 ns/op
# Warmup Iteration   5: 64555.395 ns/op
Iteration   1: 68103.774 ns/op
Iteration   2: 67586.911 ns/op
Iteration   3: 67456.130 ns/op
Iteration   4: 62791.371 ns/op
Iteration   5: 62415.273 ns/op

# Run progress: 8.91% complete, ETA 00:14:52
# Fork: 2 of 3
WARNING: A terminally deprecated method in sun.misc.Unsafe has been called
WARNING: sun.misc.Unsafe::objectFieldOffset has been called by org.openjdk.jmh.util.Utils (file:/C:/Users/Hareram%20ray/AI/numJ/.tools/jmh/jmh-core-1.37.jar)
WARNING: Please consider reporting this to the maintainers of class org.openjdk.jmh.util.Utils
WARNING: sun.misc.Unsafe::objectFieldOffset will be removed in a future release
# Warmup Iteration   1: 69346.581 ns/op
# Warmup Iteration   2: 67180.134 ns/op
# Warmup Iteration   3: 65392.083 ns/op
# Warmup Iteration   4: 64373.374 ns/op
# Warmup Iteration   5: 62019.062 ns/op
Iteration   1: 62641.388 ns/op
Iteration   2: 66670.030 ns/op
Iteration   3: 69075.300 ns/op
Iteration   4: 61367.013 ns/op
Iteration   5: 60514.221 ns/op

# Run progress: 9.20% complete, ETA 00:14:47
# Fork: 3 of 3
WARNING: A terminally deprecated method in sun.misc.Unsafe has been called
WARNING: sun.misc.Unsafe::objectFieldOffset has been called by org.openjdk.jmh.util.Utils (file:/C:/Users/Hareram%20ray/AI/numJ/.tools/jmh/jmh-core-1.37.jar)
WARNING: Please consider reporting this to the maintainers of class org.openjdk.jmh.util.Utils
WARNING: sun.misc.Unsafe::objectFieldOffset will be removed in a future release
# Warmup Iteration   1: 72679.394 ns/op
# Warmup Iteration   2: 72992.754 ns/op
# Warmup Iteration   3: 65596.774 ns/op
# Warmup Iteration   4: 64979.145 ns/op
# Warmup Iteration   5: 65418.303 ns/op
Iteration   1: 65520.457 ns/op
Iteration   2: 67713.702 ns/op
Iteration   3: 64337.412 ns/op
Iteration   4: 66508.270 ns/op
Iteration   5: 66839.993 ns/op


Result "numj.ElementwiseBench.java":
  65302.750 ±(99.9%) 2921.568 ns/op [Average]
  (min, avg, max) = (60514.221, 65302.750, 69075.300), stdev = 2732.837
  CI (99.9%): [62381.182, 68224.318] (assumes normal distribution)


# JMH version: 1.37
# VM version: JDK 25.0.4.1, OpenJDK 64-Bit Server VM, 25.0.4.1+1-LTS
# VM invoker: C:\Users\Hareram ray\AI\numJ\.tools\jdk\bin\java.exe
# VM options: --enable-native-access=ALL-UNNAMED --enable-native-access=ALL-UNNAMED -Xms3g -Xmx3g -XX:+AlwaysPreTouch
# Blackhole mode: compiler (auto-detected, use -Djmh.blackhole.autoDetect=false to disable)
# Warmup: 5 iterations, 200 ms each
# Measurement: 5 iterations, 200 ms each
# Timeout: 10 min per iteration
# Threads: 1 thread, will synchronize iterations
# Benchmark mode: Average time, time/op
# Benchmark: numj.ElementwiseBench.java
# Parameters: (layout = stepped, n = 10000000)

# Run progress: 9.48% complete, ETA 00:14:43
# Fork: 1 of 3
WARNING: A terminally deprecated method in sun.misc.Unsafe has been called
WARNING: sun.misc.Unsafe::objectFieldOffset has been called by org.openjdk.jmh.util.Utils (file:/C:/Users/Hareram%20ray/AI/numJ/.tools/jmh/jmh-core-1.37.jar)
WARNING: Please consider reporting this to the maintainers of class org.openjdk.jmh.util.Utils
WARNING: sun.misc.Unsafe::objectFieldOffset will be removed in a future release
# Warmup Iteration   1: 26130287.500 ns/op
# Warmup Iteration   2: 27361400.000 ns/op
# Warmup Iteration   3: 30413885.714 ns/op
# Warmup Iteration   4: 34276657.143 ns/op
# Warmup Iteration   5: 28001812.500 ns/op
Iteration   1: 25885825.000 ns/op
Iteration   2: 27030887.500 ns/op
Iteration   3: 26331687.500 ns/op
Iteration   4: 26657075.000 ns/op
Iteration   5: 26198600.000 ns/op

# Run progress: 9.77% complete, ETA 00:14:42
# Fork: 2 of 3
WARNING: A terminally deprecated method in sun.misc.Unsafe has been called
WARNING: sun.misc.Unsafe::objectFieldOffset has been called by org.openjdk.jmh.util.Utils (file:/C:/Users/Hareram%20ray/AI/numJ/.tools/jmh/jmh-core-1.37.jar)
WARNING: Please consider reporting this to the maintainers of class org.openjdk.jmh.util.Utils
WARNING: sun.misc.Unsafe::objectFieldOffset will be removed in a future release
# Warmup Iteration   1: 25980725.000 ns/op
# Warmup Iteration   2: 26704437.500 ns/op
# Warmup Iteration   3: 26159175.000 ns/op
# Warmup Iteration   4: 29005842.857 ns/op
# Warmup Iteration   5: 27339750.000 ns/op
Iteration   1: 26169837.500 ns/op
Iteration   2: 26935062.500 ns/op
Iteration   3: 27057812.500 ns/op
Iteration   4: 26620700.000 ns/op
Iteration   5: 26094287.500 ns/op

# Run progress: 10.06% complete, ETA 00:14:41
# Fork: 3 of 3
WARNING: A terminally deprecated method in sun.misc.Unsafe has been called
WARNING: sun.misc.Unsafe::objectFieldOffset has been called by org.openjdk.jmh.util.Utils (file:/C:/Users/Hareram%20ray/AI/numJ/.tools/jmh/jmh-core-1.37.jar)
WARNING: Please consider reporting this to the maintainers of class org.openjdk.jmh.util.Utils
WARNING: sun.misc.Unsafe::objectFieldOffset will be removed in a future release
# Warmup Iteration   1: 26090925.000 ns/op
# Warmup Iteration   2: 26609387.500 ns/op
# Warmup Iteration   3: 26282400.000 ns/op
# Warmup Iteration   4: 28034075.000 ns/op
# Warmup Iteration   5: 25809762.500 ns/op
Iteration   1: 25827087.500 ns/op
Iteration   2: 25928237.500 ns/op
Iteration   3: 25964900.000 ns/op
Iteration   4: 26735825.000 ns/op
Iteration   5: 26544250.000 ns/op


Result "numj.ElementwiseBench.java":
  26398805.000 ±(99.9%) 457286.093 ns/op [Average]
  (min, avg, max) = (25827087.500, 26398805.000, 27057812.500), stdev = 427745.695
  CI (99.9%): [25941518.907, 26856091.093] (assumes normal distribution)


# JMH version: 1.37
# VM version: JDK 25.0.4.1, OpenJDK 64-Bit Server VM, 25.0.4.1+1-LTS
# VM invoker: C:\Users\Hareram ray\AI\numJ\.tools\jdk\bin\java.exe
# VM options: --enable-native-access=ALL-UNNAMED --enable-native-access=ALL-UNNAMED -Xms3g -Xmx3g -XX:+AlwaysPreTouch
# Blackhole mode: compiler (auto-detected, use -Djmh.blackhole.autoDetect=false to disable)
# Warmup: 5 iterations, 200 ms each
# Measurement: 5 iterations, 200 ms each
# Timeout: 10 min per iteration
# Threads: 1 thread, will synchronize iterations
# Benchmark mode: Average time, time/op
# Benchmark: numj.ElementwiseBench.java
# Parameters: (layout = bcast, n = 16)

# Run progress: 10.34% complete, ETA 00:14:40
# Fork: 1 of 3
WARNING: A terminally deprecated method in sun.misc.Unsafe has been called
WARNING: sun.misc.Unsafe::objectFieldOffset has been called by org.openjdk.jmh.util.Utils (file:/C:/Users/Hareram%20ray/AI/numJ/.tools/jmh/jmh-core-1.37.jar)
WARNING: Please consider reporting this to the maintainers of class org.openjdk.jmh.util.Utils
WARNING: sun.misc.Unsafe::objectFieldOffset will be removed in a future release
# Warmup Iteration   1: 12.314 ns/op
# Warmup Iteration   2: 11.395 ns/op
# Warmup Iteration   3: 13.110 ns/op
# Warmup Iteration   4: 12.442 ns/op
# Warmup Iteration   5: 13.115 ns/op
Iteration   1: 12.741 ns/op
Iteration   2: 12.758 ns/op
Iteration   3: 13.121 ns/op
Iteration   4: 12.934 ns/op
Iteration   5: 12.997 ns/op

# Run progress: 10.63% complete, ETA 00:14:36
# Fork: 2 of 3
WARNING: A terminally deprecated method in sun.misc.Unsafe has been called
WARNING: sun.misc.Unsafe::objectFieldOffset has been called by org.openjdk.jmh.util.Utils (file:/C:/Users/Hareram%20ray/AI/numJ/.tools/jmh/jmh-core-1.37.jar)
WARNING: Please consider reporting this to the maintainers of class org.openjdk.jmh.util.Utils
WARNING: sun.misc.Unsafe::objectFieldOffset will be removed in a future release
# Warmup Iteration   1: 13.304 ns/op
# Warmup Iteration   2: 11.511 ns/op
# Warmup Iteration   3: 11.672 ns/op
# Warmup Iteration   4: 11.394 ns/op
# Warmup Iteration   5: 11.178 ns/op
Iteration   1: 11.154 ns/op
Iteration   2: 11.465 ns/op
Iteration   3: 11.434 ns/op
Iteration   4: 11.258 ns/op
Iteration   5: 11.312 ns/op

# Run progress: 10.92% complete, ETA 00:14:31
# Fork: 3 of 3
WARNING: A terminally deprecated method in sun.misc.Unsafe has been called
WARNING: sun.misc.Unsafe::objectFieldOffset has been called by org.openjdk.jmh.util.Utils (file:/C:/Users/Hareram%20ray/AI/numJ/.tools/jmh/jmh-core-1.37.jar)
WARNING: Please consider reporting this to the maintainers of class org.openjdk.jmh.util.Utils
WARNING: sun.misc.Unsafe::objectFieldOffset will be removed in a future release
# Warmup Iteration   1: 12.279 ns/op
# Warmup Iteration   2: 11.713 ns/op
# Warmup Iteration   3: 11.660 ns/op
# Warmup Iteration   4: 11.249 ns/op
# Warmup Iteration   5: 11.170 ns/op
Iteration   1: 11.227 ns/op
Iteration   2: 11.232 ns/op
Iteration   3: 11.275 ns/op
Iteration   4: 11.514 ns/op
Iteration   5: 11.483 ns/op


Result "numj.ElementwiseBench.java":
  11.860 ±(99.9%) 0.834 ns/op [Average]
  (min, avg, max) = (11.154, 11.860, 13.121), stdev = 0.780
  CI (99.9%): [11.026, 12.694] (assumes normal distribution)


# JMH version: 1.37
# VM version: JDK 25.0.4.1, OpenJDK 64-Bit Server VM, 25.0.4.1+1-LTS
# VM invoker: C:\Users\Hareram ray\AI\numJ\.tools\jdk\bin\java.exe
# VM options: --enable-native-access=ALL-UNNAMED --enable-native-access=ALL-UNNAMED -Xms3g -Xmx3g -XX:+AlwaysPreTouch
# Blackhole mode: compiler (auto-detected, use -Djmh.blackhole.autoDetect=false to disable)
# Warmup: 5 iterations, 200 ms each
# Measurement: 5 iterations, 200 ms each
# Timeout: 10 min per iteration
# Threads: 1 thread, will synchronize iterations
# Benchmark mode: Average time, time/op
# Benchmark: numj.ElementwiseBench.java
# Parameters: (layout = bcast, n = 1000)

# Run progress: 11.21% complete, ETA 00:14:27
# Fork: 1 of 3
WARNING: A terminally deprecated method in sun.misc.Unsafe has been called
WARNING: sun.misc.Unsafe::objectFieldOffset has been called by org.openjdk.jmh.util.Utils (file:/C:/Users/Hareram%20ray/AI/numJ/.tools/jmh/jmh-core-1.37.jar)
WARNING: Please consider reporting this to the maintainers of class org.openjdk.jmh.util.Utils
WARNING: sun.misc.Unsafe::objectFieldOffset will be removed in a future release
# Warmup Iteration   1: 344.798 ns/op
# Warmup Iteration   2: 319.058 ns/op
# Warmup Iteration   3: 324.940 ns/op
# Warmup Iteration   4: 324.018 ns/op
# Warmup Iteration   5: 332.881 ns/op
Iteration   1: 329.270 ns/op
Iteration   2: 327.381 ns/op
Iteration   3: 328.388 ns/op
Iteration   4: 322.741 ns/op
Iteration   5: 349.599 ns/op

# Run progress: 11.49% complete, ETA 00:14:23
# Fork: 2 of 3
WARNING: A terminally deprecated method in sun.misc.Unsafe has been called
WARNING: sun.misc.Unsafe::objectFieldOffset has been called by org.openjdk.jmh.util.Utils (file:/C:/Users/Hareram%20ray/AI/numJ/.tools/jmh/jmh-core-1.37.jar)
WARNING: Please consider reporting this to the maintainers of class org.openjdk.jmh.util.Utils
WARNING: sun.misc.Unsafe::objectFieldOffset will be removed in a future release
# Warmup Iteration   1: 350.897 ns/op
# Warmup Iteration   2: 321.652 ns/op
# Warmup Iteration   3: 324.320 ns/op
# Warmup Iteration   4: 326.651 ns/op
# Warmup Iteration   5: 324.598 ns/op
Iteration   1: 330.391 ns/op
Iteration   2: 331.070 ns/op
Iteration   3: 328.343 ns/op
Iteration   4: 325.820 ns/op
Iteration   5: 331.063 ns/op

# Run progress: 11.78% complete, ETA 00:14:19
# Fork: 3 of 3
WARNING: A terminally deprecated method in sun.misc.Unsafe has been called
WARNING: sun.misc.Unsafe::objectFieldOffset has been called by org.openjdk.jmh.util.Utils (file:/C:/Users/Hareram%20ray/AI/numJ/.tools/jmh/jmh-core-1.37.jar)
WARNING: Please consider reporting this to the maintainers of class org.openjdk.jmh.util.Utils
WARNING: sun.misc.Unsafe::objectFieldOffset will be removed in a future release
# Warmup Iteration   1: 348.807 ns/op
# Warmup Iteration   2: 318.089 ns/op
# Warmup Iteration   3: 338.283 ns/op
# Warmup Iteration   4: 325.097 ns/op
# Warmup Iteration   5: 321.147 ns/op
Iteration   1: 329.065 ns/op
Iteration   2: 333.884 ns/op
Iteration   3: 322.274 ns/op
Iteration   4: 325.204 ns/op
Iteration   5: 322.621 ns/op


Result "numj.ElementwiseBench.java":
  329.141 ±(99.9%) 7.065 ns/op [Average]
  (min, avg, max) = (322.274, 329.141, 349.599), stdev = 6.609
  CI (99.9%): [322.076, 336.206] (assumes normal distribution)


# JMH version: 1.37
# VM version: JDK 25.0.4.1, OpenJDK 64-Bit Server VM, 25.0.4.1+1-LTS
# VM invoker: C:\Users\Hareram ray\AI\numJ\.tools\jdk\bin\java.exe
# VM options: --enable-native-access=ALL-UNNAMED --enable-native-access=ALL-UNNAMED -Xms3g -Xmx3g -XX:+AlwaysPreTouch
# Blackhole mode: compiler (auto-detected, use -Djmh.blackhole.autoDetect=false to disable)
# Warmup: 5 iterations, 200 ms each
# Measurement: 5 iterations, 200 ms each
# Timeout: 10 min per iteration
# Threads: 1 thread, will synchronize iterations
# Benchmark mode: Average time, time/op
# Benchmark: numj.ElementwiseBench.java
# Parameters: (layout = bcast, n = 100000)

# Run progress: 12.07% complete, ETA 00:14:14
# Fork: 1 of 3
WARNING: A terminally deprecated method in sun.misc.Unsafe has been called
WARNING: sun.misc.Unsafe::objectFieldOffset has been called by org.openjdk.jmh.util.Utils (file:/C:/Users/Hareram%20ray/AI/numJ/.tools/jmh/jmh-core-1.37.jar)
WARNING: Please consider reporting this to the maintainers of class org.openjdk.jmh.util.Utils
WARNING: sun.misc.Unsafe::objectFieldOffset will be removed in a future release
# Warmup Iteration   1: 32095.033 ns/op
# Warmup Iteration   2: 30912.198 ns/op
# Warmup Iteration   3: 30730.689 ns/op
# Warmup Iteration   4: 30631.214 ns/op
# Warmup Iteration   5: 30451.034 ns/op
Iteration   1: 30712.700 ns/op
Iteration   2: 30101.901 ns/op
Iteration   3: 29947.825 ns/op
Iteration   4: 30031.877 ns/op
Iteration   5: 29322.717 ns/op

# Run progress: 12.36% complete, ETA 00:14:11
# Fork: 2 of 3
WARNING: A terminally deprecated method in sun.misc.Unsafe has been called
WARNING: sun.misc.Unsafe::objectFieldOffset has been called by org.openjdk.jmh.util.Utils (file:/C:/Users/Hareram%20ray/AI/numJ/.tools/jmh/jmh-core-1.37.jar)
WARNING: Please consider reporting this to the maintainers of class org.openjdk.jmh.util.Utils
WARNING: sun.misc.Unsafe::objectFieldOffset will be removed in a future release
# Warmup Iteration   1: 31196.880 ns/op
# Warmup Iteration   2: 29782.979 ns/op
# Warmup Iteration   3: 29318.939 ns/op
# Warmup Iteration   4: 30316.782 ns/op
# Warmup Iteration   5: 32348.156 ns/op
Iteration   1: 30170.549 ns/op
Iteration   2: 29516.319 ns/op
Iteration   3: 30221.007 ns/op
Iteration   4: 29484.913 ns/op
Iteration   5: 29769.495 ns/op

# Run progress: 12.64% complete, ETA 00:14:07
# Fork: 3 of 3
WARNING: A terminally deprecated method in sun.misc.Unsafe has been called
WARNING: sun.misc.Unsafe::objectFieldOffset has been called by org.openjdk.jmh.util.Utils (file:/C:/Users/Hareram%20ray/AI/numJ/.tools/jmh/jmh-core-1.37.jar)
WARNING: Please consider reporting this to the maintainers of class org.openjdk.jmh.util.Utils
WARNING: sun.misc.Unsafe::objectFieldOffset will be removed in a future release
# Warmup Iteration   1: 31878.925 ns/op
# Warmup Iteration   2: 31053.310 ns/op
# Warmup Iteration   3: 30062.731 ns/op
# Warmup Iteration   4: 30096.409 ns/op
# Warmup Iteration   5: 29605.862 ns/op
Iteration   1: 29756.506 ns/op
Iteration   2: 30263.468 ns/op
Iteration   3: 29033.381 ns/op
Iteration   4: 29227.023 ns/op
Iteration   5: 29798.628 ns/op


Result "numj.ElementwiseBench.java":
  29823.887 ±(99.9%) 482.092 ns/op [Average]
  (min, avg, max) = (29033.381, 29823.887, 30712.700), stdev = 450.949
  CI (99.9%): [29341.796, 30305.979] (assumes normal distribution)


# JMH version: 1.37
# VM version: JDK 25.0.4.1, OpenJDK 64-Bit Server VM, 25.0.4.1+1-LTS
# VM invoker: C:\Users\Hareram ray\AI\numJ\.tools\jdk\bin\java.exe
# VM options: --enable-native-access=ALL-UNNAMED --enable-native-access=ALL-UNNAMED -Xms3g -Xmx3g -XX:+AlwaysPreTouch
# Blackhole mode: compiler (auto-detected, use -Djmh.blackhole.autoDetect=false to disable)
# Warmup: 5 iterations, 200 ms each
# Measurement: 5 iterations, 200 ms each
# Timeout: 10 min per iteration
# Threads: 1 thread, will synchronize iterations
# Benchmark mode: Average time, time/op
# Benchmark: numj.ElementwiseBench.java
# Parameters: (layout = bcast, n = 10000000)

# Run progress: 12.93% complete, ETA 00:14:03
# Fork: 1 of 3
WARNING: A terminally deprecated method in sun.misc.Unsafe has been called
WARNING: sun.misc.Unsafe::objectFieldOffset has been called by org.openjdk.jmh.util.Utils (file:/C:/Users/Hareram%20ray/AI/numJ/.tools/jmh/jmh-core-1.37.jar)
WARNING: Please consider reporting this to the maintainers of class org.openjdk.jmh.util.Utils
WARNING: sun.misc.Unsafe::objectFieldOffset will be removed in a future release
# Warmup Iteration   1: 13990373.333 ns/op
# Warmup Iteration   2: 14183166.667 ns/op
# Warmup Iteration   3: 14080980.000 ns/op
# Warmup Iteration   4: 13734893.333 ns/op
# Warmup Iteration   5: 14653757.143 ns/op
Iteration   1: 14486285.714 ns/op
Iteration   2: 13878953.333 ns/op
Iteration   3: 13527560.000 ns/op
Iteration   4: 14198293.333 ns/op
Iteration   5: 14466007.143 ns/op

# Run progress: 13.22% complete, ETA 00:14:01
# Fork: 2 of 3
WARNING: A terminally deprecated method in sun.misc.Unsafe has been called
WARNING: sun.misc.Unsafe::objectFieldOffset has been called by org.openjdk.jmh.util.Utils (file:/C:/Users/Hareram%20ray/AI/numJ/.tools/jmh/jmh-core-1.37.jar)
WARNING: Please consider reporting this to the maintainers of class org.openjdk.jmh.util.Utils
WARNING: sun.misc.Unsafe::objectFieldOffset will be removed in a future release
# Warmup Iteration   1: 13998726.667 ns/op
# Warmup Iteration   2: 14487086.667 ns/op
# Warmup Iteration   3: 14254613.333 ns/op
# Warmup Iteration   4: 14287533.333 ns/op
# Warmup Iteration   5: 14307100.000 ns/op
Iteration   1: 14366635.714 ns/op
Iteration   2: 15382350.000 ns/op
Iteration   3: 14118313.333 ns/op
Iteration   4: 13950886.667 ns/op
Iteration   5: 13893946.667 ns/op

# Run progress: 13.51% complete, ETA 00:13:58
# Fork: 3 of 3
WARNING: A terminally deprecated method in sun.misc.Unsafe has been called
WARNING: sun.misc.Unsafe::objectFieldOffset has been called by org.openjdk.jmh.util.Utils (file:/C:/Users/Hareram%20ray/AI/numJ/.tools/jmh/jmh-core-1.37.jar)
WARNING: Please consider reporting this to the maintainers of class org.openjdk.jmh.util.Utils
WARNING: sun.misc.Unsafe::objectFieldOffset will be removed in a future release
# Warmup Iteration   1: 14281506.667 ns/op
# Warmup Iteration   2: 14099406.667 ns/op
# Warmup Iteration   3: 14707535.714 ns/op
# Warmup Iteration   4: 13729266.667 ns/op
# Warmup Iteration   5: 13937820.000 ns/op
Iteration   1: 13529493.333 ns/op
Iteration   2: 14104306.667 ns/op
Iteration   3: 14203626.667 ns/op
Iteration   4: 14118380.000 ns/op
Iteration   5: 13729753.333 ns/op


Result "numj.ElementwiseBench.java":
  14130319.460 ±(99.9%) 487382.394 ns/op [Average]
  (min, avg, max) = (13527560.000, 14130319.460, 15382350.000), stdev = 455897.794
  CI (99.9%): [13642937.067, 14617701.854] (assumes normal distribution)


# JMH version: 1.37
# VM version: JDK 25.0.4.1, OpenJDK 64-Bit Server VM, 25.0.4.1+1-LTS
# VM invoker: C:\Users\Hareram ray\AI\numJ\.tools\jdk\bin\java.exe
# VM options: --enable-native-access=ALL-UNNAMED --enable-native-access=ALL-UNNAMED -Xms3g -Xmx3g -XX:+AlwaysPreTouch
# Blackhole mode: compiler (auto-detected, use -Djmh.blackhole.autoDetect=false to disable)
# Warmup: 5 iterations, 200 ms each
# Measurement: 5 iterations, 200 ms each
# Timeout: 10 min per iteration
# Threads: 1 thread, will synchronize iterations
# Benchmark mode: Average time, time/op
# Benchmark: numj.ElementwiseBench.numj
# Parameters: (layout = contig, n = 16)

# Run progress: 13.79% complete, ETA 00:13:56
# Fork: 1 of 3
WARNING: A terminally deprecated method in sun.misc.Unsafe has been called
WARNING: sun.misc.Unsafe::objectFieldOffset has been called by org.openjdk.jmh.util.Utils (file:/C:/Users/Hareram%20ray/AI/numJ/.tools/jmh/jmh-core-1.37.jar)
WARNING: Please consider reporting this to the maintainers of class org.openjdk.jmh.util.Utils
WARNING: sun.misc.Unsafe::objectFieldOffset will be removed in a future release
# Warmup Iteration   1: 32.606 ns/op
# Warmup Iteration   2: 18.287 ns/op
# Warmup Iteration   3: 17.735 ns/op
# Warmup Iteration   4: 17.834 ns/op
# Warmup Iteration   5: 17.810 ns/op
Iteration   1: 17.538 ns/op
Iteration   2: 17.576 ns/op
Iteration   3: 17.769 ns/op
Iteration   4: 17.993 ns/op
Iteration   5: 17.654 ns/op

# Run progress: 14.08% complete, ETA 00:13:53
# Fork: 2 of 3
WARNING: A terminally deprecated method in sun.misc.Unsafe has been called
WARNING: sun.misc.Unsafe::objectFieldOffset has been called by org.openjdk.jmh.util.Utils (file:/C:/Users/Hareram%20ray/AI/numJ/.tools/jmh/jmh-core-1.37.jar)
WARNING: Please consider reporting this to the maintainers of class org.openjdk.jmh.util.Utils
WARNING: sun.misc.Unsafe::objectFieldOffset will be removed in a future release
# Warmup Iteration   1: 35.115 ns/op
# Warmup Iteration   2: 17.955 ns/op
# Warmup Iteration   3: 17.298 ns/op
# Warmup Iteration   4: 17.276 ns/op
# Warmup Iteration   5: 17.590 ns/op
Iteration   1: 17.516 ns/op
Iteration   2: 17.342 ns/op
Iteration   3: 17.576 ns/op
Iteration   4: 17.510 ns/op
Iteration   5: 17.918 ns/op

# Run progress: 14.37% complete, ETA 00:13:50
# Fork: 3 of 3
WARNING: A terminally deprecated method in sun.misc.Unsafe has been called
WARNING: sun.misc.Unsafe::objectFieldOffset has been called by org.openjdk.jmh.util.Utils (file:/C:/Users/Hareram%20ray/AI/numJ/.tools/jmh/jmh-core-1.37.jar)
WARNING: Please consider reporting this to the maintainers of class org.openjdk.jmh.util.Utils
WARNING: sun.misc.Unsafe::objectFieldOffset will be removed in a future release
# Warmup Iteration   1: 66.771 ns/op
# Warmup Iteration   2: 19.301 ns/op
# Warmup Iteration   3: 17.664 ns/op
# Warmup Iteration   4: 17.527 ns/op
# Warmup Iteration   5: 17.826 ns/op
Iteration   1: 17.942 ns/op
Iteration   2: 17.388 ns/op
Iteration   3: 17.822 ns/op
Iteration   4: 17.443 ns/op
Iteration   5: 17.601 ns/op


Result "numj.ElementwiseBench.numj":
  17.639 ±(99.9%) 0.219 ns/op [Average]
  (min, avg, max) = (17.342, 17.639, 17.993), stdev = 0.205
  CI (99.9%): [17.420, 17.858] (assumes normal distribution)


# JMH version: 1.37
# VM version: JDK 25.0.4.1, OpenJDK 64-Bit Server VM, 25.0.4.1+1-LTS
# VM invoker: C:\Users\Hareram ray\AI\numJ\.tools\jdk\bin\java.exe
# VM options: --enable-native-access=ALL-UNNAMED --enable-native-access=ALL-UNNAMED -Xms3g -Xmx3g -XX:+AlwaysPreTouch
# Blackhole mode: compiler (auto-detected, use -Djmh.blackhole.autoDetect=false to disable)
# Warmup: 5 iterations, 200 ms each
# Measurement: 5 iterations, 200 ms each
# Timeout: 10 min per iteration
# Threads: 1 thread, will synchronize iterations
# Benchmark mode: Average time, time/op
# Benchmark: numj.ElementwiseBench.numj
# Parameters: (layout = contig, n = 1000)

# Run progress: 14.66% complete, ETA 00:13:47
# Fork: 1 of 3
WARNING: A terminally deprecated method in sun.misc.Unsafe has been called
WARNING: sun.misc.Unsafe::objectFieldOffset has been called by org.openjdk.jmh.util.Utils (file:/C:/Users/Hareram%20ray/AI/numJ/.tools/jmh/jmh-core-1.37.jar)
WARNING: Please consider reporting this to the maintainers of class org.openjdk.jmh.util.Utils
WARNING: sun.misc.Unsafe::objectFieldOffset will be removed in a future release
# Warmup Iteration   1: 324.703 ns/op
# Warmup Iteration   2: 100.853 ns/op
# Warmup Iteration   3: 102.351 ns/op
# Warmup Iteration   4: 103.438 ns/op
# Warmup Iteration   5: 101.143 ns/op
Iteration   1: 100.892 ns/op
Iteration   2: 104.858 ns/op
Iteration   3: 100.437 ns/op
Iteration   4: 101.219 ns/op
Iteration   5: 101.037 ns/op

# Run progress: 14.94% complete, ETA 00:13:45
# Fork: 2 of 3
WARNING: A terminally deprecated method in sun.misc.Unsafe has been called
WARNING: sun.misc.Unsafe::objectFieldOffset has been called by org.openjdk.jmh.util.Utils (file:/C:/Users/Hareram%20ray/AI/numJ/.tools/jmh/jmh-core-1.37.jar)
WARNING: Please consider reporting this to the maintainers of class org.openjdk.jmh.util.Utils
WARNING: sun.misc.Unsafe::objectFieldOffset will be removed in a future release
# Warmup Iteration   1: 294.035 ns/op
# Warmup Iteration   2: 102.754 ns/op
# Warmup Iteration   3: 125.032 ns/op
# Warmup Iteration   4: 101.486 ns/op
# Warmup Iteration   5: 101.170 ns/op
Iteration   1: 100.379 ns/op
Iteration   2: 101.538 ns/op
Iteration   3: 100.878 ns/op
Iteration   4: 100.998 ns/op
Iteration   5: 102.578 ns/op

# Run progress: 15.23% complete, ETA 00:13:42
# Fork: 3 of 3
WARNING: A terminally deprecated method in sun.misc.Unsafe has been called
WARNING: sun.misc.Unsafe::objectFieldOffset has been called by org.openjdk.jmh.util.Utils (file:/C:/Users/Hareram%20ray/AI/numJ/.tools/jmh/jmh-core-1.37.jar)
WARNING: Please consider reporting this to the maintainers of class org.openjdk.jmh.util.Utils
WARNING: sun.misc.Unsafe::objectFieldOffset will be removed in a future release
# Warmup Iteration   1: 506.721 ns/op
# Warmup Iteration   2: 105.140 ns/op
# Warmup Iteration   3: 102.789 ns/op
# Warmup Iteration   4: 100.498 ns/op
# Warmup Iteration   5: 105.099 ns/op
Iteration   1: 102.751 ns/op
Iteration   2: 103.259 ns/op
Iteration   3: 100.667 ns/op
Iteration   4: 103.750 ns/op
Iteration   5: 100.821 ns/op


Result "numj.ElementwiseBench.numj":
  101.738 ±(99.9%) 1.461 ns/op [Average]
  (min, avg, max) = (100.379, 101.738, 104.858), stdev = 1.367
  CI (99.9%): [100.276, 103.199] (assumes normal distribution)


# JMH version: 1.37
# VM version: JDK 25.0.4.1, OpenJDK 64-Bit Server VM, 25.0.4.1+1-LTS
# VM invoker: C:\Users\Hareram ray\AI\numJ\.tools\jdk\bin\java.exe
# VM options: --enable-native-access=ALL-UNNAMED --enable-native-access=ALL-UNNAMED -Xms3g -Xmx3g -XX:+AlwaysPreTouch
# Blackhole mode: compiler (auto-detected, use -Djmh.blackhole.autoDetect=false to disable)
# Warmup: 5 iterations, 200 ms each
# Measurement: 5 iterations, 200 ms each
# Timeout: 10 min per iteration
# Threads: 1 thread, will synchronize iterations
# Benchmark mode: Average time, time/op
# Benchmark: numj.ElementwiseBench.numj
# Parameters: (layout = contig, n = 100000)

# Run progress: 15.52% complete, ETA 00:13:39
# Fork: 1 of 3
WARNING: A terminally deprecated method in sun.misc.Unsafe has been called
WARNING: sun.misc.Unsafe::objectFieldOffset has been called by org.openjdk.jmh.util.Utils (file:/C:/Users/Hareram%20ray/AI/numJ/.tools/jmh/jmh-core-1.37.jar)
WARNING: Please consider reporting this to the maintainers of class org.openjdk.jmh.util.Utils
WARNING: sun.misc.Unsafe::objectFieldOffset will be removed in a future release
# Warmup Iteration   1: 112418.247 ns/op
# Warmup Iteration   2: 45679.080 ns/op
# Warmup Iteration   3: 43502.155 ns/op
# Warmup Iteration   4: 40604.688 ns/op
# Warmup Iteration   5: 38554.719 ns/op
Iteration   1: 38941.957 ns/op
Iteration   2: 39557.974 ns/op
Iteration   3: 38720.261 ns/op
Iteration   4: 39800.892 ns/op
Iteration   5: 38485.197 ns/op

# Run progress: 15.80% complete, ETA 00:13:36
# Fork: 2 of 3
WARNING: A terminally deprecated method in sun.misc.Unsafe has been called
WARNING: sun.misc.Unsafe::objectFieldOffset has been called by org.openjdk.jmh.util.Utils (file:/C:/Users/Hareram%20ray/AI/numJ/.tools/jmh/jmh-core-1.37.jar)
WARNING: Please consider reporting this to the maintainers of class org.openjdk.jmh.util.Utils
WARNING: sun.misc.Unsafe::objectFieldOffset will be removed in a future release
# Warmup Iteration   1: 78469.414 ns/op
# Warmup Iteration   2: 43977.445 ns/op
# Warmup Iteration   3: 44648.596 ns/op
# Warmup Iteration   4: 42272.329 ns/op
# Warmup Iteration   5: 39495.020 ns/op
Iteration   1: 39264.532 ns/op
Iteration   2: 40512.970 ns/op
Iteration   3: 41926.378 ns/op
Iteration   4: 40209.956 ns/op
Iteration   5: 39478.416 ns/op

# Run progress: 16.09% complete, ETA 00:13:33
# Fork: 3 of 3
WARNING: A terminally deprecated method in sun.misc.Unsafe has been called
WARNING: sun.misc.Unsafe::objectFieldOffset has been called by org.openjdk.jmh.util.Utils (file:/C:/Users/Hareram%20ray/AI/numJ/.tools/jmh/jmh-core-1.37.jar)
WARNING: Please consider reporting this to the maintainers of class org.openjdk.jmh.util.Utils
WARNING: sun.misc.Unsafe::objectFieldOffset will be removed in a future release
# Warmup Iteration   1: 133749.069 ns/op
# Warmup Iteration   2: 47386.471 ns/op
# Warmup Iteration   3: 48134.182 ns/op
# Warmup Iteration   4: 43729.175 ns/op
# Warmup Iteration   5: 39388.688 ns/op
Iteration   1: 38314.542 ns/op
Iteration   2: 41794.398 ns/op
Iteration   3: 40394.668 ns/op
Iteration   4: 39582.580 ns/op
Iteration   5: 39214.665 ns/op


Result "numj.ElementwiseBench.numj":
  39746.626 ±(99.9%) 1148.658 ns/op [Average]
  (min, avg, max) = (38314.542, 39746.626, 41926.378), stdev = 1074.456
  CI (99.9%): [38597.967, 40895.284] (assumes normal distribution)


# JMH version: 1.37
# VM version: JDK 25.0.4.1, OpenJDK 64-Bit Server VM, 25.0.4.1+1-LTS
# VM invoker: C:\Users\Hareram ray\AI\numJ\.tools\jdk\bin\java.exe
# VM options: --enable-native-access=ALL-UNNAMED --enable-native-access=ALL-UNNAMED -Xms3g -Xmx3g -XX:+AlwaysPreTouch
# Blackhole mode: compiler (auto-detected, use -Djmh.blackhole.autoDetect=false to disable)
# Warmup: 5 iterations, 200 ms each
# Measurement: 5 iterations, 200 ms each
# Timeout: 10 min per iteration
# Threads: 1 thread, will synchronize iterations
# Benchmark mode: Average time, time/op
# Benchmark: numj.ElementwiseBench.numj
# Parameters: (layout = contig, n = 10000000)

# Run progress: 16.38% complete, ETA 00:13:30
# Fork: 1 of 3
WARNING: A terminally deprecated method in sun.misc.Unsafe has been called
WARNING: sun.misc.Unsafe::objectFieldOffset has been called by org.openjdk.jmh.util.Utils (file:/C:/Users/Hareram%20ray/AI/numJ/.tools/jmh/jmh-core-1.37.jar)
WARNING: Please consider reporting this to the maintainers of class org.openjdk.jmh.util.Utils
WARNING: sun.misc.Unsafe::objectFieldOffset will be removed in a future release
# Warmup Iteration   1: 52357625.000 ns/op
# Warmup Iteration   2: 22761833.333 ns/op
# Warmup Iteration   3: 22367722.222 ns/op
# Warmup Iteration   4: 21612500.000 ns/op
# Warmup Iteration   5: 18369827.273 ns/op
Iteration   1: 18891709.091 ns/op
Iteration   2: 18153391.667 ns/op
Iteration   3: 20211070.000 ns/op
Iteration   4: 18795436.364 ns/op
Iteration   5: 17715141.667 ns/op

# Run progress: 16.67% complete, ETA 00:13:29
# Fork: 2 of 3
WARNING: A terminally deprecated method in sun.misc.Unsafe has been called
WARNING: sun.misc.Unsafe::objectFieldOffset has been called by org.openjdk.jmh.util.Utils (file:/C:/Users/Hareram%20ray/AI/numJ/.tools/jmh/jmh-core-1.37.jar)
WARNING: Please consider reporting this to the maintainers of class org.openjdk.jmh.util.Utils
WARNING: sun.misc.Unsafe::objectFieldOffset will be removed in a future release
# Warmup Iteration   1: 44172620.000 ns/op
# Warmup Iteration   2: 24063244.444 ns/op
# Warmup Iteration   3: 21577580.000 ns/op
# Warmup Iteration   4: 21608870.000 ns/op
# Warmup Iteration   5: 21784410.000 ns/op
Iteration   1: 22860155.556 ns/op
Iteration   2: 23172011.111 ns/op
Iteration   3: 24350955.556 ns/op
Iteration   4: 21624160.000 ns/op
Iteration   5: 20308890.000 ns/op

# Run progress: 16.95% complete, ETA 00:13:28
# Fork: 3 of 3
WARNING: A terminally deprecated method in sun.misc.Unsafe has been called
WARNING: sun.misc.Unsafe::objectFieldOffset has been called by org.openjdk.jmh.util.Utils (file:/C:/Users/Hareram%20ray/AI/numJ/.tools/jmh/jmh-core-1.37.jar)
WARNING: Please consider reporting this to the maintainers of class org.openjdk.jmh.util.Utils
WARNING: sun.misc.Unsafe::objectFieldOffset will be removed in a future release
# Warmup Iteration   1: 40680940.000 ns/op
# Warmup Iteration   2: 26338350.000 ns/op
# Warmup Iteration   3: 22336700.000 ns/op
# Warmup Iteration   4: 19541800.000 ns/op
# Warmup Iteration   5: 21044190.000 ns/op
Iteration   1: 18808218.182 ns/op
Iteration   2: 23597490.000 ns/op
Iteration   3: 22838011.111 ns/op
Iteration   4: 17927591.667 ns/op
Iteration   5: 18648836.364 ns/op


Result "numj.ElementwiseBench.numj":
  20526871.222 ±(99.9%) 2484828.500 ns/op [Average]
  (min, avg, max) = (17715141.667, 20526871.222, 24350955.556), stdev = 2324310.121
  CI (99.9%): [18042042.722, 23011699.722] (assumes normal distribution)


# JMH version: 1.37
# VM version: JDK 25.0.4.1, OpenJDK 64-Bit Server VM, 25.0.4.1+1-LTS
# VM invoker: C:\Users\Hareram ray\AI\numJ\.tools\jdk\bin\java.exe
# VM options: --enable-native-access=ALL-UNNAMED --enable-native-access=ALL-UNNAMED -Xms3g -Xmx3g -XX:+AlwaysPreTouch
# Blackhole mode: compiler (auto-detected, use -Djmh.blackhole.autoDetect=false to disable)
# Warmup: 5 iterations, 200 ms each
# Measurement: 5 iterations, 200 ms each
# Timeout: 10 min per iteration
# Threads: 1 thread, will synchronize iterations
# Benchmark mode: Average time, time/op
# Benchmark: numj.ElementwiseBench.numj
# Parameters: (layout = transposed, n = 16)

# Run progress: 17.24% complete, ETA 00:13:27
# Fork: 1 of 3
WARNING: A terminally deprecated method in sun.misc.Unsafe has been called
WARNING: sun.misc.Unsafe::objectFieldOffset has been called by org.openjdk.jmh.util.Utils (file:/C:/Users/Hareram%20ray/AI/numJ/.tools/jmh/jmh-core-1.37.jar)
WARNING: Please consider reporting this to the maintainers of class org.openjdk.jmh.util.Utils
WARNING: sun.misc.Unsafe::objectFieldOffset will be removed in a future release
# Warmup Iteration   1: 282.413 ns/op
# Warmup Iteration   2: 197.462 ns/op
# Warmup Iteration   3: 192.214 ns/op
# Warmup Iteration   4: 201.723 ns/op
# Warmup Iteration   5: 197.163 ns/op
Iteration   1: 201.299 ns/op
Iteration   2: 199.362 ns/op
Iteration   3: 200.159 ns/op
Iteration   4: 194.574 ns/op
Iteration   5: 192.039 ns/op

# Run progress: 17.53% complete, ETA 00:13:23
# Fork: 2 of 3
WARNING: A terminally deprecated method in sun.misc.Unsafe has been called
WARNING: sun.misc.Unsafe::objectFieldOffset has been called by org.openjdk.jmh.util.Utils (file:/C:/Users/Hareram%20ray/AI/numJ/.tools/jmh/jmh-core-1.37.jar)
WARNING: Please consider reporting this to the maintainers of class org.openjdk.jmh.util.Utils
WARNING: sun.misc.Unsafe::objectFieldOffset will be removed in a future release
# Warmup Iteration   1: 277.533 ns/op
# Warmup Iteration   2: 204.683 ns/op
# Warmup Iteration   3: 200.201 ns/op
# Warmup Iteration   4: 205.721 ns/op
# Warmup Iteration   5: 209.117 ns/op
Iteration   1: 196.810 ns/op
Iteration   2: 206.829 ns/op
Iteration   3: 199.456 ns/op
Iteration   4: 204.511 ns/op
Iteration   5: 202.806 ns/op

# Run progress: 17.82% complete, ETA 00:13:20
# Fork: 3 of 3
WARNING: A terminally deprecated method in sun.misc.Unsafe has been called
WARNING: sun.misc.Unsafe::objectFieldOffset has been called by org.openjdk.jmh.util.Utils (file:/C:/Users/Hareram%20ray/AI/numJ/.tools/jmh/jmh-core-1.37.jar)
WARNING: Please consider reporting this to the maintainers of class org.openjdk.jmh.util.Utils
WARNING: sun.misc.Unsafe::objectFieldOffset will be removed in a future release
# Warmup Iteration   1: 265.287 ns/op
# Warmup Iteration   2: 204.524 ns/op
# Warmup Iteration   3: 204.658 ns/op
# Warmup Iteration   4: 207.004 ns/op
# Warmup Iteration   5: 210.994 ns/op
Iteration   1: 205.198 ns/op
Iteration   2: 214.371 ns/op
Iteration   3: 204.486 ns/op
Iteration   4: 208.143 ns/op
Iteration   5: 207.120 ns/op


Result "numj.ElementwiseBench.numj":
  202.477 ±(99.9%) 6.120 ns/op [Average]
  (min, avg, max) = (192.039, 202.477, 214.371), stdev = 5.725
  CI (99.9%): [196.357, 208.598] (assumes normal distribution)


# JMH version: 1.37
# VM version: JDK 25.0.4.1, OpenJDK 64-Bit Server VM, 25.0.4.1+1-LTS
# VM invoker: C:\Users\Hareram ray\AI\numJ\.tools\jdk\bin\java.exe
# VM options: --enable-native-access=ALL-UNNAMED --enable-native-access=ALL-UNNAMED -Xms3g -Xmx3g -XX:+AlwaysPreTouch
# Blackhole mode: compiler (auto-detected, use -Djmh.blackhole.autoDetect=false to disable)
# Warmup: 5 iterations, 200 ms each
# Measurement: 5 iterations, 200 ms each
# Timeout: 10 min per iteration
# Threads: 1 thread, will synchronize iterations
# Benchmark mode: Average time, time/op
# Benchmark: numj.ElementwiseBench.numj
# Parameters: (layout = transposed, n = 1000)

# Run progress: 18.10% complete, ETA 00:13:16
# Fork: 1 of 3
WARNING: A terminally deprecated method in sun.misc.Unsafe has been called
WARNING: sun.misc.Unsafe::objectFieldOffset has been called by org.openjdk.jmh.util.Utils (file:/C:/Users/Hareram%20ray/AI/numJ/.tools/jmh/jmh-core-1.37.jar)
WARNING: Please consider reporting this to the maintainers of class org.openjdk.jmh.util.Utils
WARNING: sun.misc.Unsafe::objectFieldOffset will be removed in a future release
# Warmup Iteration   1: 1804.278 ns/op
# Warmup Iteration   2: 680.398 ns/op
# Warmup Iteration   3: 671.953 ns/op
# Warmup Iteration   4: 688.141 ns/op
# Warmup Iteration   5: 712.892 ns/op
Iteration   1: 689.641 ns/op
Iteration   2: 683.459 ns/op
Iteration   3: 698.725 ns/op
Iteration   4: 682.248 ns/op
Iteration   5: 666.714 ns/op

# Run progress: 18.39% complete, ETA 00:13:13
# Fork: 2 of 3
WARNING: A terminally deprecated method in sun.misc.Unsafe has been called
WARNING: sun.misc.Unsafe::objectFieldOffset has been called by org.openjdk.jmh.util.Utils (file:/C:/Users/Hareram%20ray/AI/numJ/.tools/jmh/jmh-core-1.37.jar)
WARNING: Please consider reporting this to the maintainers of class org.openjdk.jmh.util.Utils
WARNING: sun.misc.Unsafe::objectFieldOffset will be removed in a future release
# Warmup Iteration   1: 2111.682 ns/op
# Warmup Iteration   2: 703.985 ns/op
# Warmup Iteration   3: 680.286 ns/op
# Warmup Iteration   4: 689.607 ns/op
# Warmup Iteration   5: 675.715 ns/op
Iteration   1: 680.448 ns/op
Iteration   2: 701.431 ns/op
Iteration   3: 679.661 ns/op
Iteration   4: 674.125 ns/op
Iteration   5: 672.510 ns/op

# Run progress: 18.68% complete, ETA 00:13:09
# Fork: 3 of 3
WARNING: A terminally deprecated method in sun.misc.Unsafe has been called
WARNING: sun.misc.Unsafe::objectFieldOffset has been called by org.openjdk.jmh.util.Utils (file:/C:/Users/Hareram%20ray/AI/numJ/.tools/jmh/jmh-core-1.37.jar)
WARNING: Please consider reporting this to the maintainers of class org.openjdk.jmh.util.Utils
WARNING: sun.misc.Unsafe::objectFieldOffset will be removed in a future release
# Warmup Iteration   1: 2092.514 ns/op
# Warmup Iteration   2: 693.407 ns/op
# Warmup Iteration   3: 662.487 ns/op
# Warmup Iteration   4: 676.624 ns/op
# Warmup Iteration   5: 675.085 ns/op
Iteration   1: 687.255 ns/op
Iteration   2: 695.433 ns/op
Iteration   3: 681.853 ns/op
Iteration   4: 681.971 ns/op
Iteration   5: 686.348 ns/op


Result "numj.ElementwiseBench.numj":
  684.121 ±(99.9%) 10.186 ns/op [Average]
  (min, avg, max) = (666.714, 684.121, 701.431), stdev = 9.528
  CI (99.9%): [673.935, 694.307] (assumes normal distribution)


# JMH version: 1.37
# VM version: JDK 25.0.4.1, OpenJDK 64-Bit Server VM, 25.0.4.1+1-LTS
# VM invoker: C:\Users\Hareram ray\AI\numJ\.tools\jdk\bin\java.exe
# VM options: --enable-native-access=ALL-UNNAMED --enable-native-access=ALL-UNNAMED -Xms3g -Xmx3g -XX:+AlwaysPreTouch
# Blackhole mode: compiler (auto-detected, use -Djmh.blackhole.autoDetect=false to disable)
# Warmup: 5 iterations, 200 ms each
# Measurement: 5 iterations, 200 ms each
# Timeout: 10 min per iteration
# Threads: 1 thread, will synchronize iterations
# Benchmark mode: Average time, time/op
# Benchmark: numj.ElementwiseBench.numj
# Parameters: (layout = transposed, n = 100000)

# Run progress: 18.97% complete, ETA 00:13:06
# Fork: 1 of 3
WARNING: A terminally deprecated method in sun.misc.Unsafe has been called
WARNING: sun.misc.Unsafe::objectFieldOffset has been called by org.openjdk.jmh.util.Utils (file:/C:/Users/Hareram%20ray/AI/numJ/.tools/jmh/jmh-core-1.37.jar)
WARNING: Please consider reporting this to the maintainers of class org.openjdk.jmh.util.Utils
WARNING: sun.misc.Unsafe::objectFieldOffset will be removed in a future release
# Warmup Iteration   1: 129930.685 ns/op
# Warmup Iteration   2: 73513.272 ns/op
# Warmup Iteration   3: 72489.819 ns/op
# Warmup Iteration   4: 72415.748 ns/op
# Warmup Iteration   5: 71795.401 ns/op
Iteration   1: 71958.995 ns/op
Iteration   2: 87335.727 ns/op
Iteration   3: 72100.718 ns/op
Iteration   4: 74931.455 ns/op
Iteration   5: 70774.763 ns/op

# Run progress: 19.25% complete, ETA 00:13:02
# Fork: 2 of 3
WARNING: A terminally deprecated method in sun.misc.Unsafe has been called
WARNING: sun.misc.Unsafe::objectFieldOffset has been called by org.openjdk.jmh.util.Utils (file:/C:/Users/Hareram%20ray/AI/numJ/.tools/jmh/jmh-core-1.37.jar)
WARNING: Please consider reporting this to the maintainers of class org.openjdk.jmh.util.Utils
WARNING: sun.misc.Unsafe::objectFieldOffset will be removed in a future release
# Warmup Iteration   1: 118391.175 ns/op
# Warmup Iteration   2: 68577.426 ns/op
# Warmup Iteration   3: 67152.427 ns/op
# Warmup Iteration   4: 68701.502 ns/op
# Warmup Iteration   5: 64770.416 ns/op
Iteration   1: 64199.269 ns/op
Iteration   2: 64124.042 ns/op
Iteration   3: 65671.205 ns/op
Iteration   4: 65567.559 ns/op
Iteration   5: 66145.130 ns/op

# Run progress: 19.54% complete, ETA 00:12:59
# Fork: 3 of 3
WARNING: A terminally deprecated method in sun.misc.Unsafe has been called
WARNING: sun.misc.Unsafe::objectFieldOffset has been called by org.openjdk.jmh.util.Utils (file:/C:/Users/Hareram%20ray/AI/numJ/.tools/jmh/jmh-core-1.37.jar)
WARNING: Please consider reporting this to the maintainers of class org.openjdk.jmh.util.Utils
WARNING: sun.misc.Unsafe::objectFieldOffset will be removed in a future release
# Warmup Iteration   1: 128102.034 ns/op
# Warmup Iteration   2: 68807.273 ns/op
# Warmup Iteration   3: 67411.636 ns/op
# Warmup Iteration   4: 66305.104 ns/op
# Warmup Iteration   5: 66836.545 ns/op
Iteration   1: 66807.379 ns/op
Iteration   2: 66405.546 ns/op
Iteration   3: 64241.501 ns/op
Iteration   4: 65661.523 ns/op
Iteration   5: 66755.607 ns/op


Result "numj.ElementwiseBench.numj":
  68845.361 ±(99.9%) 6520.029 ns/op [Average]
  (min, avg, max) = (64124.042, 68845.361, 87335.727), stdev = 6098.840
  CI (99.9%): [62325.332, 75365.391] (assumes normal distribution)


# JMH version: 1.37
# VM version: JDK 25.0.4.1, OpenJDK 64-Bit Server VM, 25.0.4.1+1-LTS
# VM invoker: C:\Users\Hareram ray\AI\numJ\.tools\jdk\bin\java.exe
# VM options: --enable-native-access=ALL-UNNAMED --enable-native-access=ALL-UNNAMED -Xms3g -Xmx3g -XX:+AlwaysPreTouch
# Blackhole mode: compiler (auto-detected, use -Djmh.blackhole.autoDetect=false to disable)
# Warmup: 5 iterations, 200 ms each
# Measurement: 5 iterations, 200 ms each
# Timeout: 10 min per iteration
# Threads: 1 thread, will synchronize iterations
# Benchmark mode: Average time, time/op
# Benchmark: numj.ElementwiseBench.numj
# Parameters: (layout = transposed, n = 10000000)

# Run progress: 19.83% complete, ETA 00:12:56
# Fork: 1 of 3
WARNING: A terminally deprecated method in sun.misc.Unsafe has been called
WARNING: sun.misc.Unsafe::objectFieldOffset has been called by org.openjdk.jmh.util.Utils (file:/C:/Users/Hareram%20ray/AI/numJ/.tools/jmh/jmh-core-1.37.jar)
WARNING: Please consider reporting this to the maintainers of class org.openjdk.jmh.util.Utils
WARNING: sun.misc.Unsafe::objectFieldOffset will be removed in a future release
# Warmup Iteration   1: 203944100.000 ns/op
# Warmup Iteration   2: 126248300.000 ns/op
# Warmup Iteration   3: 135757250.000 ns/op
# Warmup Iteration   4: 126699200.000 ns/op
# Warmup Iteration   5: 134778450.000 ns/op
Iteration   1: 127299200.000 ns/op
Iteration   2: 131200850.000 ns/op
Iteration   3: 123590550.000 ns/op
Iteration   4: 127307550.000 ns/op
Iteration   5: 126923600.000 ns/op

# Run progress: 20.11% complete, ETA 00:12:55
# Fork: 2 of 3
WARNING: A terminally deprecated method in sun.misc.Unsafe has been called
WARNING: sun.misc.Unsafe::objectFieldOffset has been called by org.openjdk.jmh.util.Utils (file:/C:/Users/Hareram%20ray/AI/numJ/.tools/jmh/jmh-core-1.37.jar)
WARNING: Please consider reporting this to the maintainers of class org.openjdk.jmh.util.Utils
WARNING: sun.misc.Unsafe::objectFieldOffset will be removed in a future release
# Warmup Iteration   1: 206452900.000 ns/op
# Warmup Iteration   2: 122374100.000 ns/op
# Warmup Iteration   3: 135647350.000 ns/op
# Warmup Iteration   4: 128182700.000 ns/op
# Warmup Iteration   5: 124589350.000 ns/op
Iteration   1: 118282800.000 ns/op
Iteration   2: 120162000.000 ns/op
Iteration   3: 119740700.000 ns/op
Iteration   4: 126191400.000 ns/op
Iteration   5: 129144850.000 ns/op

# Run progress: 20.40% complete, ETA 00:12:54
# Fork: 3 of 3
WARNING: A terminally deprecated method in sun.misc.Unsafe has been called
WARNING: sun.misc.Unsafe::objectFieldOffset has been called by org.openjdk.jmh.util.Utils (file:/C:/Users/Hareram%20ray/AI/numJ/.tools/jmh/jmh-core-1.37.jar)
WARNING: Please consider reporting this to the maintainers of class org.openjdk.jmh.util.Utils
WARNING: sun.misc.Unsafe::objectFieldOffset will be removed in a future release
# Warmup Iteration   1: 205819500.000 ns/op
# Warmup Iteration   2: 124769550.000 ns/op
# Warmup Iteration   3: 124958100.000 ns/op
# Warmup Iteration   4: 124262000.000 ns/op
# Warmup Iteration   5: 126013050.000 ns/op
Iteration   1: 129916150.000 ns/op
Iteration   2: 121763800.000 ns/op
Iteration   3: 118911950.000 ns/op
Iteration   4: 121721950.000 ns/op
Iteration   5: 121155900.000 ns/op


Result "numj.ElementwiseBench.numj":
  124220883.333 ±(99.9%) 4586276.933 ns/op [Average]
  (min, avg, max) = (118282800.000, 124220883.333, 131200850.000), stdev = 4290006.289
  CI (99.9%): [119634606.401, 128807160.266] (assumes normal distribution)


# JMH version: 1.37
# VM version: JDK 25.0.4.1, OpenJDK 64-Bit Server VM, 25.0.4.1+1-LTS
# VM invoker: C:\Users\Hareram ray\AI\numJ\.tools\jdk\bin\java.exe
# VM options: --enable-native-access=ALL-UNNAMED --enable-native-access=ALL-UNNAMED -Xms3g -Xmx3g -XX:+AlwaysPreTouch
# Blackhole mode: compiler (auto-detected, use -Djmh.blackhole.autoDetect=false to disable)
# Warmup: 5 iterations, 200 ms each
# Measurement: 5 iterations, 200 ms each
# Timeout: 10 min per iteration
# Threads: 1 thread, will synchronize iterations
# Benchmark mode: Average time, time/op
# Benchmark: numj.ElementwiseBench.numj
# Parameters: (layout = stepped, n = 16)

# Run progress: 20.69% complete, ETA 00:12:53
# Fork: 1 of 3
WARNING: A terminally deprecated method in sun.misc.Unsafe has been called
WARNING: sun.misc.Unsafe::objectFieldOffset has been called by org.openjdk.jmh.util.Utils (file:/C:/Users/Hareram%20ray/AI/numJ/.tools/jmh/jmh-core-1.37.jar)
WARNING: Please consider reporting this to the maintainers of class org.openjdk.jmh.util.Utils
WARNING: sun.misc.Unsafe::objectFieldOffset will be removed in a future release
# Warmup Iteration   1: 176.343 ns/op
# Warmup Iteration   2: 135.420 ns/op
# Warmup Iteration   3: 140.534 ns/op
# Warmup Iteration   4: 137.234 ns/op
# Warmup Iteration   5: 139.774 ns/op
Iteration   1: 135.616 ns/op
Iteration   2: 135.504 ns/op
Iteration   3: 137.309 ns/op
Iteration   4: 138.837 ns/op
Iteration   5: 140.383 ns/op

# Run progress: 20.98% complete, ETA 00:12:49
# Fork: 2 of 3
WARNING: A terminally deprecated method in sun.misc.Unsafe has been called
WARNING: sun.misc.Unsafe::objectFieldOffset has been called by org.openjdk.jmh.util.Utils (file:/C:/Users/Hareram%20ray/AI/numJ/.tools/jmh/jmh-core-1.37.jar)
WARNING: Please consider reporting this to the maintainers of class org.openjdk.jmh.util.Utils
WARNING: sun.misc.Unsafe::objectFieldOffset will be removed in a future release
# Warmup Iteration   1: 182.388 ns/op
# Warmup Iteration   2: 145.229 ns/op
# Warmup Iteration   3: 137.452 ns/op
# Warmup Iteration   4: 139.931 ns/op
# Warmup Iteration   5: 140.138 ns/op
Iteration   1: 143.829 ns/op
Iteration   2: 140.165 ns/op
Iteration   3: 139.276 ns/op
Iteration   4: 141.687 ns/op
Iteration   5: 139.967 ns/op

# Run progress: 21.26% complete, ETA 00:12:46
# Fork: 3 of 3
WARNING: A terminally deprecated method in sun.misc.Unsafe has been called
WARNING: sun.misc.Unsafe::objectFieldOffset has been called by org.openjdk.jmh.util.Utils (file:/C:/Users/Hareram%20ray/AI/numJ/.tools/jmh/jmh-core-1.37.jar)
WARNING: Please consider reporting this to the maintainers of class org.openjdk.jmh.util.Utils
WARNING: sun.misc.Unsafe::objectFieldOffset will be removed in a future release
# Warmup Iteration   1: 176.324 ns/op
# Warmup Iteration   2: 143.517 ns/op
# Warmup Iteration   3: 142.635 ns/op
# Warmup Iteration   4: 139.610 ns/op
# Warmup Iteration   5: 137.768 ns/op
Iteration   1: 140.584 ns/op
Iteration   2: 138.734 ns/op
Iteration   3: 142.397 ns/op
Iteration   4: 141.829 ns/op
Iteration   5: 141.632 ns/op


Result "numj.ElementwiseBench.numj":
  139.850 ±(99.9%) 2.549 ns/op [Average]
  (min, avg, max) = (135.504, 139.850, 143.829), stdev = 2.384
  CI (99.9%): [137.301, 142.399] (assumes normal distribution)


# JMH version: 1.37
# VM version: JDK 25.0.4.1, OpenJDK 64-Bit Server VM, 25.0.4.1+1-LTS
# VM invoker: C:\Users\Hareram ray\AI\numJ\.tools\jdk\bin\java.exe
# VM options: --enable-native-access=ALL-UNNAMED --enable-native-access=ALL-UNNAMED -Xms3g -Xmx3g -XX:+AlwaysPreTouch
# Blackhole mode: compiler (auto-detected, use -Djmh.blackhole.autoDetect=false to disable)
# Warmup: 5 iterations, 200 ms each
# Measurement: 5 iterations, 200 ms each
# Timeout: 10 min per iteration
# Threads: 1 thread, will synchronize iterations
# Benchmark mode: Average time, time/op
# Benchmark: numj.ElementwiseBench.numj
# Parameters: (layout = stepped, n = 1000)

# Run progress: 21.55% complete, ETA 00:12:42
# Fork: 1 of 3
WARNING: A terminally deprecated method in sun.misc.Unsafe has been called
WARNING: sun.misc.Unsafe::objectFieldOffset has been called by org.openjdk.jmh.util.Utils (file:/C:/Users/Hareram%20ray/AI/numJ/.tools/jmh/jmh-core-1.37.jar)
WARNING: Please consider reporting this to the maintainers of class org.openjdk.jmh.util.Utils
WARNING: sun.misc.Unsafe::objectFieldOffset will be removed in a future release
# Warmup Iteration   1: 1572.284 ns/op
# Warmup Iteration   2: 544.988 ns/op
# Warmup Iteration   3: 533.224 ns/op
# Warmup Iteration   4: 537.275 ns/op
# Warmup Iteration   5: 538.498 ns/op
Iteration   1: 529.725 ns/op
Iteration   2: 526.873 ns/op
Iteration   3: 536.879 ns/op
Iteration   4: 546.361 ns/op
Iteration   5: 529.406 ns/op

# Run progress: 21.84% complete, ETA 00:12:39
# Fork: 2 of 3
WARNING: A terminally deprecated method in sun.misc.Unsafe has been called
WARNING: sun.misc.Unsafe::objectFieldOffset has been called by org.openjdk.jmh.util.Utils (file:/C:/Users/Hareram%20ray/AI/numJ/.tools/jmh/jmh-core-1.37.jar)
WARNING: Please consider reporting this to the maintainers of class org.openjdk.jmh.util.Utils
WARNING: sun.misc.Unsafe::objectFieldOffset will be removed in a future release
# Warmup Iteration   1: 1246.064 ns/op
# Warmup Iteration   2: 539.218 ns/op
# Warmup Iteration   3: 527.166 ns/op
# Warmup Iteration   4: 522.160 ns/op
# Warmup Iteration   5: 526.638 ns/op
Iteration   1: 535.503 ns/op
Iteration   2: 537.888 ns/op
Iteration   3: 532.551 ns/op
Iteration   4: 530.469 ns/op
Iteration   5: 557.029 ns/op

# Run progress: 22.13% complete, ETA 00:12:35
# Fork: 3 of 3
WARNING: A terminally deprecated method in sun.misc.Unsafe has been called
WARNING: sun.misc.Unsafe::objectFieldOffset has been called by org.openjdk.jmh.util.Utils (file:/C:/Users/Hareram%20ray/AI/numJ/.tools/jmh/jmh-core-1.37.jar)
WARNING: Please consider reporting this to the maintainers of class org.openjdk.jmh.util.Utils
WARNING: sun.misc.Unsafe::objectFieldOffset will be removed in a future release
# Warmup Iteration   1: 1380.895 ns/op
# Warmup Iteration   2: 548.622 ns/op
# Warmup Iteration   3: 536.207 ns/op
# Warmup Iteration   4: 545.350 ns/op
# Warmup Iteration   5: 544.925 ns/op
Iteration   1: 542.437 ns/op
Iteration   2: 537.453 ns/op
Iteration   3: 559.427 ns/op
Iteration   4: 583.858 ns/op
Iteration   5: 553.720 ns/op


Result "numj.ElementwiseBench.numj":
  542.639 ±(99.9%) 16.409 ns/op [Average]
  (min, avg, max) = (526.873, 542.639, 583.858), stdev = 15.349
  CI (99.9%): [526.229, 559.048] (assumes normal distribution)


# JMH version: 1.37
# VM version: JDK 25.0.4.1, OpenJDK 64-Bit Server VM, 25.0.4.1+1-LTS
# VM invoker: C:\Users\Hareram ray\AI\numJ\.tools\jdk\bin\java.exe
# VM options: --enable-native-access=ALL-UNNAMED --enable-native-access=ALL-UNNAMED -Xms3g -Xmx3g -XX:+AlwaysPreTouch
# Blackhole mode: compiler (auto-detected, use -Djmh.blackhole.autoDetect=false to disable)
# Warmup: 5 iterations, 200 ms each
# Measurement: 5 iterations, 200 ms each
# Timeout: 10 min per iteration
# Threads: 1 thread, will synchronize iterations
# Benchmark mode: Average time, time/op
# Benchmark: numj.ElementwiseBench.numj
# Parameters: (layout = stepped, n = 100000)

# Run progress: 22.41% complete, ETA 00:12:32
# Fork: 1 of 3
WARNING: A terminally deprecated method in sun.misc.Unsafe has been called
WARNING: sun.misc.Unsafe::objectFieldOffset has been called by org.openjdk.jmh.util.Utils (file:/C:/Users/Hareram%20ray/AI/numJ/.tools/jmh/jmh-core-1.37.jar)
WARNING: Please consider reporting this to the maintainers of class org.openjdk.jmh.util.Utils
WARNING: sun.misc.Unsafe::objectFieldOffset will be removed in a future release
# Warmup Iteration   1: 129804.829 ns/op
# Warmup Iteration   2: 75563.003 ns/op
# Warmup Iteration   3: 71812.938 ns/op
# Warmup Iteration   4: 69295.071 ns/op
# Warmup Iteration   5: 68184.832 ns/op
Iteration   1: 67085.107 ns/op
Iteration   2: 70120.579 ns/op
Iteration   3: 65800.000 ns/op
Iteration   4: 66066.939 ns/op
Iteration   5: 70297.612 ns/op

# Run progress: 22.70% complete, ETA 00:12:29
# Fork: 2 of 3
WARNING: A terminally deprecated method in sun.misc.Unsafe has been called
WARNING: sun.misc.Unsafe::objectFieldOffset has been called by org.openjdk.jmh.util.Utils (file:/C:/Users/Hareram%20ray/AI/numJ/.tools/jmh/jmh-core-1.37.jar)
WARNING: Please consider reporting this to the maintainers of class org.openjdk.jmh.util.Utils
WARNING: sun.misc.Unsafe::objectFieldOffset will be removed in a future release
# Warmup Iteration   1: 132105.588 ns/op
# Warmup Iteration   2: 71304.436 ns/op
# Warmup Iteration   3: 65064.325 ns/op
# Warmup Iteration   4: 65065.484 ns/op
# Warmup Iteration   5: 66562.467 ns/op
Iteration   1: 64666.516 ns/op
Iteration   2: 66968.451 ns/op
Iteration   3: 63242.268 ns/op
Iteration   4: 63191.014 ns/op
Iteration   5: 62868.697 ns/op

# Run progress: 22.99% complete, ETA 00:12:25
# Fork: 3 of 3
WARNING: A terminally deprecated method in sun.misc.Unsafe has been called
WARNING: sun.misc.Unsafe::objectFieldOffset has been called by org.openjdk.jmh.util.Utils (file:/C:/Users/Hareram%20ray/AI/numJ/.tools/jmh/jmh-core-1.37.jar)
WARNING: Please consider reporting this to the maintainers of class org.openjdk.jmh.util.Utils
WARNING: sun.misc.Unsafe::objectFieldOffset will be removed in a future release
# Warmup Iteration   1: 136972.203 ns/op
# Warmup Iteration   2: 76088.066 ns/op
# Warmup Iteration   3: 73882.892 ns/op
# Warmup Iteration   4: 75823.176 ns/op
# Warmup Iteration   5: 72165.504 ns/op
Iteration   1: 71380.198 ns/op
Iteration   2: 72712.713 ns/op
Iteration   3: 71514.621 ns/op
Iteration   4: 73940.934 ns/op
Iteration   5: 70602.729 ns/op


Result "numj.ElementwiseBench.numj":
  68030.559 ±(99.9%) 3953.887 ns/op [Average]
  (min, avg, max) = (62868.697, 68030.559, 73940.934), stdev = 3698.468
  CI (99.9%): [64076.672, 71984.445] (assumes normal distribution)


# JMH version: 1.37
# VM version: JDK 25.0.4.1, OpenJDK 64-Bit Server VM, 25.0.4.1+1-LTS
# VM invoker: C:\Users\Hareram ray\AI\numJ\.tools\jdk\bin\java.exe
# VM options: --enable-native-access=ALL-UNNAMED --enable-native-access=ALL-UNNAMED -Xms3g -Xmx3g -XX:+AlwaysPreTouch
# Blackhole mode: compiler (auto-detected, use -Djmh.blackhole.autoDetect=false to disable)
# Warmup: 5 iterations, 200 ms each
# Measurement: 5 iterations, 200 ms each
# Timeout: 10 min per iteration
# Threads: 1 thread, will synchronize iterations
# Benchmark mode: Average time, time/op
# Benchmark: numj.ElementwiseBench.numj
# Parameters: (layout = stepped, n = 10000000)

# Run progress: 23.28% complete, ETA 00:12:22
# Fork: 1 of 3
WARNING: A terminally deprecated method in sun.misc.Unsafe has been called
WARNING: sun.misc.Unsafe::objectFieldOffset has been called by org.openjdk.jmh.util.Utils (file:/C:/Users/Hareram%20ray/AI/numJ/.tools/jmh/jmh-core-1.37.jar)
WARNING: Please consider reporting this to the maintainers of class org.openjdk.jmh.util.Utils
WARNING: sun.misc.Unsafe::objectFieldOffset will be removed in a future release
# Warmup Iteration   1: 51344875.000 ns/op
# Warmup Iteration   2: 27349337.500 ns/op
# Warmup Iteration   3: 27007575.000 ns/op
# Warmup Iteration   4: 27701325.000 ns/op
# Warmup Iteration   5: 26970137.500 ns/op
Iteration   1: 25830362.500 ns/op
Iteration   2: 25892600.000 ns/op
Iteration   3: 26656087.500 ns/op
Iteration   4: 25669912.500 ns/op
Iteration   5: 25928375.000 ns/op

# Run progress: 23.56% complete, ETA 00:12:20
# Fork: 2 of 3
WARNING: A terminally deprecated method in sun.misc.Unsafe has been called
WARNING: sun.misc.Unsafe::objectFieldOffset has been called by org.openjdk.jmh.util.Utils (file:/C:/Users/Hareram%20ray/AI/numJ/.tools/jmh/jmh-core-1.37.jar)
WARNING: Please consider reporting this to the maintainers of class org.openjdk.jmh.util.Utils
WARNING: sun.misc.Unsafe::objectFieldOffset will be removed in a future release
# Warmup Iteration   1: 51272625.000 ns/op
# Warmup Iteration   2: 26351150.000 ns/op
# Warmup Iteration   3: 29517014.286 ns/op
# Warmup Iteration   4: 28688400.000 ns/op
# Warmup Iteration   5: 26655275.000 ns/op
Iteration   1: 27563962.500 ns/op
Iteration   2: 26262675.000 ns/op
Iteration   3: 27191112.500 ns/op
Iteration   4: 27826887.500 ns/op
Iteration   5: 28463337.500 ns/op

# Run progress: 23.85% complete, ETA 00:12:18
# Fork: 3 of 3
WARNING: A terminally deprecated method in sun.misc.Unsafe has been called
WARNING: sun.misc.Unsafe::objectFieldOffset has been called by org.openjdk.jmh.util.Utils (file:/C:/Users/Hareram%20ray/AI/numJ/.tools/jmh/jmh-core-1.37.jar)
WARNING: Please consider reporting this to the maintainers of class org.openjdk.jmh.util.Utils
WARNING: sun.misc.Unsafe::objectFieldOffset will be removed in a future release
# Warmup Iteration   1: 52362675.000 ns/op
# Warmup Iteration   2: 26952037.500 ns/op
# Warmup Iteration   3: 27750550.000 ns/op
# Warmup Iteration   4: 27319800.000 ns/op
# Warmup Iteration   5: 27905412.500 ns/op
Iteration   1: 35014971.429 ns/op
Iteration   2: 48310640.000 ns/op
Iteration   3: 42554020.000 ns/op
Iteration   4: 31579714.286 ns/op
Iteration   5: 26880200.000 ns/op


Result "numj.ElementwiseBench.numj":
  30108323.881 ±(99.9%) 7260438.560 ns/op [Average]
  (min, avg, max) = (25669912.500, 30108323.881, 48310640.000), stdev = 6791418.734
  CI (99.9%): [22847885.321, 37368762.441] (assumes normal distribution)


# JMH version: 1.37
# VM version: JDK 25.0.4.1, OpenJDK 64-Bit Server VM, 25.0.4.1+1-LTS
# VM invoker: C:\Users\Hareram ray\AI\numJ\.tools\jdk\bin\java.exe
# VM options: --enable-native-access=ALL-UNNAMED --enable-native-access=ALL-UNNAMED -Xms3g -Xmx3g -XX:+AlwaysPreTouch
# Blackhole mode: compiler (auto-detected, use -Djmh.blackhole.autoDetect=false to disable)
# Warmup: 5 iterations, 200 ms each
# Measurement: 5 iterations, 200 ms each
# Timeout: 10 min per iteration
# Threads: 1 thread, will synchronize iterations
# Benchmark mode: Average time, time/op
# Benchmark: numj.ElementwiseBench.numj
# Parameters: (layout = bcast, n = 16)

# Run progress: 24.14% complete, ETA 00:12:16
# Fork: 1 of 3
WARNING: A terminally deprecated method in sun.misc.Unsafe has been called
WARNING: sun.misc.Unsafe::objectFieldOffset has been called by org.openjdk.jmh.util.Utils (file:/C:/Users/Hareram%20ray/AI/numJ/.tools/jmh/jmh-core-1.37.jar)
WARNING: Please consider reporting this to the maintainers of class org.openjdk.jmh.util.Utils
WARNING: sun.misc.Unsafe::objectFieldOffset will be removed in a future release
# Warmup Iteration   1: 321.287 ns/op
# Warmup Iteration   2: 208.640 ns/op
# Warmup Iteration   3: 200.504 ns/op
# Warmup Iteration   4: 203.837 ns/op
# Warmup Iteration   5: 202.017 ns/op
Iteration   1: 205.150 ns/op
Iteration   2: 209.885 ns/op
Iteration   3: 202.882 ns/op
Iteration   4: 200.846 ns/op
Iteration   5: 209.091 ns/op

# Run progress: 24.43% complete, ETA 00:12:13
# Fork: 2 of 3
WARNING: A terminally deprecated method in sun.misc.Unsafe has been called
WARNING: sun.misc.Unsafe::objectFieldOffset has been called by org.openjdk.jmh.util.Utils (file:/C:/Users/Hareram%20ray/AI/numJ/.tools/jmh/jmh-core-1.37.jar)
WARNING: Please consider reporting this to the maintainers of class org.openjdk.jmh.util.Utils
WARNING: sun.misc.Unsafe::objectFieldOffset will be removed in a future release
# Warmup Iteration   1: 262.639 ns/op
# Warmup Iteration   2: 207.329 ns/op
# Warmup Iteration   3: 210.747 ns/op
# Warmup Iteration   4: 206.561 ns/op
# Warmup Iteration   5: 204.960 ns/op
Iteration   1: 204.815 ns/op
Iteration   2: 212.669 ns/op
Iteration   3: 205.596 ns/op
Iteration   4: 206.684 ns/op
Iteration   5: 202.228 ns/op

# Run progress: 24.71% complete, ETA 00:12:10
# Fork: 3 of 3
WARNING: A terminally deprecated method in sun.misc.Unsafe has been called
WARNING: sun.misc.Unsafe::objectFieldOffset has been called by org.openjdk.jmh.util.Utils (file:/C:/Users/Hareram%20ray/AI/numJ/.tools/jmh/jmh-core-1.37.jar)
WARNING: Please consider reporting this to the maintainers of class org.openjdk.jmh.util.Utils
WARNING: sun.misc.Unsafe::objectFieldOffset will be removed in a future release
# Warmup Iteration   1: 286.794 ns/op
# Warmup Iteration   2: 210.561 ns/op
# Warmup Iteration   3: 205.743 ns/op
# Warmup Iteration   4: 206.420 ns/op
# Warmup Iteration   5: 210.122 ns/op
Iteration   1: 205.465 ns/op
Iteration   2: 208.728 ns/op
Iteration   3: 212.977 ns/op
Iteration   4: 215.190 ns/op
Iteration   5: 217.641 ns/op


Result "numj.ElementwiseBench.numj":
  207.990 ±(99.9%) 5.263 ns/op [Average]
  (min, avg, max) = (200.846, 207.990, 217.641), stdev = 4.923
  CI (99.9%): [202.726, 213.253] (assumes normal distribution)


# JMH version: 1.37
# VM version: JDK 25.0.4.1, OpenJDK 64-Bit Server VM, 25.0.4.1+1-LTS
# VM invoker: C:\Users\Hareram ray\AI\numJ\.tools\jdk\bin\java.exe
# VM options: --enable-native-access=ALL-UNNAMED --enable-native-access=ALL-UNNAMED -Xms3g -Xmx3g -XX:+AlwaysPreTouch
# Blackhole mode: compiler (auto-detected, use -Djmh.blackhole.autoDetect=false to disable)
# Warmup: 5 iterations, 200 ms each
# Measurement: 5 iterations, 200 ms each
# Timeout: 10 min per iteration
# Threads: 1 thread, will synchronize iterations
# Benchmark mode: Average time, time/op
# Benchmark: numj.ElementwiseBench.numj
# Parameters: (layout = bcast, n = 1000)

# Run progress: 25.00% complete, ETA 00:12:07
# Fork: 1 of 3
WARNING: A terminally deprecated method in sun.misc.Unsafe has been called
WARNING: sun.misc.Unsafe::objectFieldOffset has been called by org.openjdk.jmh.util.Utils (file:/C:/Users/Hareram%20ray/AI/numJ/.tools/jmh/jmh-core-1.37.jar)
WARNING: Please consider reporting this to the maintainers of class org.openjdk.jmh.util.Utils
WARNING: sun.misc.Unsafe::objectFieldOffset will be removed in a future release
# Warmup Iteration   1: 3148.922 ns/op
# Warmup Iteration   2: 505.048 ns/op
# Warmup Iteration   3: 464.471 ns/op
# Warmup Iteration   4: 434.567 ns/op
# Warmup Iteration   5: 444.757 ns/op
Iteration   1: 482.797 ns/op
Iteration   2: 466.313 ns/op
Iteration   3: 456.422 ns/op
Iteration   4: 459.878 ns/op
Iteration   5: 443.917 ns/op

# Run progress: 25.29% complete, ETA 00:12:04
# Fork: 2 of 3
WARNING: A terminally deprecated method in sun.misc.Unsafe has been called
WARNING: sun.misc.Unsafe::objectFieldOffset has been called by org.openjdk.jmh.util.Utils (file:/C:/Users/Hareram%20ray/AI/numJ/.tools/jmh/jmh-core-1.37.jar)
WARNING: Please consider reporting this to the maintainers of class org.openjdk.jmh.util.Utils
WARNING: sun.misc.Unsafe::objectFieldOffset will be removed in a future release
# Warmup Iteration   1: 8420600.000 ns/op
# Warmup Iteration   2: 1250.046 ns/op
# Warmup Iteration   3: 441.835 ns/op
# Warmup Iteration   4: 454.970 ns/op
# Warmup Iteration   5: 454.606 ns/op
Iteration   1: 433.736 ns/op
Iteration   2: 474.434 ns/op
Iteration   3: 458.786 ns/op
Iteration   4: 484.499 ns/op
Iteration   5: 455.712 ns/op

# Run progress: 25.57% complete, ETA 00:12:00
# Fork: 3 of 3
WARNING: A terminally deprecated method in sun.misc.Unsafe has been called
WARNING: sun.misc.Unsafe::objectFieldOffset has been called by org.openjdk.jmh.util.Utils (file:/C:/Users/Hareram%20ray/AI/numJ/.tools/jmh/jmh-core-1.37.jar)
WARNING: Please consider reporting this to the maintainers of class org.openjdk.jmh.util.Utils
WARNING: sun.misc.Unsafe::objectFieldOffset will be removed in a future release
# Warmup Iteration   1: 2059.737 ns/op
# Warmup Iteration   2: 456.097 ns/op
# Warmup Iteration   3: 440.977 ns/op
# Warmup Iteration   4: 439.950 ns/op
# Warmup Iteration   5: 544.012 ns/op
Iteration   1: 513.233 ns/op
Iteration   2: 458.681 ns/op
Iteration   3: 454.225 ns/op
Iteration   4: 448.577 ns/op
Iteration   5: 444.571 ns/op


Result "numj.ElementwiseBench.numj":
  462.385 ±(99.9%) 21.192 ns/op [Average]
  (min, avg, max) = (433.736, 462.385, 513.233), stdev = 19.823
  CI (99.9%): [441.194, 483.577] (assumes normal distribution)


# JMH version: 1.37
# VM version: JDK 25.0.4.1, OpenJDK 64-Bit Server VM, 25.0.4.1+1-LTS
# VM invoker: C:\Users\Hareram ray\AI\numJ\.tools\jdk\bin\java.exe
# VM options: --enable-native-access=ALL-UNNAMED --enable-native-access=ALL-UNNAMED -Xms3g -Xmx3g -XX:+AlwaysPreTouch
# Blackhole mode: compiler (auto-detected, use -Djmh.blackhole.autoDetect=false to disable)
# Warmup: 5 iterations, 200 ms each
# Measurement: 5 iterations, 200 ms each
# Timeout: 10 min per iteration
# Threads: 1 thread, will synchronize iterations
# Benchmark mode: Average time, time/op
# Benchmark: numj.ElementwiseBench.numj
# Parameters: (layout = bcast, n = 100000)

# Run progress: 25.86% complete, ETA 00:11:57
# Fork: 1 of 3
WARNING: A terminally deprecated method in sun.misc.Unsafe has been called
WARNING: sun.misc.Unsafe::objectFieldOffset has been called by org.openjdk.jmh.util.Utils (file:/C:/Users/Hareram%20ray/AI/numJ/.tools/jmh/jmh-core-1.37.jar)
WARNING: Please consider reporting this to the maintainers of class org.openjdk.jmh.util.Utils
WARNING: sun.misc.Unsafe::objectFieldOffset will be removed in a future release
# Warmup Iteration   1: 272052200.000 ns/op
# Warmup Iteration   2: 37598.893 ns/op
# Warmup Iteration   3: 47133.271 ns/op
# Warmup Iteration   4: 38311.285 ns/op
# Warmup Iteration   5: 25373.735 ns/op
Iteration   1: 25131.386 ns/op
Iteration   2: 25783.611 ns/op
Iteration   3: 24386.304 ns/op
Iteration   4: 24766.926 ns/op
Iteration   5: 24782.792 ns/op

# Run progress: 26.15% complete, ETA 00:11:55
# Fork: 2 of 3
WARNING: A terminally deprecated method in sun.misc.Unsafe has been called
WARNING: sun.misc.Unsafe::objectFieldOffset has been called by org.openjdk.jmh.util.Utils (file:/C:/Users/Hareram%20ray/AI/numJ/.tools/jmh/jmh-core-1.37.jar)
WARNING: Please consider reporting this to the maintainers of class org.openjdk.jmh.util.Utils
WARNING: sun.misc.Unsafe::objectFieldOffset will be removed in a future release
# Warmup Iteration   1: 213662.105 ns/op
# Warmup Iteration   2: 35671.373 ns/op
# Warmup Iteration   3: 59796.189 ns/op
# Warmup Iteration   4: 26030.884 ns/op
# Warmup Iteration   5: 24406.891 ns/op
Iteration   1: 36374.294 ns/op
Iteration   2: 65429.055 ns/op
Iteration   3: 61063.722 ns/op
Iteration   4: 42244.994 ns/op
Iteration   5: 112381.544 ns/op

# Run progress: 26.44% complete, ETA 00:11:53
# Fork: 3 of 3
WARNING: A terminally deprecated method in sun.misc.Unsafe has been called
WARNING: sun.misc.Unsafe::objectFieldOffset has been called by org.openjdk.jmh.util.Utils (file:/C:/Users/Hareram%20ray/AI/numJ/.tools/jmh/jmh-core-1.37.jar)
WARNING: Please consider reporting this to the maintainers of class org.openjdk.jmh.util.Utils
WARNING: sun.misc.Unsafe::objectFieldOffset will be removed in a future release
# Warmup Iteration   1: 152096.327 ns/op
# Warmup Iteration   2: 32171.844 ns/op
# Warmup Iteration   3: 67093.414 ns/op
# Warmup Iteration   4: 50165.092 ns/op
# Warmup Iteration   5: 45059.919 ns/op
Iteration   1: 26018.406 ns/op
Iteration   2: 26080.203 ns/op
Iteration   3: 26145.344 ns/op
Iteration   4: 33675.189 ns/op
Iteration   5: 32071.695 ns/op


Result "numj.ElementwiseBench.numj":
  39089.031 ±(99.9%) 25793.559 ns/op [Average]
  (min, avg, max) = (24386.304, 39089.031, 112381.544), stdev = 24127.311
  CI (99.9%): [13295.472, 64882.590] (assumes normal distribution)


# JMH version: 1.37
# VM version: JDK 25.0.4.1, OpenJDK 64-Bit Server VM, 25.0.4.1+1-LTS
# VM invoker: C:\Users\Hareram ray\AI\numJ\.tools\jdk\bin\java.exe
# VM options: --enable-native-access=ALL-UNNAMED --enable-native-access=ALL-UNNAMED -Xms3g -Xmx3g -XX:+AlwaysPreTouch
# Blackhole mode: compiler (auto-detected, use -Djmh.blackhole.autoDetect=false to disable)
# Warmup: 5 iterations, 200 ms each
# Measurement: 5 iterations, 200 ms each
# Timeout: 10 min per iteration
# Threads: 1 thread, will synchronize iterations
# Benchmark mode: Average time, time/op
# Benchmark: numj.ElementwiseBench.numj
# Parameters: (layout = bcast, n = 10000000)

# Run progress: 26.72% complete, ETA 00:11:51
# Fork: 1 of 3
WARNING: A terminally deprecated method in sun.misc.Unsafe has been called
WARNING: sun.misc.Unsafe::objectFieldOffset has been called by org.openjdk.jmh.util.Utils (file:/C:/Users/Hareram%20ray/AI/numJ/.tools/jmh/jmh-core-1.37.jar)
WARNING: Please consider reporting this to the maintainers of class org.openjdk.jmh.util.Utils
WARNING: sun.misc.Unsafe::objectFieldOffset will be removed in a future release
# Warmup Iteration   1: 208254500.000 ns/op
# Warmup Iteration   2: 39848300.000 ns/op
# Warmup Iteration   3: 34473483.333 ns/op
# Warmup Iteration   4: 16842950.000 ns/op
# Warmup Iteration   5: 14433242.857 ns/op
Iteration   1: 14568742.857 ns/op
Iteration   2: 18805616.667 ns/op
Iteration   3: 37094433.333 ns/op
Iteration   4: 41401620.000 ns/op
Iteration   5: 45727260.000 ns/op

# Run progress: 27.01% complete, ETA 00:11:50
# Fork: 2 of 3
WARNING: A terminally deprecated method in sun.misc.Unsafe has been called
WARNING: sun.misc.Unsafe::objectFieldOffset has been called by org.openjdk.jmh.util.Utils (file:/C:/Users/Hareram%20ray/AI/numJ/.tools/jmh/jmh-core-1.37.jar)
WARNING: Please consider reporting this to the maintainers of class org.openjdk.jmh.util.Utils
WARNING: sun.misc.Unsafe::objectFieldOffset will be removed in a future release
# Warmup Iteration   1: 40812220.000 ns/op
# Warmup Iteration   2: 16028730.769 ns/op
# Warmup Iteration   3: 16240400.000 ns/op
# Warmup Iteration   4: 15436671.429 ns/op
# Warmup Iteration   5: 15766261.538 ns/op
Iteration   1: 15058750.000 ns/op
Iteration   2: 15313985.714 ns/op
Iteration   3: 15159535.714 ns/op
Iteration   4: 15569676.923 ns/op
Iteration   5: 15042542.857 ns/op

# Run progress: 27.30% complete, ETA 00:11:48
# Fork: 3 of 3
WARNING: A terminally deprecated method in sun.misc.Unsafe has been called
WARNING: sun.misc.Unsafe::objectFieldOffset has been called by org.openjdk.jmh.util.Utils (file:/C:/Users/Hareram%20ray/AI/numJ/.tools/jmh/jmh-core-1.37.jar)
WARNING: Please consider reporting this to the maintainers of class org.openjdk.jmh.util.Utils
WARNING: sun.misc.Unsafe::objectFieldOffset will be removed in a future release
# Warmup Iteration   1: 110605650.000 ns/op
# Warmup Iteration   2: 30563514.286 ns/op
# Warmup Iteration   3: 31409400.000 ns/op
# Warmup Iteration   4: 24105166.667 ns/op
# Warmup Iteration   5: 27293987.500 ns/op
Iteration   1: 40576560.000 ns/op
Iteration   2: 38621316.667 ns/op
Iteration   3: 22645077.778 ns/op
Iteration   4: 26245812.500 ns/op
Iteration   5: 36708450.000 ns/op


Result "numj.ElementwiseBench.numj":
  26569292.067 ±(99.9%) 12793898.295 ns/op [Average]
  (min, avg, max) = (14568742.857, 26569292.067, 45727260.000), stdev = 11967420.404
  CI (99.9%): [13775393.772, 39363190.362] (assumes normal distribution)


# JMH version: 1.37
# VM version: JDK 25.0.4.1, OpenJDK 64-Bit Server VM, 25.0.4.1+1-LTS
# VM invoker: C:\Users\Hareram ray\AI\numJ\.tools\jdk\bin\java.exe
# VM options: --enable-native-access=ALL-UNNAMED --enable-native-access=ALL-UNNAMED -Xms3g -Xmx3g -XX:+AlwaysPreTouch
# Blackhole mode: compiler (auto-detected, use -Djmh.blackhole.autoDetect=false to disable)
# Warmup: 5 iterations, 200 ms each
# Measurement: 5 iterations, 200 ms each
# Timeout: 10 min per iteration
# Threads: 1 thread, will synchronize iterations
# Benchmark mode: Average time, time/op
# Benchmark: numj.ElementwiseBench.numjAlloc
# Parameters: (layout = contig, n = 16)

# Run progress: 27.59% complete, ETA 00:11:47
# Fork: 1 of 3
WARNING: A terminally deprecated method in sun.misc.Unsafe has been called
WARNING: sun.misc.Unsafe::objectFieldOffset has been called by org.openjdk.jmh.util.Utils (file:/C:/Users/Hareram%20ray/AI/numJ/.tools/jmh/jmh-core-1.37.jar)
WARNING: Please consider reporting this to the maintainers of class org.openjdk.jmh.util.Utils
WARNING: sun.misc.Unsafe::objectFieldOffset will be removed in a future release
# Warmup Iteration   1: 4090.600 ns/op
# Warmup Iteration   2: 108.496 ns/op
# Warmup Iteration   3: 157.887 ns/op
# Warmup Iteration   4: 206.306 ns/op
# Warmup Iteration   5: 157.440 ns/op
Iteration   1: 122.837 ns/op
Iteration   2: 122.198 ns/op
Iteration   3: 123.693 ns/op
Iteration   4: 183.882 ns/op
Iteration   5: 184.148 ns/op

# Run progress: 27.87% complete, ETA 00:11:45
# Fork: 2 of 3
WARNING: A terminally deprecated method in sun.misc.Unsafe has been called
WARNING: sun.misc.Unsafe::objectFieldOffset has been called by org.openjdk.jmh.util.Utils (file:/C:/Users/Hareram%20ray/AI/numJ/.tools/jmh/jmh-core-1.37.jar)
WARNING: Please consider reporting this to the maintainers of class org.openjdk.jmh.util.Utils
WARNING: sun.misc.Unsafe::objectFieldOffset will be removed in a future release
# Warmup Iteration   1: 65017.180 ns/op
# Warmup Iteration   2: 277.647 ns/op
# Warmup Iteration   3: 234.749 ns/op
# Warmup Iteration   4: 99.711 ns/op
# Warmup Iteration   5: 137.867 ns/op
Iteration   1: 197.285 ns/op
Iteration   2: 197.197 ns/op
Iteration   3: 106.661 ns/op
Iteration   4: 129.741 ns/op
Iteration   5: 230.420 ns/op

# Run progress: 28.16% complete, ETA 00:11:42
# Fork: 3 of 3
WARNING: A terminally deprecated method in sun.misc.Unsafe has been called
WARNING: sun.misc.Unsafe::objectFieldOffset has been called by org.openjdk.jmh.util.Utils (file:/C:/Users/Hareram%20ray/AI/numJ/.tools/jmh/jmh-core-1.37.jar)
WARNING: Please consider reporting this to the maintainers of class org.openjdk.jmh.util.Utils
WARNING: sun.misc.Unsafe::objectFieldOffset will be removed in a future release
# Warmup Iteration   1: 372802900.000 ns/op
# Warmup Iteration   2: 271.755 ns/op
# Warmup Iteration   3: 157.555 ns/op
# Warmup Iteration   4: 195.927 ns/op
# Warmup Iteration   5: 137.505 ns/op
Iteration   1: 124.057 ns/op
Iteration   2: 154.042 ns/op
Iteration   3: 172.281 ns/op
Iteration   4: 198.112 ns/op
Iteration   5: 199.654 ns/op


Result "numj.ElementwiseBench.numjAlloc":
  163.080 ±(99.9%) 41.538 ns/op [Average]
  (min, avg, max) = (106.661, 163.080, 230.420), stdev = 38.855
  CI (99.9%): [121.542, 204.619] (assumes normal distribution)


# JMH version: 1.37
# VM version: JDK 25.0.4.1, OpenJDK 64-Bit Server VM, 25.0.4.1+1-LTS
# VM invoker: C:\Users\Hareram ray\AI\numJ\.tools\jdk\bin\java.exe
# VM options: --enable-native-access=ALL-UNNAMED --enable-native-access=ALL-UNNAMED -Xms3g -Xmx3g -XX:+AlwaysPreTouch
# Blackhole mode: compiler (auto-detected, use -Djmh.blackhole.autoDetect=false to disable)
# Warmup: 5 iterations, 200 ms each
# Measurement: 5 iterations, 200 ms each
# Timeout: 10 min per iteration
# Threads: 1 thread, will synchronize iterations
# Benchmark mode: Average time, time/op
# Benchmark: numj.ElementwiseBench.numjAlloc
# Parameters: (layout = contig, n = 1000)

# Run progress: 28.45% complete, ETA 00:11:42
# Fork: 1 of 3
WARNING: A terminally deprecated method in sun.misc.Unsafe has been called
WARNING: sun.misc.Unsafe::objectFieldOffset has been called by org.openjdk.jmh.util.Utils (file:/C:/Users/Hareram%20ray/AI/numJ/.tools/jmh/jmh-core-1.37.jar)
WARNING: Please consider reporting this to the maintainers of class org.openjdk.jmh.util.Utils
WARNING: sun.misc.Unsafe::objectFieldOffset will be removed in a future release
# Warmup Iteration   1: 204430700.000 ns/op
# Warmup Iteration   2: 642.528 ns/op
# Warmup Iteration   3: 277.636 ns/op
# Warmup Iteration   4: 416.948 ns/op
# Warmup Iteration   5: 373.499 ns/op
Iteration   1: 265.218 ns/op
Iteration   2: 238.358 ns/op
Iteration   3: 326.705 ns/op
Iteration   4: 435.057 ns/op
Iteration   5: 336.853 ns/op

# Run progress: 28.74% complete, ETA 00:11:39
# Fork: 2 of 3
WARNING: A terminally deprecated method in sun.misc.Unsafe has been called
WARNING: sun.misc.Unsafe::objectFieldOffset has been called by org.openjdk.jmh.util.Utils (file:/C:/Users/Hareram%20ray/AI/numJ/.tools/jmh/jmh-core-1.37.jar)
WARNING: Please consider reporting this to the maintainers of class org.openjdk.jmh.util.Utils
WARNING: sun.misc.Unsafe::objectFieldOffset will be removed in a future release
# Warmup Iteration   1: 1955.432 ns/op
# Warmup Iteration   2: 356.611 ns/op
# Warmup Iteration   3: 299.511 ns/op
# Warmup Iteration   4: 266.688 ns/op
# Warmup Iteration   5: 283.672 ns/op
Iteration   1: 219.096 ns/op
Iteration   2: 210.137 ns/op
Iteration   3: 220.488 ns/op
Iteration   4: 217.948 ns/op
Iteration   5: 209.717 ns/op

# Run progress: 29.02% complete, ETA 00:11:37
# Fork: 3 of 3
WARNING: A terminally deprecated method in sun.misc.Unsafe has been called
WARNING: sun.misc.Unsafe::objectFieldOffset has been called by org.openjdk.jmh.util.Utils (file:/C:/Users/Hareram%20ray/AI/numJ/.tools/jmh/jmh-core-1.37.jar)
WARNING: Please consider reporting this to the maintainers of class org.openjdk.jmh.util.Utils
WARNING: sun.misc.Unsafe::objectFieldOffset will be removed in a future release
# Warmup Iteration   1: 919.047 ns/op
# Warmup Iteration   2: 206.428 ns/op
# Warmup Iteration   3: 207.674 ns/op
# Warmup Iteration   4: 212.912 ns/op
# Warmup Iteration   5: 211.821 ns/op
Iteration   1: 204.282 ns/op
Iteration   2: 208.037 ns/op
Iteration   3: 208.721 ns/op
Iteration   4: 207.330 ns/op
Iteration   5: 207.872 ns/op


Result "numj.ElementwiseBench.numjAlloc":
  247.721 ±(99.9%) 71.816 ns/op [Average]
  (min, avg, max) = (204.282, 247.721, 435.057), stdev = 67.177
  CI (99.9%): [175.905, 319.537] (assumes normal distribution)


# JMH version: 1.37
# VM version: JDK 25.0.4.1, OpenJDK 64-Bit Server VM, 25.0.4.1+1-LTS
# VM invoker: C:\Users\Hareram ray\AI\numJ\.tools\jdk\bin\java.exe
# VM options: --enable-native-access=ALL-UNNAMED --enable-native-access=ALL-UNNAMED -Xms3g -Xmx3g -XX:+AlwaysPreTouch
# Blackhole mode: compiler (auto-detected, use -Djmh.blackhole.autoDetect=false to disable)
# Warmup: 5 iterations, 200 ms each
# Measurement: 5 iterations, 200 ms each
# Timeout: 10 min per iteration
# Threads: 1 thread, will synchronize iterations
# Benchmark mode: Average time, time/op
# Benchmark: numj.ElementwiseBench.numjAlloc
# Parameters: (layout = contig, n = 100000)

# Run progress: 29.31% complete, ETA 00:11:34
# Fork: 1 of 3
WARNING: A terminally deprecated method in sun.misc.Unsafe has been called
WARNING: sun.misc.Unsafe::objectFieldOffset has been called by org.openjdk.jmh.util.Utils (file:/C:/Users/Hareram%20ray/AI/numJ/.tools/jmh/jmh-core-1.37.jar)
WARNING: Please consider reporting this to the maintainers of class org.openjdk.jmh.util.Utils
WARNING: sun.misc.Unsafe::objectFieldOffset will be removed in a future release
# Warmup Iteration   1: 103103.685 ns/op
# Warmup Iteration   2: 44052.319 ns/op
# Warmup Iteration   3: 38845.062 ns/op
# Warmup Iteration   4: 40891.496 ns/op
# Warmup Iteration   5: 39917.463 ns/op
Iteration   1: 39987.711 ns/op
Iteration   2: 40275.508 ns/op
Iteration   3: 39170.309 ns/op
Iteration   4: 40213.974 ns/op
Iteration   5: 42600.783 ns/op

# Run progress: 29.60% complete, ETA 00:11:31
# Fork: 2 of 3
WARNING: A terminally deprecated method in sun.misc.Unsafe has been called
WARNING: sun.misc.Unsafe::objectFieldOffset has been called by org.openjdk.jmh.util.Utils (file:/C:/Users/Hareram%20ray/AI/numJ/.tools/jmh/jmh-core-1.37.jar)
WARNING: Please consider reporting this to the maintainers of class org.openjdk.jmh.util.Utils
WARNING: sun.misc.Unsafe::objectFieldOffset will be removed in a future release
# Warmup Iteration   1: 95333.902 ns/op
# Warmup Iteration   2: 42582.626 ns/op
# Warmup Iteration   3: 39734.253 ns/op
# Warmup Iteration   4: 38737.801 ns/op
# Warmup Iteration   5: 38166.514 ns/op
Iteration   1: 40919.751 ns/op
Iteration   2: 52951.081 ns/op
Iteration   3: 51154.273 ns/op
Iteration   4: 39938.754 ns/op
Iteration   5: 41271.198 ns/op

# Run progress: 29.89% complete, ETA 00:11:28
# Fork: 3 of 3
WARNING: A terminally deprecated method in sun.misc.Unsafe has been called
WARNING: sun.misc.Unsafe::objectFieldOffset has been called by org.openjdk.jmh.util.Utils (file:/C:/Users/Hareram%20ray/AI/numJ/.tools/jmh/jmh-core-1.37.jar)
WARNING: Please consider reporting this to the maintainers of class org.openjdk.jmh.util.Utils
WARNING: sun.misc.Unsafe::objectFieldOffset will be removed in a future release
# Warmup Iteration   1: 368826800.000 ns/op
# Warmup Iteration   2: 45941.881 ns/op
# Warmup Iteration   3: 69535.865 ns/op
# Warmup Iteration   4: 92282.364 ns/op
# Warmup Iteration   5: 80586.913 ns/op
Iteration   1: 41516.489 ns/op
Iteration   2: 126510.345 ns/op
Iteration   3: 215331.760 ns/op
Iteration   4: 42277.733 ns/op
Iteration   5: 50343.485 ns/op


Result "numj.ElementwiseBench.numjAlloc":
  60297.544 ±(99.9%) 51478.569 ns/op [Average]
  (min, avg, max) = (39170.309, 60297.544, 215331.760), stdev = 48153.086
  CI (99.9%): [8818.974, 111776.113] (assumes normal distribution)


# JMH version: 1.37
# VM version: JDK 25.0.4.1, OpenJDK 64-Bit Server VM, 25.0.4.1+1-LTS
# VM invoker: C:\Users\Hareram ray\AI\numJ\.tools\jdk\bin\java.exe
# VM options: --enable-native-access=ALL-UNNAMED --enable-native-access=ALL-UNNAMED -Xms3g -Xmx3g -XX:+AlwaysPreTouch
# Blackhole mode: compiler (auto-detected, use -Djmh.blackhole.autoDetect=false to disable)
# Warmup: 5 iterations, 200 ms each
# Measurement: 5 iterations, 200 ms each
# Timeout: 10 min per iteration
# Threads: 1 thread, will synchronize iterations
# Benchmark mode: Average time, time/op
# Benchmark: numj.ElementwiseBench.numjAlloc
# Parameters: (layout = contig, n = 10000000)

# Run progress: 30.17% complete, ETA 00:11:26
# Fork: 1 of 3
WARNING: A terminally deprecated method in sun.misc.Unsafe has been called
WARNING: sun.misc.Unsafe::objectFieldOffset has been called by org.openjdk.jmh.util.Utils (file:/C:/Users/Hareram%20ray/AI/numJ/.tools/jmh/jmh-core-1.37.jar)
WARNING: Please consider reporting this to the maintainers of class org.openjdk.jmh.util.Utils
WARNING: sun.misc.Unsafe::objectFieldOffset will be removed in a future release
# Warmup Iteration   1: 431742500.000 ns/op
# Warmup Iteration   2: 45391000.000 ns/op
# Warmup Iteration   3: 48593160.000 ns/op
# Warmup Iteration   4: 43048983.333 ns/op
# Warmup Iteration   5: 67495233.333 ns/op
Iteration   1: 47703600.000 ns/op
Iteration   2: 48038020.000 ns/op
Iteration   3: 49825540.000 ns/op
Iteration   4: 53602325.000 ns/op
Iteration   5: 54586300.000 ns/op

# Run progress: 30.46% complete, ETA 00:11:25
# Fork: 2 of 3
WARNING: A terminally deprecated method in sun.misc.Unsafe has been called
WARNING: sun.misc.Unsafe::objectFieldOffset has been called by org.openjdk.jmh.util.Utils (file:/C:/Users/Hareram%20ray/AI/numJ/.tools/jmh/jmh-core-1.37.jar)
WARNING: Please consider reporting this to the maintainers of class org.openjdk.jmh.util.Utils
WARNING: sun.misc.Unsafe::objectFieldOffset will be removed in a future release
# Warmup Iteration   1: 437625400.000 ns/op
# Warmup Iteration   2: 79438066.667 ns/op
# Warmup Iteration   3: 48123440.000 ns/op
# Warmup Iteration   4: 47990660.000 ns/op
# Warmup Iteration   5: 46919340.000 ns/op
Iteration   1: 53862050.000 ns/op
Iteration   2: 46682000.000 ns/op
Iteration   3: 43388140.000 ns/op
Iteration   4: 65191275.000 ns/op
Iteration   5: 64398125.000 ns/op

# Run progress: 30.75% complete, ETA 00:11:24
# Fork: 3 of 3
WARNING: A terminally deprecated method in sun.misc.Unsafe has been called
WARNING: sun.misc.Unsafe::objectFieldOffset has been called by org.openjdk.jmh.util.Utils (file:/C:/Users/Hareram%20ray/AI/numJ/.tools/jmh/jmh-core-1.37.jar)
WARNING: Please consider reporting this to the maintainers of class org.openjdk.jmh.util.Utils
WARNING: sun.misc.Unsafe::objectFieldOffset will be removed in a future release
# Warmup Iteration   1: 78154766.667 ns/op
# Warmup Iteration   2: 38207083.333 ns/op
# Warmup Iteration   3: 48234260.000 ns/op
# Warmup Iteration   4: 40837020.000 ns/op
# Warmup Iteration   5: 41881580.000 ns/op
Iteration   1: 42508000.000 ns/op
Iteration   2: 36591266.667 ns/op
Iteration   3: 34667983.333 ns/op
Iteration   4: 34727533.333 ns/op
Iteration   5: 34658583.333 ns/op


Result "numj.ElementwiseBench.numjAlloc":
  47362049.444 ±(99.9%) 10637428.719 ns/op [Average]
  (min, avg, max) = (34658583.333, 47362049.444, 65191275.000), stdev = 9950257.425
  CI (99.9%): [36724620.725, 57999478.164] (assumes normal distribution)


# JMH version: 1.37
# VM version: JDK 25.0.4.1, OpenJDK 64-Bit Server VM, 25.0.4.1+1-LTS
# VM invoker: C:\Users\Hareram ray\AI\numJ\.tools\jdk\bin\java.exe
# VM options: --enable-native-access=ALL-UNNAMED --enable-native-access=ALL-UNNAMED -Xms3g -Xmx3g -XX:+AlwaysPreTouch
# Blackhole mode: compiler (auto-detected, use -Djmh.blackhole.autoDetect=false to disable)
# Warmup: 5 iterations, 200 ms each
# Measurement: 5 iterations, 200 ms each
# Timeout: 10 min per iteration
# Threads: 1 thread, will synchronize iterations
# Benchmark mode: Average time, time/op
# Benchmark: numj.ElementwiseBench.numjAlloc
# Parameters: (layout = transposed, n = 16)

# Run progress: 31.03% complete, ETA 00:11:22
# Fork: 1 of 3
WARNING: A terminally deprecated method in sun.misc.Unsafe has been called
WARNING: sun.misc.Unsafe::objectFieldOffset has been called by org.openjdk.jmh.util.Utils (file:/C:/Users/Hareram%20ray/AI/numJ/.tools/jmh/jmh-core-1.37.jar)
WARNING: Please consider reporting this to the maintainers of class org.openjdk.jmh.util.Utils
WARNING: sun.misc.Unsafe::objectFieldOffset will be removed in a future release
# Warmup Iteration   1: 821.722 ns/op
# Warmup Iteration   2: 325.190 ns/op
# Warmup Iteration   3: 333.940 ns/op
# Warmup Iteration   4: 405.499 ns/op
# Warmup Iteration   5: 341.857 ns/op
Iteration   1: 344.049 ns/op
Iteration   2: 330.958 ns/op
Iteration   3: 336.924 ns/op
Iteration   4: 345.542 ns/op
Iteration   5: 377.261 ns/op

# Run progress: 31.32% complete, ETA 00:11:19
# Fork: 2 of 3
WARNING: A terminally deprecated method in sun.misc.Unsafe has been called
WARNING: sun.misc.Unsafe::objectFieldOffset has been called by org.openjdk.jmh.util.Utils (file:/C:/Users/Hareram%20ray/AI/numJ/.tools/jmh/jmh-core-1.37.jar)
WARNING: Please consider reporting this to the maintainers of class org.openjdk.jmh.util.Utils
WARNING: sun.misc.Unsafe::objectFieldOffset will be removed in a future release
# Warmup Iteration   1: 713.313 ns/op
# Warmup Iteration   2: 366.138 ns/op
# Warmup Iteration   3: 392.740 ns/op
# Warmup Iteration   4: 345.136 ns/op
# Warmup Iteration   5: 351.063 ns/op
Iteration   1: 351.012 ns/op
Iteration   2: 338.941 ns/op
Iteration   3: 406.639 ns/op
Iteration   4: 579.952 ns/op
Iteration   5: 410.461 ns/op

# Run progress: 31.61% complete, ETA 00:11:16
# Fork: 3 of 3
WARNING: A terminally deprecated method in sun.misc.Unsafe has been called
WARNING: sun.misc.Unsafe::objectFieldOffset has been called by org.openjdk.jmh.util.Utils (file:/C:/Users/Hareram%20ray/AI/numJ/.tools/jmh/jmh-core-1.37.jar)
WARNING: Please consider reporting this to the maintainers of class org.openjdk.jmh.util.Utils
WARNING: sun.misc.Unsafe::objectFieldOffset will be removed in a future release
# Warmup Iteration   1: 4388.182 ns/op
# Warmup Iteration   2: 365.233 ns/op
# Warmup Iteration   3: 394.815 ns/op
# Warmup Iteration   4: 426.981 ns/op
# Warmup Iteration   5: 348.742 ns/op
Iteration   1: 343.060 ns/op
Iteration   2: 364.286 ns/op
Iteration   3: 351.609 ns/op
Iteration   4: 371.011 ns/op
Iteration   5: 494.731 ns/op


Result "numj.ElementwiseBench.numjAlloc":
  383.096 ±(99.9%) 73.630 ns/op [Average]
  (min, avg, max) = (330.958, 383.096, 579.952), stdev = 68.874
  CI (99.9%): [309.466, 456.726] (assumes normal distribution)


# JMH version: 1.37
# VM version: JDK 25.0.4.1, OpenJDK 64-Bit Server VM, 25.0.4.1+1-LTS
# VM invoker: C:\Users\Hareram ray\AI\numJ\.tools\jdk\bin\java.exe
# VM options: --enable-native-access=ALL-UNNAMED --enable-native-access=ALL-UNNAMED -Xms3g -Xmx3g -XX:+AlwaysPreTouch
# Blackhole mode: compiler (auto-detected, use -Djmh.blackhole.autoDetect=false to disable)
# Warmup: 5 iterations, 200 ms each
# Measurement: 5 iterations, 200 ms each
# Timeout: 10 min per iteration
# Threads: 1 thread, will synchronize iterations
# Benchmark mode: Average time, time/op
# Benchmark: numj.ElementwiseBench.numjAlloc
# Parameters: (layout = transposed, n = 1000)

# Run progress: 31.90% complete, ETA 00:11:13
# Fork: 1 of 3
WARNING: A terminally deprecated method in sun.misc.Unsafe has been called
WARNING: sun.misc.Unsafe::objectFieldOffset has been called by org.openjdk.jmh.util.Utils (file:/C:/Users/Hareram%20ray/AI/numJ/.tools/jmh/jmh-core-1.37.jar)
WARNING: Please consider reporting this to the maintainers of class org.openjdk.jmh.util.Utils
WARNING: sun.misc.Unsafe::objectFieldOffset will be removed in a future release
# Warmup Iteration   1: 302622300.000 ns/op
# Warmup Iteration   2: 3272.967 ns/op
# Warmup Iteration   3: 1389.850 ns/op
# Warmup Iteration   4: 1145.271 ns/op
# Warmup Iteration   5: 953.681 ns/op
Iteration   1: 1124.374 ns/op
Iteration   2: 1003.705 ns/op
Iteration   3: 919.494 ns/op
Iteration   4: 1074.389 ns/op
Iteration   5: 973.061 ns/op

# Run progress: 32.18% complete, ETA 00:11:11
# Fork: 2 of 3
WARNING: A terminally deprecated method in sun.misc.Unsafe has been called
WARNING: sun.misc.Unsafe::objectFieldOffset has been called by org.openjdk.jmh.util.Utils (file:/C:/Users/Hareram%20ray/AI/numJ/.tools/jmh/jmh-core-1.37.jar)
WARNING: Please consider reporting this to the maintainers of class org.openjdk.jmh.util.Utils
WARNING: sun.misc.Unsafe::objectFieldOffset will be removed in a future release
# Warmup Iteration   1: 216183600.000 ns/op
# Warmup Iteration   2: 3148.466 ns/op
# Warmup Iteration   3: 1171.525 ns/op
# Warmup Iteration   4: 808.286 ns/op
# Warmup Iteration   5: 874.896 ns/op
Iteration   1: 822.574 ns/op
Iteration   2: 813.862 ns/op
Iteration   3: 845.516 ns/op
Iteration   4: 1220.086 ns/op
Iteration   5: 1010.373 ns/op

# Run progress: 32.47% complete, ETA 00:11:08
# Fork: 3 of 3
WARNING: A terminally deprecated method in sun.misc.Unsafe has been called
WARNING: sun.misc.Unsafe::objectFieldOffset has been called by org.openjdk.jmh.util.Utils (file:/C:/Users/Hareram%20ray/AI/numJ/.tools/jmh/jmh-core-1.37.jar)
WARNING: Please consider reporting this to the maintainers of class org.openjdk.jmh.util.Utils
WARNING: sun.misc.Unsafe::objectFieldOffset will be removed in a future release
# Warmup Iteration   1: 59670.654 ns/op
# Warmup Iteration   2: 1100.895 ns/op
# Warmup Iteration   3: 808.862 ns/op
# Warmup Iteration   4: 804.327 ns/op
# Warmup Iteration   5: 911.475 ns/op
Iteration   1: 898.668 ns/op
Iteration   2: 882.584 ns/op
Iteration   3: 821.010 ns/op
Iteration   4: 806.485 ns/op
Iteration   5: 1008.273 ns/op


Result "numj.ElementwiseBench.numjAlloc":
  948.297 ±(99.9%) 134.097 ns/op [Average]
  (min, avg, max) = (806.485, 948.297, 1220.086), stdev = 125.434
  CI (99.9%): [814.200, 1082.394] (assumes normal distribution)


# JMH version: 1.37
# VM version: JDK 25.0.4.1, OpenJDK 64-Bit Server VM, 25.0.4.1+1-LTS
# VM invoker: C:\Users\Hareram ray\AI\numJ\.tools\jdk\bin\java.exe
# VM options: --enable-native-access=ALL-UNNAMED --enable-native-access=ALL-UNNAMED -Xms3g -Xmx3g -XX:+AlwaysPreTouch
# Blackhole mode: compiler (auto-detected, use -Djmh.blackhole.autoDetect=false to disable)
# Warmup: 5 iterations, 200 ms each
# Measurement: 5 iterations, 200 ms each
# Timeout: 10 min per iteration
# Threads: 1 thread, will synchronize iterations
# Benchmark mode: Average time, time/op
# Benchmark: numj.ElementwiseBench.numjAlloc
# Parameters: (layout = transposed, n = 100000)

# Run progress: 32.76% complete, ETA 00:11:05
# Fork: 1 of 3
WARNING: A terminally deprecated method in sun.misc.Unsafe has been called
WARNING: sun.misc.Unsafe::objectFieldOffset has been called by org.openjdk.jmh.util.Utils (file:/C:/Users/Hareram%20ray/AI/numJ/.tools/jmh/jmh-core-1.37.jar)
WARNING: Please consider reporting this to the maintainers of class org.openjdk.jmh.util.Utils
WARNING: sun.misc.Unsafe::objectFieldOffset will be removed in a future release
# Warmup Iteration   1: 178134.859 ns/op
# Warmup Iteration   2: 96481.373 ns/op
# Warmup Iteration   3: 69524.421 ns/op
# Warmup Iteration   4: 72435.563 ns/op
# Warmup Iteration   5: 78592.110 ns/op
Iteration   1: 70775.422 ns/op
Iteration   2: 72355.592 ns/op
Iteration   3: 67568.828 ns/op
Iteration   4: 66082.619 ns/op
Iteration   5: 96011.159 ns/op

# Run progress: 33.05% complete, ETA 00:11:02
# Fork: 2 of 3
WARNING: A terminally deprecated method in sun.misc.Unsafe has been called
WARNING: sun.misc.Unsafe::objectFieldOffset has been called by org.openjdk.jmh.util.Utils (file:/C:/Users/Hareram%20ray/AI/numJ/.tools/jmh/jmh-core-1.37.jar)
WARNING: Please consider reporting this to the maintainers of class org.openjdk.jmh.util.Utils
WARNING: sun.misc.Unsafe::objectFieldOffset will be removed in a future release
# Warmup Iteration   1: 254858.608 ns/op
# Warmup Iteration   2: 75875.104 ns/op
# Warmup Iteration   3: 69668.458 ns/op
# Warmup Iteration   4: 76592.639 ns/op
# Warmup Iteration   5: 66342.566 ns/op
Iteration   1: 65545.129 ns/op
Iteration   2: 66060.679 ns/op
Iteration   3: 65952.137 ns/op
Iteration   4: 66470.231 ns/op
Iteration   5: 65962.196 ns/op

# Run progress: 33.33% complete, ETA 00:10:59
# Fork: 3 of 3
WARNING: A terminally deprecated method in sun.misc.Unsafe has been called
WARNING: sun.misc.Unsafe::objectFieldOffset has been called by org.openjdk.jmh.util.Utils (file:/C:/Users/Hareram%20ray/AI/numJ/.tools/jmh/jmh-core-1.37.jar)
WARNING: Please consider reporting this to the maintainers of class org.openjdk.jmh.util.Utils
WARNING: sun.misc.Unsafe::objectFieldOffset will be removed in a future release
# Warmup Iteration   1: 161434.455 ns/op
# Warmup Iteration   2: 69638.714 ns/op
# Warmup Iteration   3: 69631.387 ns/op
# Warmup Iteration   4: 67745.320 ns/op
# Warmup Iteration   5: 65794.328 ns/op
Iteration   1: 66063.980 ns/op
Iteration   2: 66762.997 ns/op
Iteration   3: 64505.879 ns/op
Iteration   4: 65828.952 ns/op
Iteration   5: 65194.003 ns/op


Result "numj.ElementwiseBench.numjAlloc":
  68742.653 ±(99.9%) 8366.414 ns/op [Average]
  (min, avg, max) = (64505.879, 68742.653, 96011.159), stdev = 7825.949
  CI (99.9%): [60376.239, 77109.067] (assumes normal distribution)


# JMH version: 1.37
# VM version: JDK 25.0.4.1, OpenJDK 64-Bit Server VM, 25.0.4.1+1-LTS
# VM invoker: C:\Users\Hareram ray\AI\numJ\.tools\jdk\bin\java.exe
# VM options: --enable-native-access=ALL-UNNAMED --enable-native-access=ALL-UNNAMED -Xms3g -Xmx3g -XX:+AlwaysPreTouch
# Blackhole mode: compiler (auto-detected, use -Djmh.blackhole.autoDetect=false to disable)
# Warmup: 5 iterations, 200 ms each
# Measurement: 5 iterations, 200 ms each
# Timeout: 10 min per iteration
# Threads: 1 thread, will synchronize iterations
# Benchmark mode: Average time, time/op
# Benchmark: numj.ElementwiseBench.numjAlloc
# Parameters: (layout = transposed, n = 10000000)

# Run progress: 33.62% complete, ETA 00:10:56
# Fork: 1 of 3
WARNING: A terminally deprecated method in sun.misc.Unsafe has been called
WARNING: sun.misc.Unsafe::objectFieldOffset has been called by org.openjdk.jmh.util.Utils (file:/C:/Users/Hareram%20ray/AI/numJ/.tools/jmh/jmh-core-1.37.jar)
WARNING: Please consider reporting this to the maintainers of class org.openjdk.jmh.util.Utils
WARNING: sun.misc.Unsafe::objectFieldOffset will be removed in a future release
# Warmup Iteration   1: 242606400.000 ns/op
# Warmup Iteration   2: 152905000.000 ns/op
# Warmup Iteration   3: 146833850.000 ns/op
# Warmup Iteration   4: 159193750.000 ns/op
# Warmup Iteration   5: 156038000.000 ns/op
Iteration   1: 160318600.000 ns/op
Iteration   2: 181621750.000 ns/op
Iteration   3: 178608800.000 ns/op
Iteration   4: 172064850.000 ns/op
Iteration   5: 169895100.000 ns/op

# Run progress: 33.91% complete, ETA 00:10:55
# Fork: 2 of 3
WARNING: A terminally deprecated method in sun.misc.Unsafe has been called
WARNING: sun.misc.Unsafe::objectFieldOffset has been called by org.openjdk.jmh.util.Utils (file:/C:/Users/Hareram%20ray/AI/numJ/.tools/jmh/jmh-core-1.37.jar)
WARNING: Please consider reporting this to the maintainers of class org.openjdk.jmh.util.Utils
WARNING: sun.misc.Unsafe::objectFieldOffset will be removed in a future release
# Warmup Iteration   1: 236500500.000 ns/op
# Warmup Iteration   2: 144019800.000 ns/op
# Warmup Iteration   3: 140625850.000 ns/op
# Warmup Iteration   4: 142870050.000 ns/op
# Warmup Iteration   5: 144160850.000 ns/op
Iteration   1: 141654200.000 ns/op
Iteration   2: 152066250.000 ns/op
Iteration   3: 142074900.000 ns/op
Iteration   4: 142629750.000 ns/op
Iteration   5: 150707750.000 ns/op

# Run progress: 34.20% complete, ETA 00:10:54
# Fork: 3 of 3
WARNING: A terminally deprecated method in sun.misc.Unsafe has been called
WARNING: sun.misc.Unsafe::objectFieldOffset has been called by org.openjdk.jmh.util.Utils (file:/C:/Users/Hareram%20ray/AI/numJ/.tools/jmh/jmh-core-1.37.jar)
WARNING: Please consider reporting this to the maintainers of class org.openjdk.jmh.util.Utils
WARNING: sun.misc.Unsafe::objectFieldOffset will be removed in a future release
# Warmup Iteration   1: 240398400.000 ns/op
# Warmup Iteration   2: 145966600.000 ns/op
# Warmup Iteration   3: 146067150.000 ns/op
# Warmup Iteration   4: 145206700.000 ns/op
# Warmup Iteration   5: 143111900.000 ns/op
Iteration   1: 141982400.000 ns/op
Iteration   2: 143550950.000 ns/op
Iteration   3: 142141450.000 ns/op
Iteration   4: 144557250.000 ns/op
Iteration   5: 143982350.000 ns/op


Result "numj.ElementwiseBench.numjAlloc":
  153857090.000 ±(99.9%) 15673950.501 ns/op [Average]
  (min, avg, max) = (141654200.000, 153857090.000, 181621750.000), stdev = 14661423.025
  CI (99.9%): [138183139.499, 169531040.501] (assumes normal distribution)


# JMH version: 1.37
# VM version: JDK 25.0.4.1, OpenJDK 64-Bit Server VM, 25.0.4.1+1-LTS
# VM invoker: C:\Users\Hareram ray\AI\numJ\.tools\jdk\bin\java.exe
# VM options: --enable-native-access=ALL-UNNAMED --enable-native-access=ALL-UNNAMED -Xms3g -Xmx3g -XX:+AlwaysPreTouch
# Blackhole mode: compiler (auto-detected, use -Djmh.blackhole.autoDetect=false to disable)
# Warmup: 5 iterations, 200 ms each
# Measurement: 5 iterations, 200 ms each
# Timeout: 10 min per iteration
# Threads: 1 thread, will synchronize iterations
# Benchmark mode: Average time, time/op
# Benchmark: numj.ElementwiseBench.numjAlloc
# Parameters: (layout = stepped, n = 16)

# Run progress: 34.48% complete, ETA 00:10:52
# Fork: 1 of 3
WARNING: A terminally deprecated method in sun.misc.Unsafe has been called
WARNING: sun.misc.Unsafe::objectFieldOffset has been called by org.openjdk.jmh.util.Utils (file:/C:/Users/Hareram%20ray/AI/numJ/.tools/jmh/jmh-core-1.37.jar)
WARNING: Please consider reporting this to the maintainers of class org.openjdk.jmh.util.Utils
WARNING: sun.misc.Unsafe::objectFieldOffset will be removed in a future release
# Warmup Iteration   1: 490.844 ns/op
# Warmup Iteration   2: 242.150 ns/op
# Warmup Iteration   3: 241.596 ns/op
# Warmup Iteration   4: 231.957 ns/op
# Warmup Iteration   5: 239.503 ns/op
Iteration   1: 239.201 ns/op
Iteration   2: 242.293 ns/op
Iteration   3: 242.415 ns/op
Iteration   4: 244.216 ns/op
Iteration   5: 233.807 ns/op

# Run progress: 34.77% complete, ETA 00:10:49
# Fork: 2 of 3
WARNING: A terminally deprecated method in sun.misc.Unsafe has been called
WARNING: sun.misc.Unsafe::objectFieldOffset has been called by org.openjdk.jmh.util.Utils (file:/C:/Users/Hareram%20ray/AI/numJ/.tools/jmh/jmh-core-1.37.jar)
WARNING: Please consider reporting this to the maintainers of class org.openjdk.jmh.util.Utils
WARNING: sun.misc.Unsafe::objectFieldOffset will be removed in a future release
# Warmup Iteration   1: 484.636 ns/op
# Warmup Iteration   2: 247.163 ns/op
# Warmup Iteration   3: 236.336 ns/op
# Warmup Iteration   4: 248.948 ns/op
# Warmup Iteration   5: 242.404 ns/op
Iteration   1: 251.382 ns/op
Iteration   2: 242.980 ns/op
Iteration   3: 237.891 ns/op
Iteration   4: 245.737 ns/op
Iteration   5: 246.619 ns/op

# Run progress: 35.06% complete, ETA 00:10:46
# Fork: 3 of 3
WARNING: A terminally deprecated method in sun.misc.Unsafe has been called
WARNING: sun.misc.Unsafe::objectFieldOffset has been called by org.openjdk.jmh.util.Utils (file:/C:/Users/Hareram%20ray/AI/numJ/.tools/jmh/jmh-core-1.37.jar)
WARNING: Please consider reporting this to the maintainers of class org.openjdk.jmh.util.Utils
WARNING: sun.misc.Unsafe::objectFieldOffset will be removed in a future release
# Warmup Iteration   1: 469.611 ns/op
# Warmup Iteration   2: 242.036 ns/op
# Warmup Iteration   3: 239.063 ns/op
# Warmup Iteration   4: 241.120 ns/op
# Warmup Iteration   5: 233.281 ns/op
Iteration   1: 246.290 ns/op
Iteration   2: 239.490 ns/op
Iteration   3: 243.238 ns/op
Iteration   4: 237.421 ns/op
Iteration   5: 237.298 ns/op


Result "numj.ElementwiseBench.numjAlloc":
  242.018 ±(99.9%) 4.871 ns/op [Average]
  (min, avg, max) = (233.807, 242.018, 251.382), stdev = 4.556
  CI (99.9%): [237.148, 246.889] (assumes normal distribution)


# JMH version: 1.37
# VM version: JDK 25.0.4.1, OpenJDK 64-Bit Server VM, 25.0.4.1+1-LTS
# VM invoker: C:\Users\Hareram ray\AI\numJ\.tools\jdk\bin\java.exe
# VM options: --enable-native-access=ALL-UNNAMED --enable-native-access=ALL-UNNAMED -Xms3g -Xmx3g -XX:+AlwaysPreTouch
# Blackhole mode: compiler (auto-detected, use -Djmh.blackhole.autoDetect=false to disable)
# Warmup: 5 iterations, 200 ms each
# Measurement: 5 iterations, 200 ms each
# Timeout: 10 min per iteration
# Threads: 1 thread, will synchronize iterations
# Benchmark mode: Average time, time/op
# Benchmark: numj.ElementwiseBench.numjAlloc
# Parameters: (layout = stepped, n = 1000)

# Run progress: 35.34% complete, ETA 00:10:42
# Fork: 1 of 3
WARNING: A terminally deprecated method in sun.misc.Unsafe has been called
WARNING: sun.misc.Unsafe::objectFieldOffset has been called by org.openjdk.jmh.util.Utils (file:/C:/Users/Hareram%20ray/AI/numJ/.tools/jmh/jmh-core-1.37.jar)
WARNING: Please consider reporting this to the maintainers of class org.openjdk.jmh.util.Utils
WARNING: sun.misc.Unsafe::objectFieldOffset will be removed in a future release
# Warmup Iteration   1: 2798.926 ns/op
# Warmup Iteration   2: 686.142 ns/op
# Warmup Iteration   3: 650.938 ns/op
# Warmup Iteration   4: 661.570 ns/op
# Warmup Iteration   5: 654.712 ns/op
Iteration   1: 646.329 ns/op
Iteration   2: 647.894 ns/op
Iteration   3: 648.885 ns/op
Iteration   4: 660.164 ns/op
Iteration   5: 666.708 ns/op

# Run progress: 35.63% complete, ETA 00:10:39
# Fork: 2 of 3
WARNING: A terminally deprecated method in sun.misc.Unsafe has been called
WARNING: sun.misc.Unsafe::objectFieldOffset has been called by org.openjdk.jmh.util.Utils (file:/C:/Users/Hareram%20ray/AI/numJ/.tools/jmh/jmh-core-1.37.jar)
WARNING: Please consider reporting this to the maintainers of class org.openjdk.jmh.util.Utils
WARNING: sun.misc.Unsafe::objectFieldOffset will be removed in a future release
# Warmup Iteration   1: 2947.290 ns/op
# Warmup Iteration   2: 676.018 ns/op
# Warmup Iteration   3: 647.741 ns/op
# Warmup Iteration   4: 652.905 ns/op
# Warmup Iteration   5: 660.272 ns/op
Iteration   1: 648.614 ns/op
Iteration   2: 673.802 ns/op
Iteration   3: 685.200 ns/op
Iteration   4: 662.049 ns/op
Iteration   5: 692.983 ns/op

# Run progress: 35.92% complete, ETA 00:10:36
# Fork: 3 of 3
WARNING: A terminally deprecated method in sun.misc.Unsafe has been called
WARNING: sun.misc.Unsafe::objectFieldOffset has been called by org.openjdk.jmh.util.Utils (file:/C:/Users/Hareram%20ray/AI/numJ/.tools/jmh/jmh-core-1.37.jar)
WARNING: Please consider reporting this to the maintainers of class org.openjdk.jmh.util.Utils
WARNING: sun.misc.Unsafe::objectFieldOffset will be removed in a future release
# Warmup Iteration   1: 2523.815 ns/op
# Warmup Iteration   2: 672.790 ns/op
# Warmup Iteration   3: 654.014 ns/op
# Warmup Iteration   4: 676.231 ns/op
# Warmup Iteration   5: 667.204 ns/op
Iteration   1: 643.731 ns/op
Iteration   2: 680.756 ns/op
Iteration   3: 641.448 ns/op
Iteration   4: 660.019 ns/op
Iteration   5: 661.596 ns/op


Result "numj.ElementwiseBench.numjAlloc":
  661.345 ±(99.9%) 17.058 ns/op [Average]
  (min, avg, max) = (641.448, 661.345, 692.983), stdev = 15.956
  CI (99.9%): [644.287, 678.403] (assumes normal distribution)


# JMH version: 1.37
# VM version: JDK 25.0.4.1, OpenJDK 64-Bit Server VM, 25.0.4.1+1-LTS
# VM invoker: C:\Users\Hareram ray\AI\numJ\.tools\jdk\bin\java.exe
# VM options: --enable-native-access=ALL-UNNAMED --enable-native-access=ALL-UNNAMED -Xms3g -Xmx3g -XX:+AlwaysPreTouch
# Blackhole mode: compiler (auto-detected, use -Djmh.blackhole.autoDetect=false to disable)
# Warmup: 5 iterations, 200 ms each
# Measurement: 5 iterations, 200 ms each
# Timeout: 10 min per iteration
# Threads: 1 thread, will synchronize iterations
# Benchmark mode: Average time, time/op
# Benchmark: numj.ElementwiseBench.numjAlloc
# Parameters: (layout = stepped, n = 100000)

# Run progress: 36.21% complete, ETA 00:10:32
# Fork: 1 of 3
WARNING: A terminally deprecated method in sun.misc.Unsafe has been called
WARNING: sun.misc.Unsafe::objectFieldOffset has been called by org.openjdk.jmh.util.Utils (file:/C:/Users/Hareram%20ray/AI/numJ/.tools/jmh/jmh-core-1.37.jar)
WARNING: Please consider reporting this to the maintainers of class org.openjdk.jmh.util.Utils
WARNING: sun.misc.Unsafe::objectFieldOffset will be removed in a future release
# Warmup Iteration   1: 147173.382 ns/op
# Warmup Iteration   2: 69380.975 ns/op
# Warmup Iteration   3: 66493.313 ns/op
# Warmup Iteration   4: 65818.497 ns/op
# Warmup Iteration   5: 60051.296 ns/op
Iteration   1: 60735.349 ns/op
Iteration   2: 60874.871 ns/op
Iteration   3: 64934.718 ns/op
Iteration   4: 65071.799 ns/op
Iteration   5: 62893.465 ns/op

# Run progress: 36.49% complete, ETA 00:10:29
# Fork: 2 of 3
WARNING: A terminally deprecated method in sun.misc.Unsafe has been called
WARNING: sun.misc.Unsafe::objectFieldOffset has been called by org.openjdk.jmh.util.Utils (file:/C:/Users/Hareram%20ray/AI/numJ/.tools/jmh/jmh-core-1.37.jar)
WARNING: Please consider reporting this to the maintainers of class org.openjdk.jmh.util.Utils
WARNING: sun.misc.Unsafe::objectFieldOffset will be removed in a future release
# Warmup Iteration   1: 145415.600 ns/op
# Warmup Iteration   2: 67327.510 ns/op
# Warmup Iteration   3: 69667.164 ns/op
# Warmup Iteration   4: 68022.603 ns/op
# Warmup Iteration   5: 63952.215 ns/op
Iteration   1: 61675.276 ns/op
Iteration   2: 62141.752 ns/op
Iteration   3: 61560.061 ns/op
Iteration   4: 63188.298 ns/op
Iteration   5: 62817.452 ns/op

# Run progress: 36.78% complete, ETA 00:10:26
# Fork: 3 of 3
WARNING: A terminally deprecated method in sun.misc.Unsafe has been called
WARNING: sun.misc.Unsafe::objectFieldOffset has been called by org.openjdk.jmh.util.Utils (file:/C:/Users/Hareram%20ray/AI/numJ/.tools/jmh/jmh-core-1.37.jar)
WARNING: Please consider reporting this to the maintainers of class org.openjdk.jmh.util.Utils
WARNING: sun.misc.Unsafe::objectFieldOffset will be removed in a future release
# Warmup Iteration   1: 150934.331 ns/op
# Warmup Iteration   2: 73411.144 ns/op
# Warmup Iteration   3: 72033.572 ns/op
# Warmup Iteration   4: 72475.413 ns/op
# Warmup Iteration   5: 64664.152 ns/op
Iteration   1: 63675.309 ns/op
Iteration   2: 65870.706 ns/op
Iteration   3: 64861.538 ns/op
Iteration   4: 67530.296 ns/op
Iteration   5: 65346.262 ns/op


Result "numj.ElementwiseBench.numjAlloc":
  63545.143 ±(99.9%) 2139.237 ns/op [Average]
  (min, avg, max) = (60735.349, 63545.143, 67530.296), stdev = 2001.044
  CI (99.9%): [61405.906, 65684.381] (assumes normal distribution)


# JMH version: 1.37
# VM version: JDK 25.0.4.1, OpenJDK 64-Bit Server VM, 25.0.4.1+1-LTS
# VM invoker: C:\Users\Hareram ray\AI\numJ\.tools\jdk\bin\java.exe
# VM options: --enable-native-access=ALL-UNNAMED --enable-native-access=ALL-UNNAMED -Xms3g -Xmx3g -XX:+AlwaysPreTouch
# Blackhole mode: compiler (auto-detected, use -Djmh.blackhole.autoDetect=false to disable)
# Warmup: 5 iterations, 200 ms each
# Measurement: 5 iterations, 200 ms each
# Timeout: 10 min per iteration
# Threads: 1 thread, will synchronize iterations
# Benchmark mode: Average time, time/op
# Benchmark: numj.ElementwiseBench.numjAlloc
# Parameters: (layout = stepped, n = 10000000)

# Run progress: 37.07% complete, ETA 00:10:23
# Fork: 1 of 3
WARNING: A terminally deprecated method in sun.misc.Unsafe has been called
WARNING: sun.misc.Unsafe::objectFieldOffset has been called by org.openjdk.jmh.util.Utils (file:/C:/Users/Hareram%20ray/AI/numJ/.tools/jmh/jmh-core-1.37.jar)
WARNING: Please consider reporting this to the maintainers of class org.openjdk.jmh.util.Utils
WARNING: sun.misc.Unsafe::objectFieldOffset will be removed in a future # Warmup Iteration   1: release
78653500.000 ns/op
# Warmup Iteration   2: 46773360.000 ns/op
# Warmup Iteration   3: 44572300.000 ns/op
# Warmup Iteration   4: 42589180.000 ns/op
# Warmup Iteration   5: 41898720.000 ns/op
Iteration   1: 42829680.000 ns/op
Iteration   2: 42047160.000 ns/op
Iteration   3: 41344140.000 ns/op
Iteration   4: 39947400.000 ns/op
Iteration   5: 41687620.000 ns/op

# Run progress: 37.36% complete, ETA 00:10:20
# Fork: 2 of 3
WARNING: A terminally deprecated method in sun.misc.Unsafe has been called
WARNING: sun.misc.Unsafe::objectFieldOffset has been called by org.openjdk.jmh.util.Utils (file:/C:/Users/Hareram%20ray/AI/numJ/.tools/jmh/jmh-core-1.37.jar)
WARNING: Please consider reporting this to the maintainers of class org.openjdk.jmh.util.Utils
WARNING: sun.misc.Unsafe::objectFieldOffset will be removed in a future release
# Warmup Iteration   1: 83211633.333 ns/op
# Warmup Iteration   2: 48339780.000 ns/op
# Warmup Iteration   3: 46478000.000 ns/op
# Warmup Iteration   4: 43349320.000 ns/op
# Warmup Iteration   5: 44443300.000 ns/op
Iteration   1: 46010380.000 ns/op
Iteration   2: 42191100.000 ns/op
Iteration   3: 42881200.000 ns/op
Iteration   4: 43353440.000 ns/op
Iteration   5: 44542440.000 ns/op

# Run progress: 37.64% complete, ETA 00:10:18
# Fork: 3 of 3
WARNING: A terminally deprecated method in sun.misc.Unsafe has been called
WARNING: sun.misc.Unsafe::objectFieldOffset has been called by org.openjdk.jmh.util.Utils (file:/C:/Users/Hareram%20ray/AI/numJ/.tools/jmh/jmh-core-1.37.jar)
WARNING: Please consider reporting this to the maintainers of class org.openjdk.jmh.util.Utils
WARNING: sun.misc.Unsafe::objectFieldOffset will be removed in a future release
# Warmup Iteration   1: 82254100.000 ns/op
# Warmup Iteration   2: 48665560.000 ns/op
# Warmup Iteration   3: 49016820.000 ns/op
# Warmup Iteration   4: 49567620.000 ns/op
# Warmup Iteration   5: 44691540.000 ns/op
Iteration   1: 44229320.000 ns/op
Iteration   2: 45882480.000 ns/op
Iteration   3: 44202680.000 ns/op
Iteration   4: 44329680.000 ns/op
Iteration   5: 47005040.000 ns/op


Result "numj.ElementwiseBench.numjAlloc":
  43498917.333 ±(99.9%) 2066187.735 ns/op [Average]
  (min, avg, max) = (39947400.000, 43498917.333, 47005040.000), stdev = 1932713.289
  CI (99.9%): [41432729.598, 45565105.068] (assumes normal distribution)


# JMH version: 1.37
# VM version: JDK 25.0.4.1, OpenJDK 64-Bit Server VM, 25.0.4.1+1-LTS
# VM invoker: C:\Users\Hareram ray\AI\numJ\.tools\jdk\bin\java.exe
# VM options: --enable-native-access=ALL-UNNAMED --enable-native-access=ALL-UNNAMED -Xms3g -Xmx3g -XX:+AlwaysPreTouch
# Blackhole mode: compiler (auto-detected, use -Djmh.blackhole.autoDetect=false to disable)
# Warmup: 5 iterations, 200 ms each
# Measurement: 5 iterations, 200 ms each
# Timeout: 10 min per iteration
# Threads: 1 thread, will synchronize iterations
# Benchmark mode: Average time, time/op
# Benchmark: numj.ElementwiseBench.numjAlloc
# Parameters: (layout = bcast, n = 16)

# Run progress: 37.93% complete, ETA 00:10:16
# Fork: 1 of 3
WARNING: A terminally deprecated method in sun.misc.Unsafe has been called
WARNING: sun.misc.Unsafe::objectFieldOffset has been called by org.openjdk.jmh.util.Utils (file:/C:/Users/Hareram%20ray/AI/numJ/.tools/jmh/jmh-core-1.37.jar)
WARNING: Please consider reporting this to the maintainers of class org.openjdk.jmh.util.Utils
WARNING: sun.misc.Unsafe::objectFieldOffset will be removed in a future release
# Warmup Iteration   1: 669.806 ns/op
# Warmup Iteration   2: 320.374 ns/op
# Warmup Iteration   3: 331.231 ns/op
# Warmup Iteration   4: 325.854 ns/op
# Warmup Iteration   5: 325.256 ns/op
Iteration   1: 318.752 ns/op
Iteration   2: 325.917 ns/op
Iteration   3: 316.443 ns/op
Iteration   4: 321.160 ns/op
Iteration   5: 332.729 ns/op

# Run progress: 38.22% complete, ETA 00:10:12
# Fork: 2 of 3
WARNING: A terminally deprecated method in sun.misc.Unsafe has been called
WARNING: sun.misc.Unsafe::objectFieldOffset has been called by org.openjdk.jmh.util.Utils (file:/C:/Users/Hareram%20ray/AI/numJ/.tools/jmh/jmh-core-1.37.jar)
WARNING: Please consider reporting this to the maintainers of class org.openjdk.jmh.util.Utils
WARNING: sun.misc.Unsafe::objectFieldOffset will be removed in a future release
# Warmup Iteration   1: 685.401 ns/op
# Warmup Iteration   2: 313.336 ns/op
# Warmup Iteration   3: 316.171 ns/op
# Warmup Iteration   4: 320.884 ns/op
# Warmup Iteration   5: 310.708 ns/op
Iteration   1: 316.294 ns/op
Iteration   2: 315.002 ns/op
Iteration   3: 317.984 ns/op
Iteration   4: 316.360 ns/op
Iteration   5: 321.220 ns/op

# Run progress: 38.51% complete, ETA 00:10:09
# Fork: 3 of 3
WARNING: A terminally deprecated method in sun.misc.Unsafe has been called
WARNING: sun.misc.Unsafe::objectFieldOffset has been called by org.openjdk.jmh.util.Utils (file:/C:/Users/Hareram%20ray/AI/numJ/.tools/jmh/jmh-core-1.37.jar)
WARNING: Please consider reporting this to the maintainers of class org.openjdk.jmh.util.Utils
WARNING: sun.misc.Unsafe::objectFieldOffset will be removed in a future release
# Warmup Iteration   1: 643.961 ns/op
# Warmup Iteration   2: 325.684 ns/op
# Warmup Iteration   3: 323.613 ns/op
# Warmup Iteration   4: 317.011 ns/op
# Warmup Iteration   5: 319.410 ns/op
Iteration   1: 320.306 ns/op
Iteration   2: 328.091 ns/op
Iteration   3: 319.734 ns/op
Iteration   4: 316.533 ns/op
Iteration   5: 316.293 ns/op


Result "numj.ElementwiseBench.numjAlloc":
  320.188 ±(99.9%) 5.428 ns/op [Average]
  (min, avg, max) = (315.002, 320.188, 332.729), stdev = 5.078
  CI (99.9%): [314.759, 325.616] (assumes normal distribution)


# JMH version: 1.37
# VM version: JDK 25.0.4.1, OpenJDK 64-Bit Server VM, 25.0.4.1+1-LTS
# VM invoker: C:\Users\Hareram ray\AI\numJ\.tools\jdk\bin\java.exe
# VM options: --enable-native-access=ALL-UNNAMED --enable-native-access=ALL-UNNAMED -Xms3g -Xmx3g -XX:+AlwaysPreTouch
# Blackhole mode: compiler (auto-detected, use -Djmh.blackhole.autoDetect=false to disable)
# Warmup: 5 iterations, 200 ms each
# Measurement: 5 iterations, 200 ms each
# Timeout: 10 min per iteration
# Threads: 1 thread, will synchronize iterations
# Benchmark mode: Average time, time/op
# Benchmark: numj.ElementwiseBench.numjAlloc
# Parameters: (layout = bcast, n = 1000)

# Run progress: 38.79% complete, ETA 00:10:06
# Fork: 1 of 3
WARNING: A terminally deprecated method in sun.misc.Unsafe has been called
WARNING: sun.misc.Unsafe::objectFieldOffset has been called by org.openjdk.jmh.util.Utils (file:/C:/Users/Hareram%20ray/AI/numJ/.tools/jmh/jmh-core-1.37.jar)
WARNING: Please consider reporting this to the maintainers of class org.openjdk.jmh.util.Utils
WARNING: sun.misc.Unsafe::objectFieldOffset will be removed in a future release
# Warmup Iteration   1: 3045.741 ns/op
# Warmup Iteration   2: 582.584 ns/op
# Warmup Iteration   3: 550.665 ns/op
# Warmup Iteration   4: 533.943 ns/op
# Warmup Iteration   5: 532.251 ns/op
Iteration   1: 544.981 ns/op
Iteration   2: 549.384 ns/op
Iteration   3: 546.094 ns/op
Iteration   4: 549.273 ns/op
Iteration   5: 539.628 ns/op

# Run progress: 39.08% complete, ETA 00:10:03
# Fork: 2 of 3
WARNING: A terminally deprecated method in sun.misc.Unsafe has been called
WARNING: sun.misc.Unsafe::objectFieldOffset has been called by org.openjdk.jmh.util.Utils (file:/C:/Users/Hareram%20ray/AI/numJ/.tools/jmh/jmh-core-1.37.jar)
WARNING: Please consider reporting this to the maintainers of class org.openjdk.jmh.util.Utils
WARNING: sun.misc.Unsafe::objectFieldOffset will be removed in a future release
# Warmup Iteration   1: 3035.289 ns/op
# Warmup Iteration   2: 566.699 ns/op
# Warmup Iteration   3: 597.977 ns/op
# Warmup Iteration   4: 550.980 ns/op
# Warmup Iteration   5: 531.163 ns/op
Iteration   1: 527.010 ns/op
Iteration   2: 545.676 ns/op
Iteration   3: 557.173 ns/op
Iteration   4: 547.710 ns/op
Iteration   5: 538.880 ns/op

# Run progress: 39.37% complete, ETA 00:10:00
# Fork: 3 of 3
WARNING: A terminally deprecated method in sun.misc.Unsafe has been called
WARNING: sun.misc.Unsafe::objectFieldOffset has been called by org.openjdk.jmh.util.Utils (file:/C:/Users/Hareram%20ray/AI/numJ/.tools/jmh/jmh-core-1.37.jar)
WARNING: Please consider reporting this to the maintainers of class org.openjdk.jmh.util.Utils
WARNING: sun.misc.Unsafe::objectFieldOffset will be removed in a future release
# Warmup Iteration   1: 3267.549 ns/op
# Warmup Iteration   2: 571.618 ns/op
# Warmup Iteration   3: 532.155 ns/op
# Warmup Iteration   4: 551.789 ns/op
# Warmup Iteration   5: 545.432 ns/op
Iteration   1: 537.473 ns/op
Iteration   2: 543.824 ns/op
Iteration   3: 535.752 ns/op
Iteration   4: 542.701 ns/op
Iteration   5: 545.984 ns/op


Result "numj.ElementwiseBench.numjAlloc":
  543.436 ±(99.9%) 7.547 ns/op [Average]
  (min, avg, max) = (527.010, 543.436, 557.173), stdev = 7.060
  CI (99.9%): [535.889, 550.983] (assumes normal distribution)


# JMH version: 1.37
# VM version: JDK 25.0.4.1, OpenJDK 64-Bit Server VM, 25.0.4.1+1-LTS
# VM invoker: C:\Users\Hareram ray\AI\numJ\.tools\jdk\bin\java.exe
# VM options: --enable-native-access=ALL-UNNAMED --enable-native-access=ALL-UNNAMED -Xms3g -Xmx3g -XX:+AlwaysPreTouch
# Blackhole mode: compiler (auto-detected, use -Djmh.blackhole.autoDetect=false to disable)
# Warmup: 5 iterations, 200 ms each
# Measurement: 5 iterations, 200 ms each
# Timeout: 10 min per iteration
# Threads: 1 thread, will synchronize iterations
# Benchmark mode: Average time, time/op
# Benchmark: numj.ElementwiseBench.numjAlloc
# Parameters: (layout = bcast, n = 100000)

# Run progress: 39.66% complete, ETA 00:09:56
# Fork: 1 of 3
WARNING: A terminally deprecated method in sun.misc.Unsafe has been called
WARNING: sun.misc.Unsafe::objectFieldOffset has been called by org.openjdk.jmh.util.Utils (file:/C:/Users/Hareram%20ray/AI/numJ/.tools/jmh/jmh-core-1.37.jar)
WARNING: Please consider reporting this to the maintainers of class org.openjdk.jmh.util.Utils
WARNING: sun.misc.Unsafe::objectFieldOffset will be removed in a future release
# Warmup Iteration   1: 64889.201 ns/op
# Warmup Iteration   2: 28784.697 ns/op
# Warmup Iteration   3: 25343.575 ns/op
# Warmup Iteration   4: 25691.311 ns/op
# Warmup Iteration   5: 24780.799 ns/op
Iteration   1: 25247.096 ns/op
Iteration   2: 25260.598 ns/op
Iteration   3: 26015.816 ns/op
Iteration   4: 25565.238 ns/op
Iteration   5: 25217.779 ns/op

# Run progress: 39.94% complete, ETA 00:09:53
# Fork: 2 of 3
WARNING: A terminally deprecated method in sun.misc.Unsafe has been called
WARNING: sun.misc.Unsafe::objectFieldOffset has been called by org.openjdk.jmh.util.Utils (file:/C:/Users/Hareram%20ray/AI/numJ/.tools/jmh/jmh-core-1.37.jar)
WARNING: Please consider reporting this to the maintainers of class org.openjdk.jmh.util.Utils
WARNING: sun.misc.Unsafe::objectFieldOffset will be removed in a future release
# Warmup Iteration   1: 59919.952 ns/op
# Warmup Iteration   2: 28396.622 ns/op
# Warmup Iteration   3: 26943.019 ns/op
# Warmup Iteration   4: 27081.576 ns/op
# Warmup Iteration   5: 27356.447 ns/op
Iteration   1: 26688.260 ns/op
Iteration   2: 27010.160 ns/op
Iteration   3: 27308.819 ns/op
Iteration   4: 27064.792 ns/op
Iteration   5: 26072.433 ns/op

# Run progress: 40.23% complete, ETA 00:09:50
# Fork: 3 of 3
WARNING: A terminally deprecated method in sun.misc.Unsafe has been called
WARNING: sun.misc.Unsafe::objectFieldOffset has been called by org.openjdk.jmh.util.Utils (file:/C:/Users/Hareram%20ray/AI/numJ/.tools/jmh/jmh-core-1.37.jar)
WARNING: Please consider reporting this to the maintainers of class org.openjdk.jmh.util.Utils
WARNING: sun.misc.Unsafe::objectFieldOffset will be removed in a future release
# Warmup Iteration   1: 66365.051 ns/op
# Warmup Iteration   2: 29323.546 ns/op
# Warmup Iteration   3: 24281.983 ns/op
# Warmup Iteration   4: 24470.727 ns/op
# Warmup Iteration   5: 23858.590 ns/op
Iteration   1: 24149.357 ns/op
Iteration   2: 24045.464 ns/op
Iteration   3: 23966.552 ns/op
Iteration   4: 24173.586 ns/op
Iteration   5: 24173.904 ns/op


Result "numj.ElementwiseBench.numjAlloc":
  25463.990 ±(99.9%) 1277.826 ns/op [Average]
  (min, avg, max) = (23966.552, 25463.990, 27308.819), stdev = 1195.279
  CI (99.9%): [24186.164, 26741.816] (assumes normal distribution)


# JMH version: 1.37
# VM version: JDK 25.0.4.1, OpenJDK 64-Bit Server VM, 25.0.4.1+1-LTS
# VM invoker: C:\Users\Hareram ray\AI\numJ\.tools\jdk\bin\java.exe
# VM options: --enable-native-access=ALL-UNNAMED --enable-native-access=ALL-UNNAMED -Xms3g -Xmx3g -XX:+AlwaysPreTouch
# Blackhole mode: compiler (auto-detected, use -Djmh.blackhole.autoDetect=false to disable)
# Warmup: 5 iterations, 200 ms each
# Measurement: 5 iterations, 200 ms each
# Timeout: 10 min per iteration
# Threads: 1 thread, will synchronize iterations
# Benchmark mode: Average time, time/op
# Benchmark: numj.ElementwiseBench.numjAlloc
# Parameters: (layout = bcast, n = 10000000)

# Run progress: 40.52% complete, ETA 00:09:47
# Fork: 1 of 3
WARNING: A terminally deprecated method in sun.misc.Unsafe has been called
WARNING: sun.misc.Unsafe::objectFieldOffset has been called by org.openjdk.jmh.util.Utils (file:/C:/Users/Hareram%20ray/AI/numJ/.tools/jmh/jmh-core-1.37.jar)
WARNING: Please consider reporting this to the maintainers of class org.openjdk.jmh.util.Utils
WARNING: sun.misc.Unsafe::objectFieldOffset will be removed in a future release
# Warmup Iteration   1: 52177200.000 ns/op
# Warmup Iteration   2: 30037285.714 ns/op
# Warmup Iteration   3: 33699166.667 ns/op
# Warmup Iteration   4: 28701328.571 ns/op
# Warmup Iteration   5: 26977650.000 ns/op
Iteration   1: 26567912.500 ns/op
Iteration   2: 27415162.500 ns/op
Iteration   3: 26703800.000 ns/op
Iteration   4: 27002175.000 ns/op
Iteration   5: 25989200.000 ns/op

# Run progress: 40.80% complete, ETA 00:09:44
# Fork: 2 of 3
WARNING: A terminally deprecated method in sun.misc.Unsafe has been called
WARNING: sun.misc.Unsafe::objectFieldOffset has been called by org.openjdk.jmh.util.Utils (file:/C:/Users/Hareram%20ray/AI/numJ/.tools/jmh/jmh-core-1.37.jar)
WARNING: Please consider reporting this to the maintainers of class org.openjdk.jmh.util.Utils
WARNING: sun.misc.Unsafe::objectFieldOffset will be removed in a future release
# Warmup Iteration   1: 51002800.000 ns/op
# Warmup Iteration   2: 28075000.000 ns/op
# Warmup Iteration   3: 29151942.857 ns/op
# Warmup Iteration   4: 29421885.714 ns/op
# Warmup Iteration   5: 27172937.500 ns/op
Iteration   1: 27526925.000 ns/op
Iteration   2: 25509012.500 ns/op
Iteration   3: 28146050.000 ns/op
Iteration   4: 28074100.000 ns/op
Iteration   5: 26753587.500 ns/op

# Run progress: 41.09% complete, ETA 00:09:41
# Fork: 3 of 3
WARNING: A terminally deprecated method in sun.misc.Unsafe has been called
WARNING: sun.misc.Unsafe::objectFieldOffset has been called by org.openjdk.jmh.util.Utils (file:/C:/Users/Hareram%20ray/AI/numJ/.tools/jmh/jmh-core-1.37.jar)
WARNING: Please consider reporting this to the maintainers of class org.openjdk.jmh.util.Utils
WARNING: sun.misc.Unsafe::objectFieldOffset will be removed in a future release
# Warmup Iteration   1: 45444500.000 ns/op
# Warmup Iteration   2: 27213525.000 ns/op
# Warmup Iteration   3: 28129375.000 ns/op
# Warmup Iteration   4: 28522437.500 ns/op
# Warmup Iteration   5: 30059557.143 ns/op
Iteration   1: 28496825.000 ns/op
Iteration   2: 27362600.000 ns/op
Iteration   3: 27152312.500 ns/op
Iteration   4: 29616328.571 ns/op
Iteration   5: 27748062.500 ns/op


Result "numj.ElementwiseBench.numjAlloc":
  27337603.571 ±(99.9%) 1091255.436 ns/op [Average]
  (min, avg, max) = (25509012.500, 27337603.571, 29616328.571), stdev = 1020761.012
  CI (99.9%): [26246348.136, 28428859.007] (assumes normal distribution)


# JMH version: 1.37
# VM version: JDK 25.0.4.1, OpenJDK 64-Bit Server VM, 25.0.4.1+1-LTS
# VM invoker: C:\Users\Hareram ray\AI\numJ\.tools\jdk\bin\java.exe
# VM options: --enable-native-access=ALL-UNNAMED --enable-native-access=ALL-UNNAMED -Xms2g -Xmx2g -XX:+AlwaysPreTouch
# Blackhole mode: compiler (auto-detected, use -Djmh.blackhole.autoDetect=false to disable)
# Warmup: 5 iterations, 200 ms each
# Measurement: 5 iterations, 200 ms each
# Timeout: 10 min per iteration
# Threads: 1 thread, will synchronize iterations
# Benchmark mode: Average time, time/op
# Benchmark: numj.FusedBench.fused
# Parameters: (layout = contig, n = 1000)

# Run progress: 41.38% complete, ETA 00:09:38
# Fork: 1 of 3
WARNING: A terminally deprecated method in sun.misc.Unsafe has been called
WARNING: sun.misc.Unsafe::objectFieldOffset has been called by org.openjdk.jmh.util.Utils (file:/C:/Users/Hareram%20ray/AI/numJ/.tools/jmh/jmh-core-1.37.jar)
WARNING: Please consider reporting this to the maintainers of class org.openjdk.jmh.util.Utils
WARNING: sun.misc.Unsafe::objectFieldOffset will be removed in a future release
# Warmup Iteration   1: 202.250 ns/op
# Warmup Iteration   2: 113.543 ns/op
# Warmup Iteration   3: 114.248 ns/op
# Warmup Iteration   4: 111.722 ns/op
# Warmup Iteration   5: 111.330 ns/op
Iteration   1: 111.407 ns/op
Iteration   2: 112.821 ns/op
Iteration   3: 113.380 ns/op
Iteration   4: 112.262 ns/op
Iteration   5: 112.952 ns/op

# Run progress: 41.67% complete, ETA 00:09:35
# Fork: 2 of 3
WARNING: A terminally deprecated method in sun.misc.Unsafe has been called
WARNING: sun.misc.Unsafe::objectFieldOffset has been called by org.openjdk.jmh.util.Utils (file:/C:/Users/Hareram%20ray/AI/numJ/.tools/jmh/jmh-core-1.37.jar)
WARNING: Please consider reporting this to the maintainers of class org.openjdk.jmh.util.Utils
WARNING: sun.misc.Unsafe::objectFieldOffset will be removed in a future release
# Warmup Iteration   1: 184.209 ns/op
# Warmup Iteration   2: 111.888 ns/op
# Warmup Iteration   3: 112.190 ns/op
# Warmup Iteration   4: 111.554 ns/op
# Warmup Iteration   5: 115.132 ns/op
Iteration   1: 112.206 ns/op
Iteration   2: 116.101 ns/op
Iteration   3: 110.640 ns/op
Iteration   4: 111.898 ns/op
Iteration   5: 112.897 ns/op

# Run progress: 41.95% complete, ETA 00:09:32
# Fork: 3 of 3
WARNING: A terminally deprecated method in sun.misc.Unsafe has been called
WARNING: sun.misc.Unsafe::objectFieldOffset has been called by org.openjdk.jmh.util.Utils (file:/C:/Users/Hareram%20ray/AI/numJ/.tools/jmh/jmh-core-1.37.jar)
WARNING: Please consider reporting this to the maintainers of class org.openjdk.jmh.util.Utils
WARNING: sun.misc.Unsafe::objectFieldOffset will be removed in a future release
# Warmup Iteration   1: 223.186 ns/op
# Warmup Iteration   2: 113.599 ns/op
# Warmup Iteration   3: 112.249 ns/op
# Warmup Iteration   4: 114.786 ns/op
# Warmup Iteration   5: 112.219 ns/op
Iteration   1: 115.152 ns/op
Iteration   2: 112.482 ns/op
Iteration   3: 114.201 ns/op
Iteration   4: 113.112 ns/op
Iteration   5: 113.334 ns/op


Result "numj.FusedBench.fused":
  112.990 ±(99.9%) 1.478 ns/op [Average]
  (min, avg, max) = (110.640, 112.990, 116.101), stdev = 1.383
  CI (99.9%): [111.512, 114.468] (assumes normal distribution)


# JMH version: 1.37
# VM version: JDK 25.0.4.1, OpenJDK 64-Bit Server VM, 25.0.4.1+1-LTS
# VM invoker: C:\Users\Hareram ray\AI\numJ\.tools\jdk\bin\java.exe
# VM options: --enable-native-access=ALL-UNNAMED --enable-native-access=ALL-UNNAMED -Xms2g -Xmx2g -XX:+AlwaysPreTouch
# Blackhole mode: compiler (auto-detected, use -Djmh.blackhole.autoDetect=false to disable)
# Warmup: 5 iterations, 200 ms each
# Measurement: 5 iterations, 200 ms each
# Timeout: 10 min per iteration
# Threads: 1 thread, will synchronize iterations
# Benchmark mode: Average time, time/op
# Benchmark: numj.FusedBench.fused
# Parameters: (layout = contig, n = 100000)

# Run progress: 42.24% complete, ETA 00:09:29
# Fork: 1 of 3
WARNING: A terminally deprecated method in sun.misc.Unsafe has been called
WARNING: sun.misc.Unsafe::objectFieldOffset has been called by org.openjdk.jmh.util.Utils (file:/C:/Users/Hareram%20ray/AI/numJ/.tools/jmh/jmh-core-1.37.jar)
WARNING: Please consider reporting this to the maintainers of class org.openjdk.jmh.util.Utils
WARNING: sun.misc.Unsafe::objectFieldOffset will be removed in a future release
# Warmup Iteration   1: 53320.622 ns/op
# Warmup Iteration   2: 31776.884 ns/op
# Warmup Iteration   3: 28605.764 ns/op
# Warmup Iteration   4: 30994.807 ns/op
# Warmup Iteration   5: 31718.503 ns/op
Iteration   1: 31357.651 ns/op
Iteration   2: 32161.228 ns/op
Iteration   3: 31527.614 ns/op
Iteration   4: 29859.640 ns/op
Iteration   5: 30348.838 ns/op

# Run progress: 42.53% complete, ETA 00:09:25
# Fork: 2 of 3
WARNING: A terminally deprecated method in sun.misc.Unsafe has been called
WARNING: sun.misc.Unsafe::objectFieldOffset has been called by org.openjdk.jmh.util.Utils (file:/C:/Users/Hareram%20ray/AI/numJ/.tools/jmh/jmh-core-1.37.jar)
WARNING: Please consider reporting this to the maintainers of class org.openjdk.jmh.util.Utils
WARNING: sun.misc.Unsafe::objectFieldOffset will be removed in a future release
# Warmup Iteration   1: 60117.050 ns/op
# Warmup Iteration   2: 29586.757 ns/op
# Warmup Iteration   3: 28971.250 ns/op
# Warmup Iteration   4: 28456.858 ns/op
# Warmup Iteration   5: 28047.368 ns/op
Iteration   1: 29327.849 ns/op
Iteration   2: 30186.291 ns/op
Iteration   3: 30024.326 ns/op
Iteration   4: 29152.617 ns/op
Iteration   5: 28642.081 ns/op

# Run progress: 42.82% complete, ETA 00:09:22
# Fork: 3 of 3
WARNING: A terminally deprecated method in sun.misc.Unsafe has been called
WARNING: sun.misc.Unsafe::objectFieldOffset has been called by org.openjdk.jmh.util.Utils (file:/C:/Users/Hareram%20ray/AI/numJ/.tools/jmh/jmh-core-1.37.jar)
WARNING: Please consider reporting this to the maintainers of class org.openjdk.jmh.util.Utils
WARNING: sun.misc.Unsafe::objectFieldOffset will be removed in a future release
# Warmup Iteration   1: 54610.000 ns/op
# Warmup Iteration   2: 30640.177 ns/op
# Warmup Iteration   3: 29631.637 ns/op
# Warmup Iteration   4: 30463.966 ns/op
# Warmup Iteration   5: 29142.333 ns/op
Iteration   1: 28851.613 ns/op
Iteration   2: 29226.116 ns/op
Iteration   3: 30282.094 ns/op
Iteration   4: 29459.797 ns/op
Iteration   5: 29867.245 ns/op


Result "numj.FusedBench.fused":
  30018.333 ±(99.9%) 1081.959 ns/op [Average]
  (min, avg, max) = (28642.081, 30018.333, 32161.228), stdev = 1012.065
  CI (99.9%): [28936.374, 31100.293] (assumes normal distribution)


# JMH version: 1.37
# VM version: JDK 25.0.4.1, OpenJDK 64-Bit Server VM, 25.0.4.1+1-LTS
# VM invoker: C:\Users\Hareram ray\AI\numJ\.tools\jdk\bin\java.exe
# VM options: --enable-native-access=ALL-UNNAMED --enable-native-access=ALL-UNNAMED -Xms2g -Xmx2g -XX:+AlwaysPreTouch
# Blackhole mode: compiler (auto-detected, use -Djmh.blackhole.autoDetect=false to disable)
# Warmup: 5 iterations, 200 ms each
# Measurement: 5 iterations, 200 ms each
# Timeout: 10 min per iteration
# Threads: 1 thread, will synchronize iterations
# Benchmark mode: Average time, time/op
# Benchmark: numj.FusedBench.fused
# Parameters: (layout = contig, n = 10000000)

# Run progress: 43.10% complete, ETA 00:09:19
# Fork: 1 of 3
WARNING: A terminally deprecated method in sun.misc.Unsafe has been called
WARNING: sun.misc.Unsafe::objectFieldOffset has been called by org.openjdk.jmh.util.Utils (file:/C:/Users/Hareram%20ray/AI/numJ/.tools/jmh/jmh-core-1.37.jar)
WARNING: Please consider reporting this to the maintainers of class org.openjdk.jmh.util.Utils
WARNING: sun.misc.Unsafe::objectFieldOffset will be removed in a future release
# Warmup Iteration   1: 25432787.500 ns/op
# Warmup Iteration   2: 13139043.750 ns/op
# Warmup Iteration   3: 12070052.941 ns/op
# Warmup Iteration   4: 12605152.941 ns/op
# Warmup Iteration   5: 14150206.667 ns/op
Iteration   1: 14985021.429 ns/op
Iteration   2: 13722773.333 ns/op
Iteration   3: 13554373.333 ns/op
Iteration   4: 12589512.500 ns/op
Iteration   5: 13690380.000 ns/op

# Run progress: 43.39% complete, ETA 00:09:16
# Fork: 2 of 3
WARNING: A terminally deprecated method in sun.misc.Unsafe has been called
WARNING: sun.misc.Unsafe::objectFieldOffset has been called by org.openjdk.jmh.util.Utils (file:/C:/Users/Hareram%20ray/AI/numJ/.tools/jmh/jmh-core-1.37.jar)
WARNING: Please consider reporting this to the maintainers of class org.openjdk.jmh.util.Utils
WARNING: sun.misc.Unsafe::objectFieldOffset will be removed in a future release
# Warmup Iteration   1: 26564550.000 ns/op
# Warmup Iteration   2: 13020500.000 ns/op
# Warmup Iteration   3: 13587233.333 ns/op
# Warmup Iteration   4: 13560706.667 ns/op
# Warmup Iteration   5: 14039693.333 ns/op
Iteration   1: 13362450.000 ns/op
Iteration   2: 13274437.500 ns/op
Iteration   3: 13799260.000 ns/op
Iteration   4: 13258318.750 ns/op
Iteration   5: 12682981.250 ns/op

# Run progress: 43.68% complete, ETA 00:09:13
# Fork: 3 of 3
WARNING: A terminally deprecated method in sun.misc.Unsafe has been called
WARNING: sun.misc.Unsafe::objectFieldOffset has been called by org.openjdk.jmh.util.Utils (file:/C:/Users/Hareram%20ray/AI/numJ/.tools/jmh/jmh-core-1.37.jar)
WARNING: Please consider reporting this to the maintainers of class org.openjdk.jmh.util.Utils
WARNING: sun.misc.Unsafe::objectFieldOffset will be removed in a future release
# Warmup Iteration   1: 22487133.333 ns/op
# Warmup Iteration   2: 13069350.000 ns/op
# Warmup Iteration   3: 13158106.250 ns/op
# Warmup Iteration   4: 13373260.000 ns/op
# Warmup Iteration   5: 13435713.333 ns/op
Iteration   1: 13427793.750 ns/op
Iteration   2: 13216356.250 ns/op
Iteration   3: 12675375.000 ns/op
Iteration   4: 13421653.333 ns/op
Iteration   5: 12371523.529 ns/op


Result "numj.FusedBench.fused":
  13335480.664 ±(99.9%) 679004.516 ns/op [Average]
  (min, avg, max) = (12371523.529, 13335480.664, 14985021.429), stdev = 635141.245
  CI (99.9%): [12656476.148, 14014485.180] (assumes normal distribution)


# JMH version: 1.37
# VM version: JDK 25.0.4.1, OpenJDK 64-Bit Server VM, 25.0.4.1+1-LTS
# VM invoker: C:\Users\Hareram ray\AI\numJ\.tools\jdk\bin\java.exe
# VM options: --enable-native-access=ALL-UNNAMED --enable-native-access=ALL-UNNAMED -Xms2g -Xmx2g -XX:+AlwaysPreTouch
# Blackhole mode: compiler (auto-detected, use -Djmh.blackhole.autoDetect=false to disable)
# Warmup: 5 iterations, 200 ms each
# Measurement: 5 iterations, 200 ms each
# Timeout: 10 min per iteration
# Threads: 1 thread, will synchronize iterations
# Benchmark mode: Average time, time/op
# Benchmark: numj.FusedBench.fused
# Parameters: (layout = transposed, n = 1000)

# Run progress: 43.97% complete, ETA 00:09:10
# Fork: 1 of 3
WARNING: A terminally deprecated method in sun.misc.Unsafe has been called
WARNING: sun.misc.Unsafe::objectFieldOffset has been called by org.openjdk.jmh.util.Utils (file:/C:/Users/Hareram%20ray/AI/numJ/.tools/jmh/jmh-core-1.37.jar)
WARNING: Please consider reporting this to the maintainers of class org.openjdk.jmh.util.Utils
WARNING: sun.misc.Unsafe::objectFieldOffset will be removed in a future release
# Warmup Iteration   1: 2939.978 ns/op
# Warmup Iteration   2: 1246.113 ns/op
# Warmup Iteration   3: 1293.705 ns/op
# Warmup Iteration   4: 1247.673 ns/op
# Warmup Iteration   5: 1236.168 ns/op
Iteration   1: 1277.513 ns/op
Iteration   2: 1262.727 ns/op
Iteration   3: 1245.826 ns/op
Iteration   4: 1280.409 ns/op
Iteration   5: 1230.041 ns/op

# Run progress: 44.25% complete, ETA 00:09:07
# Fork: 2 of 3
WARNING: A terminally deprecated method in sun.misc.Unsafe has been called
WARNING: sun.misc.Unsafe::objectFieldOffset has been called by org.openjdk.jmh.util.Utils (file:/C:/Users/Hareram%20ray/AI/numJ/.tools/jmh/jmh-core-1.37.jar)
WARNING: Please consider reporting this to the maintainers of class org.openjdk.jmh.util.Utils
WARNING: sun.misc.Unsafe::objectFieldOffset will be removed in a future release
# Warmup Iteration   1: 3044.967 ns/op
# Warmup Iteration   2: 1239.093 ns/op
# Warmup Iteration   3: 1253.916 ns/op
# Warmup Iteration   4: 1267.906 ns/op
# Warmup Iteration   5: 1261.610 ns/op
Iteration   1: 1270.205 ns/op
Iteration   2: 1248.136 ns/op
Iteration   3: 1269.302 ns/op
Iteration   4: 1263.590 ns/op
Iteration   5: 1259.682 ns/op

# Run progress: 44.54% complete, ETA 00:09:04
# Fork: 3 of 3
WARNING: A terminally deprecated method in sun.misc.Unsafe has been called
WARNING: sun.misc.Unsafe::objectFieldOffset has been called by org.openjdk.jmh.util.Utils (file:/C:/Users/Hareram%20ray/AI/numJ/.tools/jmh/jmh-core-1.37.jar)
WARNING: Please consider reporting this to the maintainers of class org.openjdk.jmh.util.Utils
WARNING: sun.misc.Unsafe::objectFieldOffset will be removed in a future release
# Warmup Iteration   1: 3185.664 ns/op
# Warmup Iteration   2: 1274.346 ns/op
# Warmup Iteration   3: 1226.909 ns/op
# Warmup Iteration   4: 1210.061 ns/op
# Warmup Iteration   5: 1226.113 ns/op
Iteration   1: 1234.548 ns/op
Iteration   2: 1254.624 ns/op
Iteration   3: 1252.777 ns/op
Iteration   4: 1210.270 ns/op
Iteration   5: 1214.963 ns/op


Result "numj.FusedBench.fused":
  1251.641 ±(99.9%) 22.778 ns/op [Average]
  (min, avg, max) = (1210.270, 1251.641, 1280.409), stdev = 21.307
  CI (99.9%): [1228.863, 1274.419] (assumes normal distribution)


# JMH version: 1.37
# VM version: JDK 25.0.4.1, OpenJDK 64-Bit Server VM, 25.0.4.1+1-LTS
# VM invoker: C:\Users\Hareram ray\AI\numJ\.tools\jdk\bin\java.exe
# VM options: --enable-native-access=ALL-UNNAMED --enable-native-access=ALL-UNNAMED -Xms2g -Xmx2g -XX:+AlwaysPreTouch
# Blackhole mode: compiler (auto-detected, use -Djmh.blackhole.autoDetect=false to disable)
# Warmup: 5 iterations, 200 ms each
# Measurement: 5 iterations, 200 ms each
# Timeout: 10 min per iteration
# Threads: 1 thread, will synchronize iterations
# Benchmark mode: Average time, time/op
# Benchmark: numj.FusedBench.fused
# Parameters: (layout = transposed, n = 100000)

# Run progress: 44.83% complete, ETA 00:09:01
# Fork: 1 of 3
WARNING: A terminally deprecated method in sun.misc.Unsafe has been called
WARNING: sun.misc.Unsafe::objectFieldOffset has been called by org.openjdk.jmh.util.Utils (file:/C:/Users/Hareram%20ray/AI/numJ/.tools/jmh/jmh-core-1.37.jar)
WARNING: Please consider reporting this to the maintainers of class org.openjdk.jmh.util.Utils
WARNING: sun.misc.Unsafe::objectFieldOffset will be removed in a future release
# Warmup Iteration   1: 251223.404 ns/op
# Warmup Iteration   2: 150779.054 ns/op
# Warmup Iteration   3: 150612.782 ns/op
# Warmup Iteration   4: 152258.748 ns/op
# Warmup Iteration   5: 146318.042 ns/op
Iteration   1: 156302.877 ns/op
Iteration   2: 150262.398 ns/op
Iteration   3: 149636.045 ns/op
Iteration   4: 151147.594 ns/op
Iteration   5: 152988.258 ns/op

# Run progress: 45.11% complete, ETA 00:08:58
# Fork: 2 of 3
WARNING: A terminally deprecated method in sun.misc.Unsafe has been called
WARNING: sun.misc.Unsafe::objectFieldOffset has been called by org.openjdk.jmh.util.Utils (file:/C:/Users/Hareram%20ray/AI/numJ/.tools/jmh/jmh-core-1.37.jar)
WARNING: Please consider reporting this to the maintainers of class org.openjdk.jmh.util.Utils
WARNING: sun.misc.Unsafe::objectFieldOffset will be removed in a future release
# Warmup Iteration   1: 282313.080 ns/op
# Warmup Iteration   2: 146555.095 ns/op
# Warmup Iteration   3: 143642.181 ns/op
# Warmup Iteration   4: 144982.779 ns/op
# Warmup Iteration   5: 154153.252 ns/op
Iteration   1: 145453.077 ns/op
Iteration   2: 146290.869 ns/op
Iteration   3: 149047.739 ns/op
Iteration   4: 147592.841 ns/op
Iteration   5: 145993.700 ns/op

# Run progress: 45.40% complete, ETA 00:08:54
# Fork: 3 of 3
WARNING: A terminally deprecated method in sun.misc.Unsafe has been called
WARNING: sun.misc.Unsafe::objectFieldOffset has been called by org.openjdk.jmh.util.Utils (file:/C:/Users/Hareram%20ray/AI/numJ/.tools/jmh/jmh-core-1.37.jar)
WARNING: Please consider reporting this to the maintainers of class org.openjdk.jmh.util.Utils
WARNING: sun.misc.Unsafe::objectFieldOffset will be removed in a future release
# Warmup Iteration   1: 271461.290 ns/op
# Warmup Iteration   2: 146825.899 ns/op
# Warmup Iteration   3: 146116.933 ns/op
# Warmup Iteration   4: 148636.605 ns/op
# Warmup Iteration   5: 144141.637 ns/op
Iteration   1: 145467.681 ns/op
Iteration   2: 148754.145 ns/op
Iteration   3: 150519.730 ns/op
Iteration   4: 149644.148 ns/op
Iteration   5: 152580.633 ns/op


Result "numj.FusedBench.fused":
  149445.449 ±(99.9%) 3281.357 ns/op [Average]
  (min, avg, max) = (145453.077, 149445.449, 156302.877), stdev = 3069.384
  CI (99.9%): [146164.092, 152726.806] (assumes normal distribution)


# JMH version: 1.37
# VM version: JDK 25.0.4.1, OpenJDK 64-Bit Server VM, 25.0.4.1+1-LTS
# VM invoker: C:\Users\Hareram ray\AI\numJ\.tools\jdk\bin\java.exe
# VM options: --enable-native-access=ALL-UNNAMED --enable-native-access=ALL-UNNAMED -Xms2g -Xmx2g -XX:+AlwaysPreTouch
# Blackhole mode: compiler (auto-detected, use -Djmh.blackhole.autoDetect=false to disable)
# Warmup: 5 iterations, 200 ms each
# Measurement: 5 iterations, 200 ms each
# Timeout: 10 min per iteration
# Threads: 1 thread, will synchronize iterations
# Benchmark mode: Average time, time/op
# Benchmark: numj.FusedBench.fused
# Parameters: (layout = transposed, n = 10000000)

# Run progress: 45.69% complete, ETA 00:08:51
# Fork: 1 of 3
WARNING: A terminally deprecated method in sun.misc.Unsafe has been called
WARNING: sun.misc.Unsafe::objectFieldOffset has been called by org.openjdk.jmh.util.Utils (file:/C:/Users/Hareram%20ray/AI/numJ/.tools/jmh/jmh-core-1.37.jar)
WARNING: Please consider reporting this to the maintainers of class org.openjdk.jmh.util.Utils
WARNING: sun.misc.Unsafe::objectFieldOffset will be removed in a future release
# Warmup Iteration   1: 351140700.000 ns/op
# Warmup Iteration   2: 210014500.000 ns/op
# Warmup Iteration   3: 277005200.000 ns/op
# Warmup Iteration   4: 292320200.000 ns/op
# Warmup Iteration   5: 214772700.000 ns/op
Iteration   1: 242771000.000 ns/op
Iteration   2: 205808400.000 ns/op
Iteration   3: 206853900.000 ns/op
Iteration   4: 196936100.000 ns/op
Iteration   5: 223148600.000 ns/op

# Run progress: 45.98% complete, ETA 00:08:49
# Fork: 2 of 3
WARNING: A terminally deprecated method in sun.misc.Unsafe has been called
WARNING: sun.misc.Unsafe::objectFieldOffset has been called by org.openjdk.jmh.util.Utils (file:/C:/Users/Hareram%20ray/AI/numJ/.tools/jmh/jmh-core-1.37.jar)
WARNING: Please consider reporting this to the maintainers of class org.openjdk.jmh.util.Utils
WARNING: sun.misc.Unsafe::objectFieldOffset will be removed in a future release
# Warmup Iteration   1: 333978000.000 ns/op
# Warmup Iteration   2: 204861000.000 ns/op
# Warmup Iteration   3: 201157600.000 ns/op
# Warmup Iteration   4: 205753300.000 ns/op
# Warmup Iteration   5: 202177700.000 ns/op
Iteration   1: 252739500.000 ns/op
Iteration   2: 204153100.000 ns/op
Iteration   3: 199579550.000 ns/op
Iteration   4: 201324400.000 ns/op
Iteration   5: 277965200.000 ns/op

# Run progress: 46.26% complete, ETA 00:08:47
# Fork: 3 of 3
WARNING: A terminally deprecated method in sun.misc.Unsafe has been called
WARNING: sun.misc.Unsafe::objectFieldOffset has been called by org.openjdk.jmh.util.Utils (file:/C:/Users/Hareram%20ray/AI/numJ/.tools/jmh/jmh-core-1.37.jar)
WARNING: Please consider reporting this to the maintainers of class org.openjdk.jmh.util.Utils
WARNING: sun.misc.Unsafe::objectFieldOffset will be removed in a future release
# Warmup Iteration   1: 349320000.000 ns/op
# Warmup Iteration   2: 222124750.000 ns/op
# Warmup Iteration   3: 231717350.000 ns/op
# Warmup Iteration   4: 260316100.000 ns/op
# Warmup Iteration   5: 212342350.000 ns/op
Iteration   1: 203948050.000 ns/op
Iteration   2: 203555700.000 ns/op
Iteration   3: 202839500.000 ns/op
Iteration   4: 287155600.000 ns/op
Iteration   5: 245370100.000 ns/op


Result "numj.FusedBench.fused":
  223609913.333 ±(99.9%) 32153093.463 ns/op [Average]
  (min, avg, max) = (196936100.000, 223609913.333, 287155600.000), stdev = 30076023.577
  CI (99.9%): [191456819.870, 255763006.797] (assumes normal distribution)


# JMH version: 1.37
# VM version: JDK 25.0.4.1, OpenJDK 64-Bit Server VM, 25.0.4.1+1-LTS
# VM invoker: C:\Users\Hareram ray\AI\numJ\.tools\jdk\bin\java.exe
# VM options: --enable-native-access=ALL-UNNAMED --enable-native-access=ALL-UNNAMED -Xms2g -Xmx2g -XX:+AlwaysPreTouch
# Blackhole mode: compiler (auto-detected, use -Djmh.blackhole.autoDetect=false to disable)
# Warmup: 5 iterations, 200 ms each
# Measurement: 5 iterations, 200 ms each
# Timeout: 10 min per iteration
# Threads: 1 thread, will synchronize iterations
# Benchmark mode: Average time, time/op
# Benchmark: numj.FusedBench.java
# Parameters: (layout = contig, n = 1000)

# Run progress: 46.55% complete, ETA 00:08:45
# Fork: 1 of 3
WARNING: A terminally deprecated method in sun.misc.Unsafe has been called
WARNING: sun.misc.Unsafe::objectFieldOffset has been called by org.openjdk.jmh.util.Utils (file:/C:/Users/Hareram%20ray/AI/numJ/.tools/jmh/jmh-core-1.37.jar)
WARNING: Please consider reporting this to the maintainers of class org.openjdk.jmh.util.Utils
WARNING: sun.misc.Unsafe::objectFieldOffset will be removed in a future release
# Warmup Iteration   1: 459.255 ns/op
# Warmup Iteration   2: 431.070 ns/op
# Warmup Iteration   3: 442.021 ns/op
# Warmup Iteration   4: 435.438 ns/op
# Warmup Iteration   5: 432.401 ns/op
Iteration   1: 434.330 ns/op
Iteration   2: 436.137 ns/op
Iteration   3: 436.208 ns/op
Iteration   4: 438.309 ns/op
Iteration   5: 443.165 ns/op

# Run progress: 46.84% complete, ETA 00:08:42
# Fork: 2 of 3
WARNING: A terminally deprecated method in sun.misc.Unsafe has been called
WARNING: sun.misc.Unsafe::objectFieldOffset has been called by org.openjdk.jmh.util.Utils (file:/C:/Users/Hareram%20ray/AI/numJ/.tools/jmh/jmh-core-1.37.jar)
WARNING: Please consider reporting this to the maintainers of class org.openjdk.jmh.util.Utils
WARNING: sun.misc.Unsafe::objectFieldOffset will be removed in a future release
# Warmup Iteration   1: 460.898 ns/op
# Warmup Iteration   2: 433.448 ns/op
# Warmup Iteration   3: 433.991 ns/op
# Warmup Iteration   4: 434.330 ns/op
# Warmup Iteration   5: 444.571 ns/op
Iteration   1: 442.722 ns/op
Iteration   2: 437.558 ns/op
Iteration   3: 433.603 ns/op
Iteration   4: 441.710 ns/op
Iteration   5: 441.620 ns/op

# Run progress: 47.13% complete, ETA 00:08:39
# Fork: 3 of 3
WARNING: A terminally deprecated method in sun.misc.Unsafe has been called
WARNING: sun.misc.Unsafe::objectFieldOffset has been called by org.openjdk.jmh.util.Utils (file:/C:/Users/Hareram%20ray/AI/numJ/.tools/jmh/jmh-core-1.37.jar)
WARNING: Please consider reporting this to the maintainers of class org.openjdk.jmh.util.Utils
WARNING: sun.misc.Unsafe::objectFieldOffset will be removed in a future release
# Warmup Iteration   1: 462.132 ns/op
# Warmup Iteration   2: 434.258 ns/op
# Warmup Iteration   3: 450.722 ns/op
# Warmup Iteration   4: 435.818 ns/op
# Warmup Iteration   5: 495.827 ns/op
Iteration   1: 436.848 ns/op
Iteration   2: 433.241 ns/op
Iteration   3: 429.716 ns/op
Iteration   4: 432.717 ns/op
Iteration   5: 431.954 ns/op


Result "numj.FusedBench.java":
  436.656 ±(99.9%) 4.478 ns/op [Average]
  (min, avg, max) = (429.716, 436.656, 443.165), stdev = 4.188
  CI (99.9%): [432.178, 441.134] (assumes normal distribution)


# JMH version: 1.37
# VM version: JDK 25.0.4.1, OpenJDK 64-Bit Server VM, 25.0.4.1+1-LTS
# VM invoker: C:\Users\Hareram ray\AI\numJ\.tools\jdk\bin\java.exe
# VM options: --enable-native-access=ALL-UNNAMED --enable-native-access=ALL-UNNAMED -Xms2g -Xmx2g -XX:+AlwaysPreTouch
# Blackhole mode: compiler (auto-detected, use -Djmh.blackhole.autoDetect=false to disable)
# Warmup: 5 iterations, 200 ms each
# Measurement: 5 iterations, 200 ms each
# Timeout: 10 min per iteration
# Threads: 1 thread, will synchronize iterations
# Benchmark mode: Average time, time/op
# Benchmark: numj.FusedBench.java
# Parameters: (layout = contig, n = 100000)

# Run progress: 47.41% complete, ETA 00:08:36
# Fork: 1 of 3
WARNING: A terminally deprecated method in sun.misc.Unsafe has been called
WARNING: sun.misc.Unsafe::objectFieldOffset has been called by org.openjdk.jmh.util.Utils (file:/C:/Users/Hareram%20ray/AI/numJ/.tools/jmh/jmh-core-1.37.jar)
WARNING: Please consider reporting this to the maintainers of class org.openjdk.jmh.util.Utils
WARNING: sun.misc.Unsafe::objectFieldOffset will be removed in a future release
# Warmup Iteration   1: 47875.089 ns/op
# Warmup Iteration   2: 49399.755 ns/op
# Warmup Iteration   3: 47767.165 ns/op
# Warmup Iteration   4: 47707.571 ns/op
# Warmup Iteration   5: 48034.193 ns/op
Iteration   1: 47609.431 ns/op
Iteration   2: 50574.937 ns/op
Iteration   3: 46136.053 ns/op
Iteration   4: 45833.128 ns/op
Iteration   5: 47831.211 ns/op

# Run progress: 47.70% complete, ETA 00:08:33
# Fork: 2 of 3
WARNING: A terminally deprecated method in sun.misc.Unsafe has been called
WARNING: sun.misc.Unsafe::objectFieldOffset has been called by org.openjdk.jmh.util.Utils (file:/C:/Users/Hareram%20ray/AI/numJ/.tools/jmh/jmh-core-1.37.jar)
WARNING: Please consider reporting this to the maintainers of class org.openjdk.jmh.util.Utils
WARNING: sun.misc.Unsafe::objectFieldOffset will be removed in a future release
# Warmup Iteration   1: 51064.706 ns/op
# Warmup Iteration   2: 46381.073 ns/op
# Warmup Iteration   3: 48619.150 ns/op
# Warmup Iteration   4: 47031.735 ns/op
# Warmup Iteration   5: 48159.716 ns/op
Iteration   1: 47878.922 ns/op
Iteration   2: 46291.448 ns/op
Iteration   3: 49430.418 ns/op
Iteration   4: 46844.123 ns/op
Iteration   5: 46995.912 ns/op

# Run progress: 47.99% complete, ETA 00:08:29
# Fork: 3 of 3
WARNING: A terminally deprecated method in sun.misc.Unsafe has been called
WARNING: sun.misc.Unsafe::objectFieldOffset has been called by org.openjdk.jmh.util.Utils (file:/C:/Users/Hareram%20ray/AI/numJ/.tools/jmh/jmh-core-1.37.jar)
WARNING: Please consider reporting this to the maintainers of class org.openjdk.jmh.util.Utils
WARNING: sun.misc.Unsafe::objectFieldOffset will be removed in a future release
# Warmup Iteration   1: 47641.868 ns/op
# Warmup Iteration   2: 47410.251 ns/op
# Warmup Iteration   3: 46229.041 ns/op
# Warmup Iteration   4: 47334.939 ns/op
# Warmup Iteration   5: 47438.812 ns/op
Iteration   1: 47504.287 ns/op
Iteration   2: 48354.778 ns/op
Iteration   3: 53493.878 ns/op
Iteration   4: 46435.639 ns/op
Iteration   5: 49507.977 ns/op


Result "numj.FusedBench.java":
  48048.143 ±(99.9%) 2167.431 ns/op [Average]
  (min, avg, max) = (45833.128, 48048.143, 53493.878), stdev = 2027.417
  CI (99.9%): [45880.711, 50215.574] (assumes normal distribution)


# JMH version: 1.37
# VM version: JDK 25.0.4.1, OpenJDK 64-Bit Server VM, 25.0.4.1+1-LTS
# VM invoker: C:\Users\Hareram ray\AI\numJ\.tools\jdk\bin\java.exe
# VM options: --enable-native-access=ALL-UNNAMED --enable-native-access=ALL-UNNAMED -Xms2g -Xmx2g -XX:+AlwaysPreTouch
# Blackhole mode: compiler (auto-detected, use -Djmh.blackhole.autoDetect=false to disable)
# Warmup: 5 iterations, 200 ms each
# Measurement: 5 iterations, 200 ms each
# Timeout: 10 min per iteration
# Threads: 1 thread, will synchronize iterations
# Benchmark mode: Average time, time/op
# Benchmark: numj.FusedBench.java
# Parameters: (layout = contig, n = 10000000)

# Run progress: 48.28% complete, ETA 00:08:26
# Fork: 1 of 3
WARNING: A terminally deprecated method in sun.misc.Unsafe has been called
WARNING: sun.misc.Unsafe::objectFieldOffset has been called by org.openjdk.jmh.util.Utils (file:/C:/Users/Hareram%20ray/AI/numJ/.tools/jmh/jmh-core-1.37.jar)
WARNING: Please consider reporting this to the maintainers of class org.openjdk.jmh.util.Utils
WARNING: sun.misc.Unsafe::objectFieldOffset will be removed in a future release
# Warmup Iteration   1: 14156206.667 ns/op
# Warmup Iteration   2: 13385043.750 ns/op
# Warmup Iteration   3: 13578646.667 ns/op
# Warmup Iteration   4: 14222760.000 ns/op
# Warmup Iteration   5: 15511292.308 ns/op
Iteration   1: 14677607.143 ns/op
Iteration   2: 13811213.333 ns/op
Iteration   3: 15970869.231 ns/op
Iteration   4: 20288830.000 ns/op
Iteration   5: 18225750.000 ns/op

# Run progress: 48.56% complete, ETA 00:08:23
# Fork: 2 of 3
WARNING: A terminally deprecated method in sun.misc.Unsafe has been called
WARNING: sun.misc.Unsafe::objectFieldOffset has been called by org.openjdk.jmh.util.Utils (file:/C:/Users/Hareram%20ray/AI/numJ/.tools/jmh/jmh-core-1.37.jar)
WARNING: Please consider reporting this to the maintainers of class org.openjdk.jmh.util.Utils
WARNING: sun.misc.Unsafe::objectFieldOffset will be removed in a future release
# Warmup Iteration   1: 14437314.286 ns/op
# Warmup Iteration   2: 16112915.385 ns/op
# Warmup Iteration   3: 15577500.000 ns/op
# Warmup Iteration   4: 20969280.000 ns/op
# Warmup Iteration   5: 13667806.667 ns/op
Iteration   1: 13789413.333 ns/op
Iteration   2: 13610546.667 ns/op
Iteration   3: 13218556.250 ns/op
Iteration   4: 12937287.500 ns/op
Iteration   5: 14086386.667 ns/op

# Run progress: 48.85% complete, ETA 00:08:21
# Fork: 3 of 3
WARNING: A terminally deprecated method in sun.misc.Unsafe has been called
WARNING: sun.misc.Unsafe::objectFieldOffset has been called by org.openjdk.jmh.util.Utils (file:/C:/Users/Hareram%20ray/AI/numJ/.tools/jmh/jmh-core-1.37.jar)
WARNING: Please consider reporting this to the maintainers of class org.openjdk.jmh.util.Utils
WARNING: sun.misc.Unsafe::objectFieldOffset will be removed in a future release
# Warmup Iteration   1: 14451635.714 ns/op
# Warmup Iteration   2: 13958713.333 ns/op
# Warmup Iteration   3: 14004653.333 ns/op
# Warmup Iteration   4: 16515723.077 ns/op
# Warmup Iteration   5: 13531340.000 ns/op
Iteration   1: 14225386.667 ns/op
Iteration   2: 13330068.750 ns/op
Iteration   3: 13770346.667 ns/op
Iteration   4: 13679666.667 ns/op
Iteration   5: 13440073.333 ns/op


Result "numj.FusedBench.java":
  14604133.480 ±(99.9%) 2198784.764 ns/op [Average]
  (min, avg, max) = (12937287.500, 14604133.480, 20288830.000), stdev = 2056744.632
  CI (99.9%): [12405348.717, 16802918.244] (assumes normal distribution)


# JMH version: 1.37
# VM version: JDK 25.0.4.1, OpenJDK 64-Bit Server VM, 25.0.4.1+1-LTS
# VM invoker: C:\Users\Hareram ray\AI\numJ\.tools\jdk\bin\java.exe
# VM options: --enable-native-access=ALL-UNNAMED --enable-native-access=ALL-UNNAMED -Xms2g -Xmx2g -XX:+AlwaysPreTouch
# Blackhole mode: compiler (auto-detected, use -Djmh.blackhole.autoDetect=false to disable)
# Warmup: 5 iterations, 200 ms each
# Measurement: 5 iterations, 200 ms each
# Timeout: 10 min per iteration
# Threads: 1 thread, will synchronize iterations
# Benchmark mode: Average time, time/op
# Benchmark: numj.FusedBench.java
# Parameters: (layout = transposed, n = 1000)

# Run progress: 49.14% complete, ETA 00:08:18
# Fork: 1 of 3
WARNING: A terminally deprecated method in sun.misc.Unsafe has been called
WARNING: sun.misc.Unsafe::objectFieldOffset has been called by org.openjdk.jmh.util.Utils (file:/C:/Users/Hareram%20ray/AI/numJ/.tools/jmh/jmh-core-1.37.jar)
WARNING: Please consider reporting this to the maintainers of class org.openjdk.jmh.util.Utils
WARNING: sun.misc.Unsafe::objectFieldOffset will be removed in a future release
# Warmup Iteration   1: 448.895 ns/op
# Warmup Iteration   2: 428.604 ns/op
# Warmup Iteration   3: 439.795 ns/op
# Warmup Iteration   4: 455.839 ns/op
# Warmup Iteration   5: 427.096 ns/op
Iteration   1: 447.870 ns/op
Iteration   2: 433.485 ns/op
Iteration   3: 435.829 ns/op
Iteration   4: 442.153 ns/op
Iteration   5: 432.705 ns/op

# Run progress: 49.43% complete, ETA 00:08:15
# Fork: 2 of 3
WARNING: A terminally deprecated method in sun.misc.Unsafe has been called
WARNING: sun.misc.Unsafe::objectFieldOffset has been called by org.openjdk.jmh.util.Utils (file:/C:/Users/Hareram%20ray/AI/numJ/.tools/jmh/jmh-core-1.37.jar)
WARNING: Please consider reporting this to the maintainers of class org.openjdk.jmh.util.Utils
WARNING: sun.misc.Unsafe::objectFieldOffset will be removed in a future release
# Warmup Iteration   1: 462.372 ns/op
# Warmup Iteration   2: 433.176 ns/op
# Warmup Iteration   3: 438.297 ns/op
# Warmup Iteration   4: 433.825 ns/op
# Warmup Iteration   5: 443.050 ns/op
Iteration   1: 443.661 ns/op
Iteration   2: 435.874 ns/op
Iteration   3: 434.293 ns/op
Iteration   4: 430.266 ns/op
Iteration   5: 438.628 ns/op

# Run progress: 49.71% complete, ETA 00:08:12
# Fork: 3 of 3
WARNING: A terminally deprecated method in sun.misc.Unsafe has been called
WARNING: sun.misc.Unsafe::objectFieldOffset has been called by org.openjdk.jmh.util.Utils (file:/C:/Users/Hareram%20ray/AI/numJ/.tools/jmh/jmh-core-1.37.jar)
WARNING: Please consider reporting this to the maintainers of class org.openjdk.jmh.util.Utils
WARNING: sun.misc.Unsafe::objectFieldOffset will be removed in a future release
# Warmup Iteration   1: 453.817 ns/op
# Warmup Iteration   2: 434.203 ns/op
# Warmup Iteration   3: 433.093 ns/op
# Warmup Iteration   4: 443.972 ns/op
# Warmup Iteration   5: 435.864 ns/op
Iteration   1: 446.373 ns/op
Iteration   2: 434.153 ns/op
Iteration   3: 435.159 ns/op
Iteration   4: 441.963 ns/op
Iteration   5: 434.716 ns/op


Result "numj.FusedBench.java":
  437.809 ±(99.9%) 5.695 ns/op [Average]
  (min, avg, max) = (430.266, 437.809, 447.870), stdev = 5.327
  CI (99.9%): [432.114, 443.503] (assumes normal distribution)


# JMH version: 1.37
# VM version: JDK 25.0.4.1, OpenJDK 64-Bit Server VM, 25.0.4.1+1-LTS
# VM invoker: C:\Users\Hareram ray\AI\numJ\.tools\jdk\bin\java.exe
# VM options: --enable-native-access=ALL-UNNAMED --enable-native-access=ALL-UNNAMED -Xms2g -Xmx2g -XX:+AlwaysPreTouch
# Blackhole mode: compiler (auto-detected, use -Djmh.blackhole.autoDetect=false to disable)
# Warmup: 5 iterations, 200 ms each
# Measurement: 5 iterations, 200 ms each
# Timeout: 10 min per iteration
# Threads: 1 thread, will synchronize iterations
# Benchmark mode: Average time, time/op
# Benchmark: numj.FusedBench.java
# Parameters: (layout = transposed, n = 100000)

# Run progress: 50.00% complete, ETA 00:08:08
# Fork: 1 of 3
WARNING: A terminally deprecated method in sun.misc.Unsafe has been called
WARNING: sun.misc.Unsafe::objectFieldOffset has been called by org.openjdk.jmh.util.Utils (file:/C:/Users/Hareram%20ray/AI/numJ/.tools/jmh/jmh-core-1.37.jar)
WARNING: Please consider reporting this to the maintainers of class org.openjdk.jmh.util.Utils
WARNING: sun.misc.Unsafe::objectFieldOffset will be removed in a future release
# Warmup Iteration   1: 51855.701 ns/op
# Warmup Iteration   2: 46894.926 ns/op
# Warmup Iteration   3: 46507.024 ns/op
# Warmup Iteration   4: 46586.273 ns/op
# Warmup Iteration   5: 47696.391 ns/op
Iteration   1: 47971.945 ns/op
Iteration   2: 50477.939 ns/op
Iteration   3: 48451.805 ns/op
Iteration   4: 47782.056 ns/op
Iteration   5: 46792.290 ns/op

# Run progress: 50.29% complete, ETA 00:08:05
# Fork: 2 of 3
WARNING: A terminally deprecated method in sun.misc.Unsafe has been called
WARNING: sun.misc.Unsafe::objectFieldOffset has been called by org.openjdk.jmh.util.Utils (file:/C:/Users/Hareram%20ray/AI/numJ/.tools/jmh/jmh-core-1.37.jar)
WARNING: Please consider reporting this to the maintainers of class org.openjdk.jmh.util.Utils
WARNING: sun.misc.Unsafe::objectFieldOffset will be removed in a future release
# Warmup Iteration   1: 48163.584 ns/op
# Warmup Iteration   2: 49199.364 ns/op
# Warmup Iteration   3: 48193.325 ns/op
# Warmup Iteration   4: 48910.689 ns/op
# Warmup Iteration   5: 48556.908 ns/op
Iteration   1: 47104.122 ns/op
Iteration   2: 48521.294 ns/op
Iteration   3: 46603.581 ns/op
Iteration   4: 46271.504 ns/op
Iteration   5: 46666.410 ns/op

# Run progress: 50.57% complete, ETA 00:08:02
# Fork: 3 of 3
WARNING: A terminally deprecated method in sun.misc.Unsafe has been called
WARNING: sun.misc.Unsafe::objectFieldOffset has been called by org.openjdk.jmh.util.Utils (file:/C:/Users/Hareram%20ray/AI/numJ/.tools/jmh/jmh-core-1.37.jar)
WARNING: Please consider reporting this to the maintainers of class org.openjdk.jmh.util.Utils
WARNING: sun.misc.Unsafe::objectFieldOffset will be removed in a future release
# Warmup Iteration   1: 47783.717 ns/op
# Warmup Iteration   2: 45841.900 ns/op
# Warmup Iteration   3: 47987.697 ns/op
# Warmup Iteration   4: 46769.173 ns/op
# Warmup Iteration   5: 48056.447 ns/op
Iteration   1: 48182.826 ns/op
Iteration   2: 46619.907 ns/op
Iteration   3: 46225.870 ns/op
Iteration   4: 49151.220 ns/op
Iteration   5: 49279.868 ns/op


Result "numj.FusedBench.java":
  47740.176 ±(99.9%) 1360.632 ns/op [Average]
  (min, avg, max) = (46225.870, 47740.176, 50477.939), stdev = 1272.736
  CI (99.9%): [46379.544, 49100.808] (assumes normal distribution)


# JMH version: 1.37
# VM version: JDK 25.0.4.1, OpenJDK 64-Bit Server VM, 25.0.4.1+1-LTS
# VM invoker: C:\Users\Hareram ray\AI\numJ\.tools\jdk\bin\java.exe
# VM options: --enable-native-access=ALL-UNNAMED --enable-native-access=ALL-UNNAMED -Xms2g -Xmx2g -XX:+AlwaysPreTouch
# Blackhole mode: compiler (auto-detected, use -Djmh.blackhole.autoDetect=false to disable)
# Warmup: 5 iterations, 200 ms each
# Measurement: 5 iterations, 200 ms each
# Timeout: 10 min per iteration
# Threads: 1 thread, will synchronize iterations
# Benchmark mode: Average time, time/op
# Benchmark: numj.FusedBench.java
# Parameters: (layout = transposed, n = 10000000)

# Run progress: 50.86% complete, ETA 00:07:59
# Fork: 1 of 3
WARNING: A terminally deprecated method in sun.misc.Unsafe has been called
WARNING: sun.misc.Unsafe::objectFieldOffset has been called by org.openjdk.jmh.util.Utils (file:/C:/Users/Hareram%20ray/AI/numJ/.tools/jmh/jmh-core-1.37.jar)
WARNING: Please consider reporting this to the maintainers of class org.openjdk.jmh.util.Utils
WARNING: sun.misc.Unsafe::objectFieldOffset will be removed in a future release
# Warmup Iteration   1: 14097840.000 ns/op
# Warmup Iteration   2: 14035473.333 ns/op
# Warmup Iteration   3: 13662080.000 ns/op
# Warmup Iteration   4: 13999946.667 ns/op
# Warmup Iteration   5: 13316756.250 ns/op
Iteration   1: 15291492.857 ns/op
Iteration   2: 13784900.000 ns/op
Iteration   3: 14568557.143 ns/op
Iteration   4: 13975640.000 ns/op
Iteration   5: 13806300.000 ns/op

# Run progress: 51.15% complete, ETA 00:07:56
# Fork: 2 of 3
WARNING: A terminally deprecated method in sun.misc.Unsafe has been called
WARNING: sun.misc.Unsafe::objectFieldOffset has been called by org.openjdk.jmh.util.Utils (file:/C:/Users/Hareram%20ray/AI/numJ/.tools/jmh/jmh-core-1.37.jar)
WARNING: Please consider reporting this to the maintainers of class org.openjdk.jmh.util.Utils
WARNING: sun.misc.Unsafe::objectFieldOffset will be removed in a future release
# Warmup Iteration   1: 13902093.333 ns/op
# Warmup Iteration   2: 13295387.500 ns/op
# Warmup Iteration   3: 13747460.000 ns/op
# Warmup Iteration   4: 14087326.667 ns/op
# Warmup Iteration   5: 13884360.000 ns/op
Iteration   1: 13956000.000 ns/op
Iteration   2: 13804953.333 ns/op
Iteration   3: 13653993.333 ns/op
Iteration   4: 13893400.000 ns/op
Iteration   5: 14678707.143 ns/op

# Run progress: 51.44% complete, ETA 00:07:54
# Fork: 3 of 3
WARNING: A terminally deprecated method in sun.misc.Unsafe has been called
WARNING: sun.misc.Unsafe::objectFieldOffset has been called by org.openjdk.jmh.util.Utils (file:/C:/Users/Hareram%20ray/AI/numJ/.tools/jmh/jmh-core-1.37.jar)
WARNING: Please consider reporting this to the maintainers of class org.openjdk.jmh.util.Utils
WARNING: sun.misc.Unsafe::objectFieldOffset will be removed in a future release
# Warmup Iteration   1: 14708750.000 ns/op
# Warmup Iteration   2: 12541005.882 ns/op
# Warmup Iteration   3: 13468826.667 ns/op
# Warmup Iteration   4: 13888760.000 ns/op
# Warmup Iteration   5: 13497853.333 ns/op
Iteration   1: 12950556.250 ns/op
Iteration   2: 14431207.143 ns/op
Iteration   3: 13038643.750 ns/op
Iteration   4: 13614180.000 ns/op
Iteration   5: 13863140.000 ns/op


Result "numj.FusedBench.java":
  13954111.397 ±(99.9%) 642376.083 ns/op [Average]
  (min, avg, max) = (12950556.250, 13954111.397, 15291492.857), stdev = 600878.987
  CI (99.9%): [13311735.314, 14596487.480] (assumes normal distribution)


# JMH version: 1.37
# VM version: JDK 25.0.4.1, OpenJDK 64-Bit Server VM, 25.0.4.1+1-LTS
# VM invoker: C:\Users\Hareram ray\AI\numJ\.tools\jdk\bin\java.exe
# VM options: --enable-native-access=ALL-UNNAMED --enable-native-access=ALL-UNNAMED -Xms2g -Xmx2g -XX:+AlwaysPreTouch
# Blackhole mode: compiler (auto-detected, use -Djmh.blackhole.autoDetect=false to disable)
# Warmup: 5 iterations, 200 ms each
# Measurement: 5 iterations, 200 ms each
# Timeout: 10 min per iteration
# Threads: 1 thread, will synchronize iterations
# Benchmark mode: Average time, time/op
# Benchmark: numj.FusedBench.unfusedAlloc
# Parameters: (layout = contig, n = 1000)

# Run progress: 51.72% complete, ETA 00:07:51
# Fork: 1 of 3
WARNING: A terminally deprecated method in sun.misc.Unsafe has been called
WARNING: sun.misc.Unsafe::objectFieldOffset has been called by org.openjdk.jmh.util.Utils (file:/C:/Users/Hareram%20ray/AI/numJ/.tools/jmh/jmh-core-1.37.jar)
WARNING: Please consider reporting this to the maintainers of class org.openjdk.jmh.util.Utils
WARNING: sun.misc.Unsafe::objectFieldOffset will be removed in a future release
# Warmup Iteration   1: 3244.287 ns/op
# Warmup Iteration   2: 683.018 ns/op
# Warmup Iteration   3: 686.938 ns/op
# Warmup Iteration   4: 679.809 ns/op
# Warmup Iteration   5: 693.112 ns/op
Iteration   1: 684.859 ns/op
Iteration   2: 704.937 ns/op
Iteration   3: 693.086 ns/op
Iteration   4: 697.976 ns/op
Iteration   5: 710.639 ns/op

# Run progress: 52.01% complete, ETA 00:07:48
# Fork: 2 of 3
WARNING: A terminally deprecated method in sun.misc.Unsafe has been called
WARNING: sun.misc.Unsafe::objectFieldOffset has been called by org.openjdk.jmh.util.Utils (file:/C:/Users/Hareram%20ray/AI/numJ/.tools/jmh/jmh-core-1.37.jar)
WARNING: Please consider reporting this to the maintainers of class org.openjdk.jmh.util.Utils
WARNING: sun.misc.Unsafe::objectFieldOffset will be removed in a future release
# Warmup Iteration   1: 4395.512 ns/op
# Warmup Iteration   2: 723.632 ns/op
# Warmup Iteration   3: 722.311 ns/op
# Warmup Iteration   4: 722.272 ns/op
# Warmup Iteration   5: 726.131 ns/op
Iteration   1: 714.932 ns/op
Iteration   2: 699.551 ns/op
Iteration   3: 720.202 ns/op
Iteration   4: 702.130 ns/op
Iteration   5: 701.017 ns/op

# Run progress: 52.30% complete, ETA 00:07:45
# Fork: 3 of 3
WARNING: A terminally deprecated method in sun.misc.Unsafe has been called
WARNING: sun.misc.Unsafe::objectFieldOffset has been called by org.openjdk.jmh.util.Utils (file:/C:/Users/Hareram%20ray/AI/numJ/.tools/jmh/jmh-core-1.37.jar)
WARNING: Please consider reporting this to the maintainers of class org.openjdk.jmh.util.Utils
WARNING: sun.misc.Unsafe::objectFieldOffset will be removed in a future release
# Warmup Iteration   1: 3553.132 ns/op
# Warmup Iteration   2: 710.973 ns/op
# Warmup Iteration   3: 729.394 ns/op
# Warmup Iteration   4: 721.365 ns/op
# Warmup Iteration   5: 710.919 ns/op
Iteration   1: 732.155 ns/op
Iteration   2: 718.035 ns/op
Iteration   3: 714.857 ns/op
Iteration   4: 726.589 ns/op
Iteration   5: 709.722 ns/op


Result "numj.FusedBench.unfusedAlloc":
  708.712 ±(99.9%) 13.698 ns/op [Average]
  (min, avg, max) = (684.859, 708.712, 732.155), stdev = 12.813
  CI (99.9%): [695.015, 722.410] (assumes normal distribution)


# JMH version: 1.37
# VM version: JDK 25.0.4.1, OpenJDK 64-Bit Server VM, 25.0.4.1+1-LTS
# VM invoker: C:\Users\Hareram ray\AI\numJ\.tools\jdk\bin\java.exe
# VM options: --enable-native-access=ALL-UNNAMED --enable-native-access=ALL-UNNAMED -Xms2g -Xmx2g -XX:+AlwaysPreTouch
# Blackhole mode: compiler (auto-detected, use -Djmh.blackhole.autoDetect=false to disable)
# Warmup: 5 iterations, 200 ms each
# Measurement: 5 iterations, 200 ms each
# Timeout: 10 min per iteration
# Threads: 1 thread, will synchronize iterations
# Benchmark mode: Average time, time/op
# Benchmark: numj.FusedBench.unfusedAlloc
# Parameters: (layout = contig, n = 100000)

# Run progress: 52.59% complete, ETA 00:07:42
# Fork: 1 of 3
WARNING: A terminally deprecated method in sun.misc.Unsafe has been called
WARNING: sun.misc.Unsafe::objectFieldOffset has been called by org.openjdk.jmh.util.Utils (file:/C:/Users/Hareram%20ray/AI/numJ/.tools/jmh/jmh-core-1.37.jar)
WARNING: Please consider reporting this to the maintainers of class org.openjdk.jmh.util.Utils
WARNING: sun.misc.Unsafe::objectFieldOffset will be removed in a future release
# Warmup Iteration   1: 489168.689 ns/op
# Warmup Iteration   2: 134297.932 ns/op
# Warmup Iteration   3: 119106.718 ns/op
# Warmup Iteration   4: 112451.121 ns/op
# Warmup Iteration   5: 118622.000 ns/op
Iteration   1: 112656.317 ns/op
Iteration   2: 111212.049 ns/op
Iteration   3: 110118.938 ns/op
Iteration   4: 107225.588 ns/op
Iteration   5: 114683.399 ns/op

# Run progress: 52.87% complete, ETA 00:07:38
# Fork: 2 of 3
WARNING: A terminally deprecated method in sun.misc.Unsafe has been called
WARNING: sun.misc.Unsafe::objectFieldOffset has been called by org.openjdk.jmh.util.Utils (file:/C:/Users/Hareram%20ray/AI/numJ/.tools/jmh/jmh-core-1.37.jar)
WARNING: Please consider reporting this to the maintainers of class org.openjdk.jmh.util.Utils
WARNING: sun.misc.Unsafe::objectFieldOffset will be removed in a future release
# Warmup Iteration   1: 467795.370 ns/op
# Warmup Iteration   2: 264863.911 ns/op
# Warmup Iteration   3: 248829.068 ns/op
# Warmup Iteration   4: 173015.736 ns/op
# Warmup Iteration   5: 109648.359 ns/op
Iteration   1: 125306.371 ns/op
Iteration   2: 107218.660 ns/op
Iteration   3: 114767.390 ns/op
Iteration   4: 112141.046 ns/op
Iteration   5: 110402.629 ns/op

# Run progress: 53.16% complete, ETA 00:07:35
# Fork: 3 of 3
WARNING: A terminally deprecated method in sun.misc.Unsafe has been called
WARNING: sun.misc.Unsafe::objectFieldOffset has been called by org.openjdk.jmh.util.Utils (file:/C:/Users/Hareram%20ray/AI/numJ/.tools/jmh/jmh-core-1.37.jar)
WARNING: Please consider reporting this to the maintainers of class org.openjdk.jmh.util.Utils
WARNING: sun.misc.Unsafe::objectFieldOffset will be removed in a future release
# Warmup Iteration   1: 460717.890 ns/op
# Warmup Iteration   2: 137811.560 ns/op
# Warmup Iteration   3: 136229.777 ns/op
# Warmup Iteration   4: 117636.369 ns/op
# Warmup Iteration   5: 114279.193 ns/op
Iteration   1: 115038.155 ns/op
Iteration   2: 113244.078 ns/op
Iteration   3: 108156.449 ns/op
Iteration   4: 110918.674 ns/op
Iteration   5: 115734.104 ns/op


Result "numj.FusedBench.unfusedAlloc":
  112588.256 ±(99.9%) 4782.772 ns/op [Average]
  (min, avg, max) = (107218.660, 112588.256, 125306.371), stdev = 4473.808
  CI (99.9%): [107805.484, 117371.029] (assumes normal distribution)


# JMH version: 1.37
# VM version: JDK 25.0.4.1, OpenJDK 64-Bit Server VM, 25.0.4.1+1-LTS
# VM invoker: C:\Users\Hareram ray\AI\numJ\.tools\jdk\bin\java.exe
# VM options: --enable-native-access=ALL-UNNAMED --enable-native-access=ALL-UNNAMED -Xms2g -Xmx2g -XX:+AlwaysPreTouch
# Blackhole mode: compiler (auto-detected, use -Djmh.blackhole.autoDetect=false to disable)
# Warmup: 5 iterations, 200 ms each
# Measurement: 5 iterations, 200 ms each
# Timeout: 10 min per iteration
# Threads: 1 thread, will synchronize iterations
# Benchmark mode: Average time, time/op
# Benchmark: numj.FusedBench.unfusedAlloc
# Parameters: (layout = contig, n = 10000000)

# Run progress: 53.45% complete, ETA 00:07:32
# Fork: 1 of 3
WARNING: A terminally deprecated method in sun.misc.Unsafe has been called
WARNING: sun.misc.Unsafe::objectFieldOffset has been called by org.openjdk.jmh.util.Utils (file:/C:/Users/Hareram%20ray/AI/numJ/.tools/jmh/jmh-core-1.37.jar)
WARNING: Please consider reporting this to the maintainers of class org.openjdk.jmh.util.Utils
WARNING: sun.misc.Unsafe::objectFieldOffset will be removed in a future release
# Warmup Iteration   1: 128339950.000 ns/op
# Warmup Iteration   2: 83267433.333 ns/op
# Warmup Iteration   3: 83339866.667 ns/op
# Warmup Iteration   4: 81485533.333 ns/op
# Warmup Iteration   5: 83411300.000 ns/op
Iteration   1: 86423266.667 ns/op
Iteration   2: 83956233.333 ns/op
Iteration   3: 82413700.000 ns/op
Iteration   4: 84069366.667 ns/op
Iteration   5: 85157566.667 ns/op

# Run progress: 53.74% complete, ETA 00:07:30
# Fork: 2 of 3
WARNING: A terminally deprecated method in sun.misc.Unsafe has been called
WARNING: sun.misc.Unsafe::objectFieldOffset has been called by org.openjdk.jmh.util.Utils (file:/C:/Users/Hareram%20ray/AI/numJ/.tools/jmh/jmh-core-1.37.jar)
WARNING: Please consider reporting this to the maintainers of class org.openjdk.jmh.util.Utils
WARNING: sun.misc.Unsafe::objectFieldOffset will be removed in a future release
# Warmup Iteration   1: 239661800.000 ns/op
# Warmup Iteration   2: 84064000.000 ns/op
# Warmup Iteration   3: 79062933.333 ns/op
# Warmup Iteration   4: 83082300.000 ns/op
# Warmup Iteration   5: 89522366.667 ns/op
Iteration   1: 79795700.000 ns/op
Iteration   2: 85549033.333 ns/op
Iteration   3: 83948000.000 ns/op
Iteration   4: 85648066.667 ns/op
Iteration   5: 82068666.667 ns/op

# Run progress: 54.02% complete, ETA 00:07:27
# Fork: 3 of 3
WARNING: A terminally deprecated method in sun.misc.Unsafe has been called
WARNING: sun.misc.Unsafe::objectFieldOffset has been called by org.openjdk.jmh.util.Utils (file:/C:/Users/Hareram%20ray/AI/numJ/.tools/jmh/jmh-core-1.37.jar)
WARNING: Please consider reporting this to the maintainers of class org.openjdk.jmh.util.Utils
WARNING: sun.misc.Unsafe::objectFieldOffset will be removed in a future release
# Warmup Iteration   1: 132882150.000 ns/op
# Warmup Iteration   2: 78431000.000 ns/op
# Warmup Iteration   3: 83646500.000 ns/op
# Warmup Iteration   4: 82484266.667 ns/op
# Warmup Iteration   5: 87697200.000 ns/op
Iteration   1: 83903733.333 ns/op
Iteration   2: 85366500.000 ns/op
Iteration   3: 83129500.000 ns/op
Iteration   4: 82968366.667 ns/op
Iteration   5: 84212233.333 ns/op


Result "numj.FusedBench.unfusedAlloc":
  83907328.889 ±(99.9%) 1804208.168 ns/op [Average]
  (min, avg, max) = (79795700.000, 83907328.889, 86423266.667), stdev = 1687657.440
  CI (99.9%): [82103120.721, 85711537.057] (assumes normal distribution)


# JMH version: 1.37
# VM version: JDK 25.0.4.1, OpenJDK 64-Bit Server VM, 25.0.4.1+1-LTS
# VM invoker: C:\Users\Hareram ray\AI\numJ\.tools\jdk\bin\java.exe
# VM options: --enable-native-access=ALL-UNNAMED --enable-native-access=ALL-UNNAMED -Xms2g -Xmx2g -XX:+AlwaysPreTouch
# Blackhole mode: compiler (auto-detected, use -Djmh.blackhole.autoDetect=false to disable)
# Warmup: 5 iterations, 200 ms each
# Measurement: 5 iterations, 200 ms each
# Timeout: 10 min per iteration
# Threads: 1 thread, will synchronize iterations
# Benchmark mode: Average time, time/op
# Benchmark: numj.FusedBench.unfusedAlloc
# Parameters: (layout = transposed, n = 1000)

# Run progress: 54.31% complete, ETA 00:07:25
# Fork: 1 of 3
WARNING: A terminally deprecated method in sun.misc.Unsafe has been called
WARNING: sun.misc.Unsafe::objectFieldOffset has been called by org.openjdk.jmh.util.Utils (file:/C:/Users/Hareram%20ray/AI/numJ/.tools/jmh/jmh-core-1.37.jar)
WARNING: Please consider reporting this to the maintainers of class org.openjdk.jmh.util.Utils
WARNING: sun.misc.Unsafe::objectFieldOffset will be removed in a future release
# Warmup Iteration   1: 14454.651 ns/op
# Warmup Iteration   2: 2488.539 ns/op
# Warmup Iteration   3: 2151.955 ns/op
# Warmup Iteration   4: 2143.699 ns/op
# Warmup Iteration   5: 2171.017 ns/op
Iteration   1: 2080.256 ns/op
Iteration   2: 2072.291 ns/op
Iteration   3: 2181.137 ns/op
Iteration   4: 2121.729 ns/op
Iteration   5: 2095.506 ns/op

# Run progress: 54.60% complete, ETA 00:07:22
# Fork: 2 of 3
WARNING: A terminally deprecated method in sun.misc.Unsafe has been called
WARNING: sun.misc.Unsafe::objectFieldOffset has been called by org.openjdk.jmh.util.Utils (file:/C:/Users/Hareram%20ray/AI/numJ/.tools/jmh/jmh-core-1.37.jar)
WARNING: Please consider reporting this to the maintainers of class org.openjdk.jmh.util.Utils
WARNING: sun.misc.Unsafe::objectFieldOffset will be removed in a future release
# Warmup Iteration   1: 11706.894 ns/op
# Warmup Iteration   2: 2386.270 ns/op
# Warmup Iteration   3: 2167.089 ns/op
# Warmup Iteration   4: 2104.092 ns/op
# Warmup Iteration   5: 2155.487 ns/op
Iteration   1: 2118.969 ns/op
Iteration   2: 2203.324 ns/op
Iteration   3: 2063.852 ns/op
Iteration   4: 2198.239 ns/op
Iteration   5: 2209.116 ns/op

# Run progress: 54.89% complete, ETA 00:07:19
# Fork: 3 of 3
WARNING: A terminally deprecated method in sun.misc.Unsafe has been called
WARNING: sun.misc.Unsafe::objectFieldOffset has been called by org.openjdk.jmh.util.Utils (file:/C:/Users/Hareram%20ray/AI/numJ/.tools/jmh/jmh-core-1.37.jar)
WARNING: Please consider reporting this to the maintainers of class org.openjdk.jmh.util.Utils
WARNING: sun.misc.Unsafe::objectFieldOffset will be removed in a future release
# Warmup Iteration   1: 17481.951 ns/op
# Warmup Iteration   2: 2399.521 ns/op
# Warmup Iteration   3: 2146.958 ns/op
# Warmup Iteration   4: 2145.037 ns/op
# Warmup Iteration   5: 2128.080 ns/op
Iteration   1: 2096.370 ns/op
Iteration   2: 2315.632 ns/op
Iteration   3: 2135.413 ns/op
Iteration   4: 2156.884 ns/op
Iteration   5: 2123.663 ns/op


Result "numj.FusedBench.unfusedAlloc":
  2144.825 ±(99.9%) 72.029 ns/op [Average]
  (min, avg, max) = (2063.852, 2144.825, 2315.632), stdev = 67.376
  CI (99.9%): [2072.797, 2216.854] (assumes normal distribution)


# JMH version: 1.37
# VM version: JDK 25.0.4.1, OpenJDK 64-Bit Server VM, 25.0.4.1+1-LTS
# VM invoker: C:\Users\Hareram ray\AI\numJ\.tools\jdk\bin\java.exe
# VM options: --enable-native-access=ALL-UNNAMED --enable-native-access=ALL-UNNAMED -Xms2g -Xmx2g -XX:+AlwaysPreTouch
# Blackhole mode: compiler (auto-detected, use -Djmh.blackhole.autoDetect=false to disable)
# Warmup: 5 iterations, 200 ms each
# Measurement: 5 iterations, 200 ms each
# Timeout: 10 min per iteration
# Threads: 1 thread, will synchronize iterations
# Benchmark mode: Average time, time/op
# Benchmark: numj.FusedBench.unfusedAlloc
# Parameters: (layout = transposed, n = 100000)

# Run progress: 55.17% complete, ETA 00:07:16
# Fork: 1 of 3
WARNING: A terminally deprecated method in sun.misc.Unsafe has been called
WARNING: sun.misc.Unsafe::objectFieldOffset has been called by org.openjdk.jmh.util.Utils (file:/C:/Users/Hareram%20ray/AI/numJ/.tools/jmh/jmh-core-1.37.jar)
WARNING: Please consider reporting this to the maintainers of class org.openjdk.jmh.util.Utils
WARNING: sun.misc.Unsafe::objectFieldOffset will be removed in a future release
# Warmup Iteration   1: 1027938.579 ns/op
# Warmup Iteration   2: 555852.893 ns/op
# Warmup Iteration   3: 421445.912 ns/op
# Warmup Iteration   4: 415439.050 ns/op
# Warmup Iteration   5: 302580.845 ns/op
Iteration   1: 226219.798 ns/op
Iteration   2: 233905.704 ns/op
Iteration   3: 216365.343 ns/op
Iteration   4: 228835.187 ns/op
Iteration   5: 237086.525 ns/op

# Run progress: 55.46% complete, ETA 00:07:13
# Fork: 2 of 3
WARNING: A terminally deprecated method in sun.misc.Unsafe has been called
WARNING: sun.misc.Unsafe::objectFieldOffset has been called by org.openjdk.jmh.util.Utils (file:/C:/Users/Hareram%20ray/AI/numJ/.tools/jmh/jmh-core-1.37.jar)
WARNING: Please consider reporting this to the maintainers of class org.openjdk.jmh.util.Utils
WARNING: sun.misc.Unsafe::objectFieldOffset will be removed in a future release
# Warmup Iteration   1: 759643.774 ns/op
# Warmup Iteration   2: 519146.787 ns/op
# Warmup Iteration   3: 464710.345 ns/op
# Warmup Iteration   4: 248402.481 ns/op
# Warmup Iteration   5: 254919.797 ns/op
Iteration   1: 224252.889 ns/op
Iteration   2: 233157.840 ns/op
Iteration   3: 219825.711 ns/op
Iteration   4: 219550.328 ns/op
Iteration   5: 230753.448 ns/op

# Run progress: 55.75% complete, ETA 00:07:10
# Fork: 3 of 3
WARNING: A terminally deprecated method in sun.misc.Unsafe has been called
WARNING: sun.misc.Unsafe::objectFieldOffset has been called by org.openjdk.jmh.util.Utils (file:/C:/Users/Hareram%20ray/AI/numJ/.tools/jmh/jmh-core-1.37.jar)
WARNING: Please consider reporting this to the maintainers of class org.openjdk.jmh.util.Utils
WARNING: sun.misc.Unsafe::objectFieldOffset will be removed in a future release
# Warmup Iteration   1: 675929.630 ns/op
# Warmup Iteration   2: 251302.366 ns/op
# Warmup Iteration   3: 251233.540 ns/op
# Warmup Iteration   4: 264027.727 ns/op
# Warmup Iteration   5: 231322.069 ns/op
Iteration   1: 220808.672 ns/op
Iteration   2: 228961.644 ns/op
Iteration   3: 219545.395 ns/op
Iteration   4: 231642.775 ns/op
Iteration   5: 220434.248 ns/op


Result "numj.FusedBench.unfusedAlloc":
  226089.700 ±(99.9%) 6898.831 ns/op [Average]
  (min, avg, max) = (216365.343, 226089.700, 237086.525), stdev = 6453.171
  CI (99.9%): [219190.869, 232988.532] (assumes normal distribution)


# JMH version: 1.37
# VM version: JDK 25.0.4.1, OpenJDK 64-Bit Server VM, 25.0.4.1+1-LTS
# VM invoker: C:\Users\Hareram ray\AI\numJ\.tools\jdk\bin\java.exe
# VM options: --enable-native-access=ALL-UNNAMED --enable-native-access=ALL-UNNAMED -Xms2g -Xmx2g -XX:+AlwaysPreTouch
# Blackhole mode: compiler (auto-detected, use -Djmh.blackhole.autoDetect=false to disable)
# Warmup: 5 iterations, 200 ms each
# Measurement: 5 iterations, 200 ms each
# Timeout: 10 min per iteration
# Threads: 1 thread, will synchronize iterations
# Benchmark mode: Average time, time/op
# Benchmark: numj.FusedBench.unfusedAlloc
# Parameters: (layout = transposed, n = 10000000)

# Run progress: 56.03% complete, ETA 00:07:07
# Fork: 1 of 3
WARNING: A terminally deprecated method in sun.misc.Unsafe has been called
WARNING: sun.misc.Unsafe::objectFieldOffset has been called by org.openjdk.jmh.util.Utils (file:/C:/Users/Hareram%20ray/AI/numJ/.tools/jmh/jmh-core-1.37.jar)
WARNING: Please consider reporting this to the maintainers of class org.openjdk.jmh.util.Utils
WARNING: sun.misc.Unsafe::objectFieldOffset will be removed in a future release
# Warmup Iteration   1: 397161000.000 ns/op
# Warmup Iteration   2: 300997200.000 ns/op
# Warmup Iteration   3: 297415900.000 ns/op
# Warmup Iteration   4: 265599800.000 ns/op
# Warmup Iteration   5: 263484600.000 ns/op
Iteration   1: 307244700.000 ns/op
Iteration   2: 295298700.000 ns/op
Iteration   3: 275841000.000 ns/op
Iteration   4: 258714400.000 ns/op
Iteration   5: 263886600.000 ns/op

# Run progress: 56.32% complete, ETA 00:07:05
# Fork: 2 of 3
WARNING: A terminally deprecated method in sun.misc.Unsafe has been called
WARNING: sun.misc.Unsafe::objectFieldOffset has been called by org.openjdk.jmh.util.Utils (file:/C:/Users/Hareram%20ray/AI/numJ/.tools/jmh/jmh-core-1.37.jar)
WARNING: Please consider reporting this to the maintainers of class org.openjdk.jmh.util.Utils
WARNING: sun.misc.Unsafe::objectFieldOffset will be removed in a future release
# Warmup Iteration   1: 355711000.000 ns/op
# Warmup Iteration   2: 243518300.000 ns/op
# Warmup Iteration   3: 260975200.000 ns/op
# Warmup Iteration   4: 260587000.000 ns/op
# Warmup Iteration   5: 278018900.000 ns/op
Iteration   1: 244727100.000 ns/op
Iteration   2: 278626400.000 ns/op
Iteration   3: 265734100.000 ns/op
Iteration   4: 272289600.000 ns/op
Iteration   5: 264977400.000 ns/op

# Run progress: 56.61% complete, ETA 00:07:02
# Fork: 3 of 3
WARNING: A terminally deprecated method in sun.misc.Unsafe has been called
WARNING: sun.misc.Unsafe::objectFieldOffset has been called by org.openjdk.jmh.util.Utils (file:/C:/Users/Hareram%20ray/AI/numJ/.tools/jmh/jmh-core-1.37.jar)
WARNING: Please consider reporting this to the maintainers of class org.openjdk.jmh.util.Utils
WARNING: sun.misc.Unsafe::objectFieldOffset will be removed in a future release
# Warmup Iteration   1: 383787700.000 ns/op
# Warmup Iteration   2: 290406300.000 ns/op
# Warmup Iteration   3: 243366100.000 ns/op
# Warmup Iteration   4: 234304000.000 ns/op
# Warmup Iteration   5: 301034300.000 ns/op
Iteration   1: 288428600.000 ns/op
Iteration   2: 261149400.000 ns/op
Iteration   3: 272306600.000 ns/op
Iteration   4: 269675200.000 ns/op
Iteration   5: 270602900.000 ns/op


Result "numj.FusedBench.unfusedAlloc":
  272633513.333 ±(99.9%) 16432050.639 ns/op [Average]
  (min, avg, max) = (244727100.000, 272633513.333, 307244700.000), stdev = 15370550.364
  CI (99.9%): [256201462.694, 289065563.972] (assumes normal distribution)


# JMH version: 1.37
# VM version: JDK 25.0.4.1, OpenJDK 64-Bit Server VM, 25.0.4.1+1-LTS
# VM invoker: C:\Users\Hareram ray\AI\numJ\.tools\jdk\bin\java.exe
# VM options: --enable-native-access=ALL-UNNAMED --enable-native-access=ALL-UNNAMED -Xms2g -Xmx2g -XX:+AlwaysPreTouch
# Blackhole mode: compiler (auto-detected, use -Djmh.blackhole.autoDetect=false to disable)
# Warmup: 5 iterations, 200 ms each
# Measurement: 5 iterations, 200 ms each
# Timeout: 10 min per iteration
# Threads: 1 thread, will synchronize iterations
# Benchmark mode: Average time, time/op
# Benchmark: numj.FusedBench.unfusedReuse
# Parameters: (layout = contig, n = 1000)

# Run progress: 56.90% complete, ETA 00:07:00
# Fork: 1 of 3
WARNING: A terminally deprecated method in sun.misc.Unsafe has been called
WARNING: sun.misc.Unsafe::objectFieldOffset has been called by org.openjdk.jmh.util.Utils (file:/C:/Users/Hareram%20ray/AI/numJ/.tools/jmh/jmh-core-1.37.jar)
WARNING: Please consider reporting this to the maintainers of class org.openjdk.jmh.util.Utils
WARNING: sun.misc.Unsafe::objectFieldOffset will be removed in a future release
# Warmup Iteration   1: 657.750 ns/op
# Warmup Iteration   2: 324.764 ns/op
# Warmup Iteration   3: 315.017 ns/op
# Warmup Iteration   4: 314.323 ns/op
# Warmup Iteration   5: 310.805 ns/op
Iteration   1: 318.637 ns/op
Iteration   2: 321.308 ns/op
Iteration   3: 311.035 ns/op
Iteration   4: 317.791 ns/op
Iteration   5: 316.775 ns/op

# Run progress: 57.18% complete, ETA 00:06:57
# Fork: 2 of 3
WARNING: A terminally deprecated method in sun.misc.Unsafe has been called
WARNING: sun.misc.Unsafe::objectFieldOffset has been called by org.openjdk.jmh.util.Utils (file:/C:/Users/Hareram%20ray/AI/numJ/.tools/jmh/jmh-core-1.37.jar)
WARNING: Please consider reporting this to the maintainers of class org.openjdk.jmh.util.Utils
WARNING: sun.misc.Unsafe::objectFieldOffset will be removed in a future release
# Warmup Iteration   1: 650.648 ns/op
# Warmup Iteration   2: 323.034 ns/op
# Warmup Iteration   3: 320.211 ns/op
# Warmup Iteration   4: 310.197 ns/op
# Warmup Iteration   5: 313.483 ns/op
Iteration   1: 310.773 ns/op
Iteration   2: 317.378 ns/op
Iteration   3: 322.350 ns/op
Iteration   4: 309.736 ns/op
Iteration   5: 310.954 ns/op

# Run progress: 57.47% complete, ETA 00:06:54
# Fork: 3 of 3
WARNING: A terminally deprecated method in sun.misc.Unsafe has been called
WARNING: sun.misc.Unsafe::objectFieldOffset has been called by org.openjdk.jmh.util.Utils (file:/C:/Users/Hareram%20ray/AI/numJ/.tools/jmh/jmh-core-1.37.jar)
WARNING: Please consider reporting this to the maintainers of class org.openjdk.jmh.util.Utils
WARNING: sun.misc.Unsafe::objectFieldOffset will be removed in a future release
# Warmup Iteration   1: 642.210 ns/op
# Warmup Iteration   2: 313.067 ns/op
# Warmup Iteration   3: 324.679 ns/op
# Warmup Iteration   4: 312.531 ns/op
# Warmup Iteration   5: 323.208 ns/op
Iteration   1: 313.695 ns/op
Iteration   2: 311.496 ns/op
Iteration   3: 323.884 ns/op
Iteration   4: 329.410 ns/op
Iteration   5: 312.414 ns/op


Result "numj.FusedBench.unfusedReuse":
  316.509 ±(99.9%) 6.223 ns/op [Average]
  (min, avg, max) = (309.736, 316.509, 329.410), stdev = 5.821
  CI (99.9%): [310.286, 322.732] (assumes normal distribution)


# JMH version: 1.37
# VM version: JDK 25.0.4.1, OpenJDK 64-Bit Server VM, 25.0.4.1+1-LTS
# VM invoker: C:\Users\Hareram ray\AI\numJ\.tools\jdk\bin\java.exe
# VM options: --enable-native-access=ALL-UNNAMED --enable-native-access=ALL-UNNAMED -Xms2g -Xmx2g -XX:+AlwaysPreTouch
# Blackhole mode: compiler (auto-detected, use -Djmh.blackhole.autoDetect=false to disable)
# Warmup: 5 iterations, 200 ms each
# Measurement: 5 iterations, 200 ms each
# Timeout: 10 min per iteration
# Threads: 1 thread, will synchronize iterations
# Benchmark mode: Average time, time/op
# Benchmark: numj.FusedBench.unfusedReuse
# Parameters: (layout = contig, n = 100000)

# Run progress: 57.76% complete, ETA 00:06:51
# Fork: 1 of 3
WARNING: A terminally deprecated method in sun.misc.Unsafe has been called
WARNING: sun.misc.Unsafe::objectFieldOffset has been called by org.openjdk.jmh.util.Utils (file:/C:/Users/Hareram%20ray/AI/numJ/.tools/jmh/jmh-core-1.37.jar)
WARNING: Please consider reporting this to the maintainers of class org.openjdk.jmh.util.Utils
WARNING: sun.misc.Unsafe::objectFieldOffset will be removed in a future release
# Warmup Iteration   1: 156606.206 ns/op
# Warmup Iteration   2: 82477.207 ns/op
# Warmup Iteration   3: 87183.571 ns/op
# Warmup Iteration   4: 83402.157 ns/op
# Warmup Iteration   5: 100431.830 ns/op
Iteration   1: 84279.207 ns/op
Iteration   2: 81926.729 ns/op
Iteration   3: 83135.075 ns/op
Iteration   4: 84803.508 ns/op
Iteration   5: 77819.379 ns/op

# Run progress: 58.05% complete, ETA 00:06:48
# Fork: 2 of 3
WARNING: A terminally deprecated method in sun.misc.Unsafe has been called
WARNING: sun.misc.Unsafe::objectFieldOffset has been called by org.openjdk.jmh.util.Utils (file:/C:/Users/Hareram%20ray/AI/numJ/.tools/jmh/jmh-core-1.37.jar)
WARNING: Please consider reporting this to the maintainers of class org.openjdk.jmh.util.Utils
WARNING: sun.misc.Unsafe::objectFieldOffset will be removed in a future release
# Warmup Iteration   1: 258145.630 ns/op
# Warmup Iteration   2: 96011.562 ns/op
# Warmup Iteration   3: 85566.653 ns/op
# Warmup Iteration   4: 81572.313 ns/op
# Warmup Iteration   5: 83989.992 ns/op
Iteration   1: 83669.513 ns/op
Iteration   2: 83592.801 ns/op
Iteration   3: 87861.201 ns/op
Iteration   4: 82699.424 ns/op
Iteration   5: 82200.081 ns/op

# Run progress: 58.33% complete, ETA 00:06:45
# Fork: 3 of 3
WARNING: A terminally deprecated method in sun.misc.Unsafe has been called
WARNING: sun.misc.Unsafe::objectFieldOffset has been called by org.openjdk.jmh.util.Utils (file:/C:/Users/Hareram%20ray/AI/numJ/.tools/jmh/jmh-core-1.37.jar)
WARNING: Please consider reporting this to the maintainers of class org.openjdk.jmh.util.Utils
WARNING: sun.misc.Unsafe::objectFieldOffset will be removed in a future release
# Warmup Iteration   1: 158417.902 ns/op
# Warmup Iteration   2: 81338.309 ns/op
# Warmup Iteration   3: 109664.574 ns/op
# Warmup Iteration   4: 169956.192 ns/op
# Warmup Iteration   5: 151357.197 ns/op
Iteration   1: 114268.700 ns/op
Iteration   2: 125669.077 ns/op
Iteration   3: 132959.881 ns/op
Iteration   4: 86909.138 ns/op
Iteration   5: 97439.072 ns/op


Result "numj.FusedBench.unfusedReuse":
  92615.519 ±(99.9%) 18493.129 ns/op [Average]
  (min, avg, max) = (77819.379, 92615.519, 132959.881), stdev = 17298.484
  CI (99.9%): [74122.390, 111108.648] (assumes normal distribution)


# JMH version: 1.37
# VM version: JDK 25.0.4.1, OpenJDK 64-Bit Server VM, 25.0.4.1+1-LTS
# VM invoker: C:\Users\Hareram ray\AI\numJ\.tools\jdk\bin\java.exe
# VM options: --enable-native-access=ALL-UNNAMED --enable-native-access=ALL-UNNAMED -Xms2g -Xmx2g -XX:+AlwaysPreTouch
# Blackhole mode: compiler (auto-detected, use -Djmh.blackhole.autoDetect=false to disable)
# Warmup: 5 iterations, 200 ms each
# Measurement: 5 iterations, 200 ms each
# Timeout: 10 min per iteration
# Threads: 1 thread, will synchronize iterations
# Benchmark mode: Average time, time/op
# Benchmark: numj.FusedBench.unfusedReuse
# Parameters: (layout = contig, n = 10000000)

# Run progress: 58.62% complete, ETA 00:06:42
# Fork: 1 of 3
WARNING: A terminally deprecated method in sun.misc.Unsafe has been called
WARNING: sun.misc.Unsafe::objectFieldOffset has been called by org.openjdk.jmh.util.Utils (file:/C:/Users/Hareram%20ray/AI/numJ/.tools/jmh/jmh-core-1.37.jar)
WARNING: Please consider reporting this to the maintainers of class org.openjdk.jmh.util.Utils
WARNING: sun.misc.Unsafe::objectFieldOffset will be removed in a future release
# Warmup Iteration   1: 78126300.000 ns/op
# Warmup Iteration   2: 80529866.667 ns/op
# Warmup Iteration   3: 69709866.667 ns/op
# Warmup Iteration   4: 52940450.000 ns/op
# Warmup Iteration   5: 101398950.000 ns/op
Iteration   1: 68661733.333 ns/op
Iteration   2: 60000525.000 ns/op
Iteration   3: 54377975.000 ns/op
Iteration   4: 49032440.000 ns/op
Iteration   5: 45934680.000 ns/op

# Run progress: 58.91% complete, ETA 00:06:40
# Fork: 2 of 3
WARNING: A terminally deprecated method in sun.misc.Unsafe has been called
WARNING: sun.misc.Unsafe::objectFieldOffset has been called by org.openjdk.jmh.util.Utils (file:/C:/Users/Hareram%20ray/AI/numJ/.tools/jmh/jmh-core-1.37.jar)
WARNING: Please consider reporting this to the maintainers of class org.openjdk.jmh.util.Utils
WARNING: sun.misc.Unsafe::objectFieldOffset will be removed in a future release
# Warmup Iteration   1: 112306050.000 ns/op
# Warmup Iteration   2: 50850775.000 ns/op
# Warmup Iteration   3: 52939775.000 ns/op
# Warmup Iteration   4: 49239180.000 ns/op
# Warmup Iteration   5: 47540780.000 ns/op
Iteration   1: 47058960.000 ns/op
Iteration   2: 52029400.000 ns/op
Iteration   3: 51597800.000 ns/op
Iteration   4: 55693225.000 ns/op
Iteration   5: 52522550.000 ns/op

# Run progress: 59.20% complete, ETA 00:06:37
# Fork: 3 of 3
WARNING: A terminally deprecated method in sun.misc.Unsafe has been called
WARNING: sun.misc.Unsafe::objectFieldOffset has been called by org.openjdk.jmh.util.Utils (file:/C:/Users/Hareram%20ray/AI/numJ/.tools/jmh/jmh-core-1.37.jar)
WARNING: Please consider reporting this to the maintainers of class org.openjdk.jmh.util.Utils
WARNING: sun.misc.Unsafe::objectFieldOffset will be removed in a future release
# Warmup Iteration   1: 286162900.000 ns/op
# Warmup Iteration   2: 74184733.333 ns/op
# Warmup Iteration   3: 76168733.333 ns/op
# Warmup Iteration   4: 109143800.000 ns/op
# Warmup Iteration   5: 51392725.000 ns/op
Iteration   1: 44040340.000 ns/op
Iteration   2: 50870200.000 ns/op
Iteration   3: 66254700.000 ns/op
Iteration   4: 69481800.000 ns/op
Iteration   5: 71187600.000 ns/op


Result "numj.FusedBench.unfusedReuse":
  55916261.889 ±(99.9%) 9659272.311 ns/op [Average]
  (min, avg, max) = (44040340.000, 55916261.889, 71187600.000), stdev = 9035289.313
  CI (99.9%): [46256989.578, 65575534.200] (assumes normal distribution)


# JMH version: 1.37
# VM version: JDK 25.0.4.1, OpenJDK 64-Bit Server VM, 25.0.4.1+1-LTS
# VM invoker: C:\Users\Hareram ray\AI\numJ\.tools\jdk\bin\java.exe
# VM options: --enable-native-access=ALL-UNNAMED --enable-native-access=ALL-UNNAMED -Xms2g -Xmx2g -XX:+AlwaysPreTouch
# Blackhole mode: compiler (auto-detected, use -Djmh.blackhole.autoDetect=false to disable)
# Warmup: 5 iterations, 200 ms each
# Measurement: 5 iterations, 200 ms each
# Timeout: 10 min per iteration
# Threads: 1 thread, will synchronize iterations
# Benchmark mode: Average time, time/op
# Benchmark: numj.FusedBench.unfusedReuse
# Parameters: (layout = transposed, n = 1000)

# Run progress: 59.48% complete, ETA 00:06:35
# Fork: 1 of 3
WARNING: A terminally deprecated method in sun.misc.Unsafe has been called
WARNING: sun.misc.Unsafe::objectFieldOffset has been called by org.openjdk.jmh.util.Utils (file:/C:/Users/Hareram%20ray/AI/numJ/.tools/jmh/jmh-core-1.37.jar)
WARNING: Please consider reporting this to the maintainers of class org.openjdk.jmh.util.Utils
WARNING: sun.misc.Unsafe::objectFieldOffset will be removed in a future release
# Warmup Iteration   1: 6428.276 ns/op
# Warmup Iteration   2: 2293.779 ns/op
# Warmup Iteration   3: 1972.423 ns/op
# Warmup Iteration   4: 2166.924 ns/op
# Warmup Iteration   5: 2024.238 ns/op
Iteration   1: 1688.181 ns/op
Iteration   2: 1611.405 ns/op
Iteration   3: 1796.733 ns/op
Iteration   4: 2009.492 ns/op
Iteration   5: 1942.279 ns/op

# Run progress: 59.77% complete, ETA 00:06:32
# Fork: 2 of 3
WARNING: A terminally deprecated method in sun.misc.Unsafe has been called
WARNING: sun.misc.Unsafe::objectFieldOffset has been called by org.openjdk.jmh.util.Utils (file:/C:/Users/Hareram%20ray/AI/numJ/.tools/jmh/jmh-core-1.37.jar)
WARNING: Please consider reporting this to the maintainers of class org.openjdk.jmh.util.Utils
WARNING: sun.misc.Unsafe::objectFieldOffset will be removed in a future release
# Warmup Iteration   1: 5774.431 ns/op
# Warmup Iteration   2: 1954.381 ns/op
# Warmup Iteration   3: 2013.354 ns/op
# Warmup Iteration   4: 1915.817 ns/op
# Warmup Iteration   5: 1915.773 ns/op
Iteration   1: 2049.663 ns/op
Iteration   2: 1674.741 ns/op
Iteration   3: 1660.456 ns/op
Iteration   4: 1865.367 ns/op
Iteration   5: 1948.288 ns/op

# Run progress: 60.06% complete, ETA 00:06:29
# Fork: 3 of 3
WARNING: A terminally deprecated method in sun.misc.Unsafe has been called
WARNING: sun.misc.Unsafe::objectFieldOffset has been called by org.openjdk.jmh.util.Utils (file:/C:/Users/Hareram%20ray/AI/numJ/.tools/jmh/jmh-core-1.37.jar)
WARNING: Please consider reporting this to the maintainers of class org.openjdk.jmh.util.Utils
WARNING: sun.misc.Unsafe::objectFieldOffset will be removed in a future release
# Warmup Iteration   1: 8994.071 ns/op
# Warmup Iteration   2: 2384.578 ns/op
# Warmup Iteration   3: 2071.651 ns/op
# Warmup Iteration   4: 1944.702 ns/op
# Warmup Iteration   5: 1887.968 ns/op
Iteration   1: 1896.118 ns/op
Iteration   2: 1591.226 ns/op
Iteration   3: 1638.249 ns/op
Iteration   4: 2113.034 ns/op
Iteration   5: 1856.523 ns/op


Result "numj.FusedBench.unfusedReuse":
  1822.784 ±(99.9%) 182.582 ns/op [Average]
  (min, avg, max) = (1591.226, 1822.784, 2113.034), stdev = 170.787
  CI (99.9%): [1640.202, 2005.366] (assumes normal distribution)


# JMH version: 1.37
# VM version: JDK 25.0.4.1, OpenJDK 64-Bit Server VM, 25.0.4.1+1-LTS
# VM invoker: C:\Users\Hareram ray\AI\numJ\.tools\jdk\bin\java.exe
# VM options: --enable-native-access=ALL-UNNAMED --enable-native-access=ALL-UNNAMED -Xms2g -Xmx2g -XX:+AlwaysPreTouch
# Blackhole mode: compiler (auto-detected, use -Djmh.blackhole.autoDetect=false to disable)
# Warmup: 5 iterations, 200 ms each
# Measurement: 5 iterations, 200 ms each
# Timeout: 10 min per iteration
# Threads: 1 thread, will synchronize iterations
# Benchmark mode: Average time, time/op
# Benchmark: numj.FusedBench.unfusedReuse
# Parameters: (layout = transposed, n = 100000)

# Run progress: 60.34% complete, ETA 00:06:26
# Fork: 1 of 3
WARNING: A terminally deprecated method in sun.misc.Unsafe has been called
WARNING: sun.misc.Unsafe::objectFieldOffset has been called by org.openjdk.jmh.util.Utils (file:/C:/Users/Hareram%20ray/AI/numJ/.tools/jmh/jmh-core-1.37.jar)
WARNING: Please consider reporting this to the maintainers of class org.openjdk.jmh.util.Utils
WARNING: sun.misc.Unsafe::objectFieldOffset will be removed in a future release
# Warmup Iteration   1: 719921.708 ns/op
# Warmup Iteration   2: 238968.847 ns/op
# Warmup Iteration   3: 248570.370 ns/op
# Warmup Iteration   4: 249677.516 ns/op
# Warmup Iteration   5: 230541.170 ns/op
Iteration   1: 223998.888 ns/op
Iteration   2: 204675.761 ns/op
Iteration   3: 197131.827 ns/op
Iteration   4: 197647.151 ns/op
Iteration   5: 197995.780 ns/op

# Run progress: 60.63% complete, ETA 00:06:23
# Fork: 2 of 3
WARNING: A terminally deprecated method in sun.misc.Unsafe has been called
WARNING: sun.misc.Unsafe::objectFieldOffset has been called by org.openjdk.jmh.util.Utils (file:/C:/Users/Hareram%20ray/AI/numJ/.tools/jmh/jmh-core-1.37.jar)
WARNING: Please consider reporting this to the maintainers of class org.openjdk.jmh.util.Utils
WARNING: sun.misc.Unsafe::objectFieldOffset will be removed in a future release
# Warmup Iteration   1: 301794.030 ns/op
# Warmup Iteration   2: 148998.293 ns/op
# Warmup Iteration   3: 146221.298 ns/op
# Warmup Iteration   4: 138854.997 ns/op
# Warmup Iteration   5: 151213.941 ns/op
Iteration   1: 139374.120 ns/op
Iteration   2: 141251.113 ns/op
Iteration   3: 142581.050 ns/op
Iteration   4: 141459.818 ns/op
Iteration   5: 150357.844 ns/op

# Run progress: 60.92% complete, ETA 00:06:20
# Fork: 3 of 3
WARNING: A terminally deprecated method in sun.misc.Unsafe has been called
WARNING: sun.misc.Unsafe::objectFieldOffset has been called by org.openjdk.jmh.util.Utils (file:/C:/Users/Hareram%20ray/AI/numJ/.tools/jmh/jmh-core-1.37.jar)
WARNING: Please consider reporting this to the maintainers of class org.openjdk.jmh.util.Utils
WARNING: sun.misc.Unsafe::objectFieldOffset will be removed in a future release
# Warmup Iteration   1: 5612605.556 ns/op
# Warmup Iteration   2: 434432.112 ns/op
# Warmup Iteration   3: 270837.062 ns/op
# Warmup Iteration   4: 249138.662 ns/op
# Warmup Iteration   5: 242043.046 ns/op
Iteration   1: 208213.278 ns/op
Iteration   2: 201529.026 ns/op
Iteration   3: 203748.783 ns/op
Iteration   4: 199710.437 ns/op
Iteration   5: 198239.469 ns/op


Result "numj.FusedBench.unfusedReuse":
  183194.290 ±(99.9%) 32301.740 ns/op [Average]
  (min, avg, max) = (139374.120, 183194.290, 223998.888), stdev = 30215.067
  CI (99.9%): [150892.550, 215496.029] (assumes normal distribution)


# JMH version: 1.37
# VM version: JDK 25.0.4.1, OpenJDK 64-Bit Server VM, 25.0.4.1+1-LTS
# VM invoker: C:\Users\Hareram ray\AI\numJ\.tools\jdk\bin\java.exe
# VM options: --enable-native-access=ALL-UNNAMED --enable-native-access=ALL-UNNAMED -Xms2g -Xmx2g -XX:+AlwaysPreTouch
# Blackhole mode: compiler (auto-detected, use -Djmh.blackhole.autoDetect=false to disable)
# Warmup: 5 iterations, 200 ms each
# Measurement: 5 iterations, 200 ms each
# Timeout: 10 min per iteration
# Threads: 1 thread, will synchronize iterations
# Benchmark mode: Average time, time/op
# Benchmark: numj.FusedBench.unfusedReuse
# Parameters: (layout = transposed, n = 10000000)

# Run progress: 61.21% complete, ETA 00:06:17
# Fork: 1 of 3
WARNING: A terminally deprecated method in sun.misc.Unsafe has been called
WARNING: sun.misc.Unsafe::objectFieldOffset has been called by org.openjdk.jmh.util.Utils (file:/C:/Users/Hareram%20ray/AI/numJ/.tools/jmh/jmh-core-1.37.jar)
WARNING: Please consider reporting this to the maintainers of class org.openjdk.jmh.util.Utils
WARNING: sun.misc.Unsafe::objectFieldOffset will be removed in a future release
# Warmup Iteration   1: 335500000.000 ns/op
# Warmup Iteration   2: 223683300.000 ns/op
# Warmup Iteration   3: 388496100.000 ns/op
# Warmup Iteration   4: 355156400.000 ns/op
# Warmup Iteration   5: 243745700.000 ns/op
Iteration   1: 231925300.000 ns/op
Iteration   2: 290247500.000 ns/op
Iteration   3: 315194300.000 ns/op
Iteration   4: 285315600.000 ns/op
Iteration   5: 226138900.000 ns/op

# Run progress: 61.49% complete, ETA 00:06:15
# Fork: 2 of 3
WARNING: A terminally deprecated method in sun.misc.Unsafe has been called
WARNING: sun.misc.Unsafe::objectFieldOffset has been called by org.openjdk.jmh.util.Utils (file:/C:/Users/Hareram%20ray/AI/numJ/.tools/jmh/jmh-core-1.37.jar)
WARNING: Please consider reporting this to the maintainers of class org.openjdk.jmh.util.Utils
WARNING: sun.misc.Unsafe::objectFieldOffset will be removed in a future release
# Warmup Iteration   1: 427222900.000 ns/op
# Warmup Iteration   2: 206400800.000 ns/op
# Warmup Iteration   3: 331886700.000 ns/op
# Warmup Iteration   4: 431597000.000 ns/op
# Warmup Iteration   5: 288148900.000 ns/op
Iteration   1: 242457800.000 ns/op
Iteration   2: 268677100.000 ns/op
Iteration   3: 366812500.000 ns/op
Iteration   4: 423318100.000 ns/op
Iteration   5: 294894100.000 ns/op

# Run progress: 61.78% complete, ETA 00:06:13
# Fork: 3 of 3
WARNING: A terminally deprecated method in sun.misc.Unsafe has been called
WARNING: sun.misc.Unsafe::objectFieldOffset has been called by org.openjdk.jmh.util.Utils (file:/C:/Users/Hareram%20ray/AI/numJ/.tools/jmh/jmh-core-1.37.jar)
WARNING: Please consider reporting this to the maintainers of class org.openjdk.jmh.util.Utils
WARNING: sun.misc.Unsafe::objectFieldOffset will be removed in a future release
# Warmup Iteration   1: 362418900.000 ns/op
# Warmup Iteration   2: 249236200.000 ns/op
# Warmup Iteration   3: 344334100.000 ns/op
# Warmup Iteration   4: 373851000.000 ns/op
# Warmup Iteration   5: 271413100.000 ns/op
Iteration   1: 263205900.000 ns/op
Iteration   2: 277039200.000 ns/op
Iteration   3: 361467300.000 ns/op
Iteration   4: 272593800.000 ns/op
Iteration   5: 215202900.000 ns/op


Result "numj.FusedBench.unfusedReuse":
  288966020.000 ±(99.9%) 61542625.992 ns/op [Average]
  (min, avg, max) = (215202900.000, 288966020.000, 423318100.000), stdev = 57567010.541
  CI (99.9%): [227423394.008, 350508645.992] (assumes normal distribution)


# JMH version: 1.37
# VM version: JDK 25.0.4.1, OpenJDK 64-Bit Server VM, 25.0.4.1+1-LTS
# VM invoker: C:\Users\Hareram ray\AI\numJ\.tools\jdk\bin\java.exe
# VM options: --enable-native-access=ALL-UNNAMED --enable-native-access=ALL-UNNAMED -Xms2g -Xmx2g -XX:+AlwaysPreTouch
# Blackhole mode: compiler (auto-detected, use -Djmh.blackhole.autoDetect=false to disable)
# Warmup: 5 iterations, 200 ms each
# Measurement: 5 iterations, 200 ms each
# Timeout: 10 min per iteration
# Threads: 1 thread, will synchronize iterations
# Benchmark mode: Average time, time/op
# Benchmark: numj.ReduceBench.java
# Parameters: (kind = all, n = 1000)

# Run progress: 62.07% complete, ETA 00:06:11
# Fork: 1 of 3
WARNING: A terminally deprecated method in sun.misc.Unsafe has been called
WARNING: sun.misc.Unsafe::objectFieldOffset has been called by org.openjdk.jmh.util.Utils (file:/C:/Users/Hareram%20ray/AI/numJ/.tools/jmh/jmh-core-1.37.jar)
WARNING: Please consider reporting this to the maintainers of class org.openjdk.jmh.util.Utils
WARNING: sun.misc.Unsafe::objectFieldOffset will be removed in a future release
# Warmup Iteration   1: 491.679 ns/op
# Warmup Iteration   2: 453.937 ns/op
# Warmup Iteration   3: 439.814 ns/op
# Warmup Iteration   4: 443.048 ns/op
# Warmup Iteration   5: 448.323 ns/op
Iteration   1: 454.948 ns/op
Iteration   2: 426.510 ns/op
Iteration   3: 430.653 ns/op
Iteration   4: 428.531 ns/op
Iteration   5: 417.323 ns/op

# Run progress: 62.36% complete, ETA 00:06:08
# Fork: 2 of 3
WARNING: A terminally deprecated method in sun.misc.Unsafe has been called
WARNING: sun.misc.Unsafe::objectFieldOffset has been called by org.openjdk.jmh.util.Utils (file:/C:/Users/Hareram%20ray/AI/numJ/.tools/jmh/jmh-core-1.37.jar)
WARNING: Please consider reporting this to the maintainers of class org.openjdk.jmh.util.Utils
WARNING: sun.misc.Unsafe::objectFieldOffset will be removed in a future releas# Warmup Iteration   1: e
453.771 ns/op
# Warmup Iteration   2: 432.246 ns/op
# Warmup Iteration   3: 425.737 ns/op
# Warmup Iteration   4: 428.661 ns/op
# Warmup Iteration   5: 430.981 ns/op
Iteration   1: 453.347 ns/op
Iteration   2: 445.124 ns/op
Iteration   3: 422.087 ns/op
Iteration   4: 454.531 ns/op
Iteration   5: 422.958 ns/op

# Run progress: 62.64% complete, ETA 00:06:05
# Fork: 3 of 3
WARNING: A terminally deprecated method in sun.misc.Unsafe has been called
WARNING: sun.misc.Unsafe::objectFieldOffset has been called by org.openjdk.jmh.util.Utils (file:/C:/Users/Hareram%20ray/AI/numJ/.tools/jmh/jmh-core-1.37.jar)
WARNING: Please consider reporting this to the maintainers of class org.openjdk.jmh.util.Utils
WARNING: sun.misc.Unsafe::objectFieldOffset will be removed in a future release
# Warmup Iteration   1: 471.498 ns/op
# Warmup Iteration   2: 448.441 ns/op
# Warmup Iteration   3: 439.819 ns/op
# Warmup Iteration   4: 445.277 ns/op
# Warmup Iteration   5: 425.967 ns/op
Iteration   1: 423.822 ns/op
Iteration   2: 429.465 ns/op
Iteration   3: 426.064 ns/op
Iteration   4: 430.112 ns/op
Iteration   5: 426.360 ns/op


Result "numj.ReduceBench.java":
  432.789 ±(99.9%) 13.511 ns/op [Average]
  (min, avg, max) = (417.323, 432.789, 454.948), stdev = 12.638
  CI (99.9%): [419.278, 446.300] (assumes normal distribution)


# JMH version: 1.37
# VM version: JDK 25.0.4.1, OpenJDK 64-Bit Server VM, 25.0.4.1+1-LTS
# VM invoker: C:\Users\Hareram ray\AI\numJ\.tools\jdk\bin\java.exe
# VM options: --enable-native-access=ALL-UNNAMED --enable-native-access=ALL-UNNAMED -Xms2g -Xmx2g -XX:+AlwaysPreTouch
# Blackhole mode: compiler (auto-detected, use -Djmh.blackhole.autoDetect=false to disable)
# Warmup: 5 iterations, 200 ms each
# Measurement: 5 iterations, 200 ms each
# Timeout: 10 min per iteration
# Threads: 1 thread, will synchronize iterations
# Benchmark mode: Average time, time/op
# Benchmark: numj.ReduceBench.java
# Parameters: (kind = all, n = 100000)

# Run progress: 62.93% complete, ETA 00:06:02
# Fork: 1 of 3
WARNING: A terminally deprecated method in sun.misc.Unsafe has been called
WARNING: sun.misc.Unsafe::objectFieldOffset has been called by org.openjdk.jmh.util.Utils (file:/C:/Users/Hareram%20ray/AI/numJ/.tools/jmh/jmh-core-1.37.jar)
WARNING: Please consider reporting this to the maintainers of class org.openjdk.jmh.util.Utils
WARNING: sun.misc.Unsafe::objectFieldOffset will be removed in a future release
# Warmup Iteration   1: 56608.451 ns/op
# Warmup Iteration   2: 56284.308 ns/op
# Warmup Iteration   3: 50192.082 ns/op
# Warmup Iteration   4: 51073.524 ns/op
# Warmup Iteration   5: 56799.716 ns/op
Iteration   1: 62770.832 ns/op
Iteration   2: 51876.601 ns/op
Iteration   3: 49362.694 ns/op
Iteration   4: 52589.194 ns/op
Iteration   5: 57014.472 ns/op

# Run progress: 63.22% complete, ETA 00:05:59
# Fork: 2 of 3
WARNING: A terminally deprecated method in sun.misc.Unsafe has been called
WARNING: sun.misc.Unsafe::objectFieldOffset has been called by org.openjdk.jmh.util.Utils (file:/C:/Users/Hareram%20ray/AI/numJ/.tools/jmh/jmh-core-1.37.jar)
WARNING: Please consider reporting this to the maintainers of class org.openjdk.jmh.util.Utils
WARNING: sun.misc.Unsafe::objectFieldOffset will be removed in a future release
# Warmup Iteration   1: 50034.292 ns/op
# Warmup Iteration   2: 46532.854 ns/op
# Warmup Iteration   3: 46391.947 ns/op
# Warmup Iteration   4: 53896.619 ns/op
# Warmup Iteration   5: 59626.378 ns/op
Iteration   1: 58651.048 ns/op
Iteration   2: 48958.388 ns/op
Iteration   3: 45835.317 ns/op
Iteration   4: 45844.199 ns/op
Iteration   5: 56039.710 ns/op

# Run progress: 63.51% complete, ETA 00:05:56
# Fork: 3 of 3
WARNING: A terminally deprecated method in sun.misc.Unsafe has been called
WARNING: sun.misc.Unsafe::objectFieldOffset has been called by org.openjdk.jmh.util.Utils (file:/C:/Users/Hareram%20ray/AI/numJ/.tools/jmh/jmh-core-1.37.jar)
WARNING: Please consider reporting this to the maintainers of class org.openjdk.jmh.util.Utils
WARNING: sun.misc.Unsafe::objectFieldOffset will be removed in a future release
# Warmup Iteration   1: 53082.071 ns/op
# Warmup Iteration   2: 52168.653 ns/op
# Warmup Iteration   3: 59659.988 ns/op
# Warmup Iteration   4: 49945.820 ns/op
# Warmup Iteration   5: 53354.874 ns/op
Iteration   1: 50581.481 ns/op
Iteration   2: 50373.735 ns/op
Iteration   3: 51287.873 ns/op
Iteration   4: 51770.517 ns/op
Iteration   5: 48475.870 ns/op


Result "numj.ReduceBench.java":
  52095.462 ±(99.9%) 5044.184 ns/op [Average]
  (min, avg, max) = (45835.317, 52095.462, 62770.832), stdev = 4718.333
  CI (99.9%): [47051.278, 57139.646] (assumes normal distribution)


# JMH version: 1.37
# VM version: JDK 25.0.4.1, OpenJDK 64-Bit Server VM, 25.0.4.1+1-LTS
# VM invoker: C:\Users\Hareram ray\AI\numJ\.tools\jdk\bin\java.exe
# VM options: --enable-native-access=ALL-UNNAMED --enable-native-access=ALL-UNNAMED -Xms2g -Xmx2g -XX:+AlwaysPreTouch
# Blackhole mode: compiler (auto-detected, use -Djmh.blackhole.autoDetect=false to disable)
# Warmup: 5 iterations, 200 ms each
# Measurement: 5 iterations, 200 ms each
# Timeout: 10 min per iteration
# Threads: 1 thread, will synchronize iterations
# Benchmark mode: Average time, time/op
# Benchmark: numj.ReduceBench.java
# Parameters: (kind = all, n = 10000000)

# Run progress: 63.79% complete, ETA 00:05:53
# Fork: 1 of 3
WARNING: A terminally deprecated method in sun.misc.Unsafe has been called
WARNING: sun.misc.Unsafe::objectFieldOffset has been called by org.openjdk.jmh.util.Utils (file:/C:/Users/Hareram%20ray/AI/numJ/.tools/jmh/jmh-core-1.37.jar)
WARNING: Please consider reporting this to the maintainers of class org.openjdk.jmh.util.Utils
WARNING: sun.misc.Unsafe::objectFieldOffset will be removed in a future release
# Warmup Iteration   1: 9088465.217 ns/op
# Warmup Iteration   2: 7092903.448 ns/op
# Warmup Iteration   3: 8014120.000 ns/op
# Warmup Iteration   4: 7135900.000 ns/op
# Warmup Iteration   5: 7595429.630 ns/op
Iteration   1: 9047782.609 ns/op
Iteration   2: 6592851.613 ns/op
Iteration   3: 7121365.517 ns/op
Iteration   4: 7063031.034 ns/op
Iteration   5: 9966661.905 ns/op

# Run progress: 64.08% complete, ETA 00:05:51
# Fork: 2 of 3
WARNING: A terminally deprecated method in sun.misc.Unsafe has been called
WARNING: sun.misc.Unsafe::objectFieldOffset has been called by org.openjdk.jmh.util.Utils (file:/C:/Users/Hareram%20ray/AI/numJ/.tools/jmh/jmh-core-1.37.jar)
WARNING: Please consider reporting this to the maintainers of class org.openjdk.jmh.util.Utils
WARNING: sun.misc.Unsafe::objectFieldOffset will be removed in a future release
# Warmup Iteration   1: 6975251.724 ns/op
# Warmup Iteration   2: 6830200.000 ns/op
# Warmup Iteration   3: 6738100.000 ns/op
# Warmup Iteration   4: 6918266.667 ns/op
# Warmup Iteration   5: 10669485.000 ns/op
Iteration   1: 7065982.759 ns/op
Iteration   2: 7463492.593 ns/op
Iteration   3: 6872243.333 ns/op
Iteration   4: 6844416.667 ns/op
Iteration   5: 7337582.143 ns/op

# Run progress: 64.37% complete, ETA 00:05:48
# Fork: 3 of 3
WARNING: A terminally deprecated method in sun.misc.Unsafe has been called
WARNING: sun.misc.Unsafe::objectFieldOffset has been called by org.openjdk.jmh.util.Utils (file:/C:/Users/Hareram%20ray/AI/numJ/.tools/jmh/jmh-core-1.37.jar)
WARNING: Please consider reporting this to the maintainers of class org.openjdk.jmh.util.Utils
WARNING: sun.misc.Unsafe::objectFieldOffset will be removed in a future release
# Warmup Iteration   1: 13359306.250 ns/op
# Warmup Iteration   2: 12102747.059 ns/op
# Warmup Iteration   3: 9182827.273 ns/op
# Warmup Iteration   4: 9389445.455 ns/op
# Warmup Iteration   5: 8833078.261 ns/op
Iteration   1: 9336800.000 ns/op
Iteration   2: 9627704.762 ns/op
Iteration   3: 10260595.000 ns/op
Iteration   4: 12364558.824 ns/op
Iteration   5: 11287844.444 ns/op


Result "numj.ReduceBench.java":
  8550194.213 ±(99.9%) 1972640.469 ns/op [Average]
  (min, avg, max) = (6592851.613, 8550194.213, 12364558.824), stdev = 1845209.119
  CI (99.9%): [6577553.744, 10522834.683] (assumes normal distribution)


# JMH version: 1.37
# VM version: JDK 25.0.4.1, OpenJDK 64-Bit Server VM, 25.0.4.1+1-LTS
# VM invoker: C:\Users\Hareram ray\AI\numJ\.tools\jdk\bin\java.exe
# VM options: --enable-native-access=ALL-UNNAMED --enable-native-access=ALL-UNNAMED -Xms2g -Xmx2g -XX:+AlwaysPreTouch
# Blackhole mode: compiler (auto-detected, use -Djmh.blackhole.autoDetect=false to disable)
# Warmup: 5 iterations, 200 ms each
# Measurement: 5 iterations, 200 ms each
# Timeout: 10 min per iteration
# Threads: 1 thread, will synchronize iterations
# Benchmark mode: Average time, time/op
# Benchmark: numj.ReduceBench.java
# Parameters: (kind = axis0, n = 1000)

# Run progress: 64.66% complete, ETA 00:05:45
# Fork: 1 of 3
WARNING: A terminally deprecated method in sun.misc.Unsafe has been called
WARNING: sun.misc.Unsafe::objectFieldOffset has been called by org.openjdk.jmh.util.Utils (file:/C:/Users/Hareram%20ray/AI/numJ/.tools/jmh/jmh-core-1.37.jar)
WARNING: Please consider reporting this to the maintainers of class org.openjdk.jmh.util.Utils
WARNING: sun.misc.Unsafe::objectFieldOffset will be removed in a future release
# Warmup Iteration   1: 390.841 ns/op
# Warmup Iteration   2: 370.651 ns/op
# Warmup Iteration   3: 368.999 ns/op
# Warmup Iteration   4: 348.921 ns/op
# Warmup Iteration   5: 353.849 ns/op
Iteration   1: 373.167 ns/op
Iteration   2: 357.752 ns/op
Iteration   3: 350.050 ns/op
Iteration   4: 356.712 ns/op
Iteration   5: 361.567 ns/op

# Run progress: 64.94% complete, ETA 00:05:42
# Fork: 2 of 3
WARNING: A terminally deprecated method in sun.misc.Unsafe has been called
WARNING: sun.misc.Unsafe::objectFieldOffset has been called by org.openjdk.jmh.util.Utils (file:/C:/Users/Hareram%20ray/AI/numJ/.tools/jmh/jmh-core-1.37.jar)
WARNING: Please consider reporting this to the maintainers of class org.openjdk.jmh.util.Utils
WARNING: sun.misc.Unsafe::objectFieldOffset will be removed in a future release
# Warmup Iteration   1: 354.424 ns/op
# Warmup Iteration   2: 324.395 ns/op
# Warmup Iteration   3: 331.444 ns/op
# Warmup Iteration   4: 334.985 ns/op
# Warmup Iteration   5: 335.712 ns/op
Iteration   1: 338.690 ns/op
Iteration   2: 335.549 ns/op
Iteration   3: 333.913 ns/op
Iteration   4: 339.048 ns/op
Iteration   5: 336.493 ns/op

# Run progress: 65.23% complete, ETA 00:05:39
# Fork: 3 of 3
WARNING: A terminally deprecated method in sun.misc.Unsafe has been called
WARNING: sun.misc.Unsafe::objectFieldOffset has been called by org.openjdk.jmh.util.Utils (file:/C:/Users/Hareram%20ray/AI/numJ/.tools/jmh/jmh-core-1.37.jar)
WARNING: Please consider reporting this to the maintainers of class org.openjdk.jmh.util.Utils
WARNING: sun.misc.Unsafe::objectFieldOffset will be removed in a future release
# Warmup Iteration   1: 400.476 ns/op
# Warmup Iteration   2: 359.699 ns/op
# Warmup Iteration   3: 357.104 ns/op
# Warmup Iteration   4: 367.134 ns/op
# Warmup Iteration   5: 381.198 ns/op
Iteration   1: 358.979 ns/op
Iteration   2: 365.123 ns/op
Iteration   3: 380.788 ns/op
Iteration   4: 361.220 ns/op
Iteration   5: 352.759 ns/op


Result "numj.ReduceBench.java":
  353.454 ±(99.9%) 15.348 ns/op [Average]
  (min, avg, max) = (333.913, 353.454, 380.788), stdev = 14.356
  CI (99.9%): [338.106, 368.801] (assumes normal distribution)


# JMH version: 1.37
# VM version: JDK 25.0.4.1, OpenJDK 64-Bit Server VM, 25.0.4.1+1-LTS
# VM invoker: C:\Users\Hareram ray\AI\numJ\.tools\jdk\bin\java.exe
# VM options: --enable-native-access=ALL-UNNAMED --enable-native-access=ALL-UNNAMED -Xms2g -Xmx2g -XX:+AlwaysPreTouch
# Blackhole mode: compiler (auto-detected, use -Djmh.blackhole.autoDetect=false to disable)
# Warmup: 5 iterations, 200 ms each
# Measurement: 5 iterations, 200 ms each
# Timeout: 10 min per iteration
# Threads: 1 thread, will synchronize iterations
# Benchmark mode: Average time, time/op
# Benchmark: numj.ReduceBench.java
# Parameters: (kind = axis0, n = 100000)

# Run progress: 65.52% complete, ETA 00:05:36
# Fork: 1 of 3
WARNING: A terminally deprecated method in sun.misc.Unsafe has been called
WARNING: sun.misc.Unsafe::objectFieldOffset has been called by org.openjdk.jmh.util.Utils (file:/C:/Users/Hareram%20ray/AI/numJ/.tools/jmh/jmh-core-1.37.jar)
WARNING: Please consider reporting this to the maintainers of class org.openjdk.jmh.util.Utils
WARNING: sun.misc.Unsafe::objectFieldOffset will be removed in a future release
# Warmup Iteration   1: 37961.302 ns/op
# Warmup Iteration   2: 38836.125 ns/op
# Warmup Iteration   3: 38373.058 ns/op
# Warmup Iteration   4: 37246.899 ns/op
# Warmup Iteration   5: 39509.702 ns/op
Iteration   1: 37290.822 ns/op
Iteration   2: 37705.519 ns/op
Iteration   3: 34503.595 ns/op
Iteration   4: 32766.040 ns/op
Iteration   5: 34694.369 ns/op

# Run progress: 65.80% complete, ETA 00:05:33
# Fork: 2 of 3
WARNING: A terminally deprecated method in sun.misc.Unsafe has been called
WARNING: sun.misc.Unsafe::objectFieldOffset has been called by org.openjdk.jmh.util.Utils (file:/C:/Users/Hareram%20ray/AI/numJ/.tools/jmh/jmh-core-1.37.jar)
WARNING: Please consider reporting this to the maintainers of class org.openjdk.jmh.util.Utils
WARNING: sun.misc.Unsafe::objectFieldOffset will be removed in a future release
# Warmup Iteration   1: 32460.547 ns/op
# Warmup Iteration   2: 31765.518 ns/op
# Warmup Iteration   3: 32606.252 ns/op
# Warmup Iteration   4: 32014.820 ns/op
# Warmup Iteration   5: 29415.933 ns/op
Iteration   1: 30695.863 ns/op
Iteration   2: 31703.975 ns/op
Iteration   3: 31949.897 ns/op
Iteration   4: 34463.320 ns/op
Iteration   5: 31426.699 ns/op

# Run progress: 66.09% complete, ETA 00:05:30
# Fork: 3 of 3
WARNING: A terminally deprecated method in sun.misc.Unsafe has been called
WARNING: sun.misc.Unsafe::objectFieldOffset has been called by org.openjdk.jmh.util.Utils (file:/C:/Users/Hareram%20ray/AI/numJ/.tools/jmh/jmh-core-1.37.jar)
WARNING: Please consider reporting this to the maintainers of class org.openjdk.jmh.util.Utils
WARNING: sun.misc.Unsafe::objectFieldOffset will be removed in a future release
# Warmup Iteration   1: 32963.431 ns/op
# Warmup Iteration   2: 32098.431 ns/op
# Warmup Iteration   3: 30483.969 ns/op
# Warmup Iteration   4: 30338.801 ns/op
# Warmup Iteration   5: 31762.884 ns/op
Iteration   1: 33503.020 ns/op
Iteration   2: 31803.797 ns/op
Iteration   3: 32229.242 ns/op
Iteration   4: 31155.724 ns/op
Iteration   5: 29130.310 ns/op


Result "numj.ReduceBench.java":
  33001.479 ±(99.9%) 2541.150 ns/op [Average]
  (min, avg, max) = (29130.310, 33001.479, 37705.519), stdev = 2376.993
  CI (99.9%): [30460.330, 35542.629] (assumes normal distribution)


# JMH version: 1.37
# VM version: JDK 25.0.4.1, OpenJDK 64-Bit Server VM, 25.0.4.1+1-LTS
# VM invoker: C:\Users\Hareram ray\AI\numJ\.tools\jdk\bin\java.exe
# VM options: --enable-native-access=ALL-UNNAMED --enable-native-access=ALL-UNNAMED -Xms2g -Xmx2g -XX:+AlwaysPreTouch
# Blackhole mode: compiler (auto-detected, use -Djmh.blackhole.autoDetect=false to disable)
# Warmup: 5 iterations, 200 ms each
# Measurement: 5 iterations, 200 ms each
# Timeout: 10 min per iteration
# Threads: 1 thread, will synchronize iterations
# Benchmark mode: Average time, time/op
# Benchmark: numj.ReduceBench.java
# Parameters: (kind = axis0, n = 10000000)

# Run progress: 66.38% complete, ETA 00:05:27
# Fork: 1 of 3
WARNING: A terminally deprecated method in sun.misc.Unsafe has been called
WARNING: sun.misc.Unsafe::objectFieldOffset has been called by org.openjdk.jmh.util.Utils (file:/C:/Users/Hareram%20ray/AI/numJ/.tools/jmh/jmh-core-1.37.jar)
WARNING: Please consider reporting this to the maintainers of class org.openjdk.jmh.util.Utils
WARNING: sun.misc.Unsafe::objectFieldOffset will be removed in a future release
# Warmup Iteration   1: 8632720.833 ns/op
# Warmup Iteration   2: 6276343.750 ns/op
# Warmup Iteration   3: 6463978.125 ns/op
# Warmup Iteration   4: 6834570.000 ns/op
# Warmup Iteration   5: 6767750.000 ns/op
Iteration   1: 6373715.625 ns/op
Iteration   2: 8270860.000 ns/op
Iteration   3: 7941073.077 ns/op
Iteration   4: 8692987.500 ns/op
Iteration   5: 8805482.609 ns/op

# Run progress: 66.67% complete, ETA 00:05:25
# Fork: 2 of 3
WARNING: A terminally deprecated method in sun.misc.Unsafe has been called
WARNING: sun.misc.Unsafe::objectFieldOffset has been called by org.openjdk.jmh.util.Utils (file:/C:/Users/Hareram%20ray/AI/numJ/.tools/jmh/jmh-core-1.37.jar)
WARNING: Please consider reporting this to the maintainers of class org.openjdk.jmh.util.Utils
WARNING: sun.misc.Unsafe::objectFieldOffset will be removed in a future release
# Warmup Iteration   1: 7218168.966 ns/op
# Warmup Iteration   2: 10989700.000 ns/op
# Warmup Iteration   3: 12306952.941 ns/op
# Warmup Iteration   4: 8401225.000 ns/op
# Warmup Iteration   5: 7847276.923 ns/op
Iteration   1: 13965393.333 ns/op
Iteration   2: 7770976.923 ns/op
Iteration   3: 7706165.385 ns/op
Iteration   4: 7599725.926 ns/op
Iteration   5: 7195232.143 ns/op

# Run progress: 66.95% complete, ETA 00:05:22
# Fork: 3 of 3
WARNING: A terminally deprecated method in sun.misc.Unsafe has been called
WARNING: sun.misc.Unsafe::objectFieldOffset has been called by org.openjdk.jmh.util.Utils (file:/C:/Users/Hareram%20ray/AI/numJ/.tools/jmh/jmh-core-1.37.jar)
WARNING: Please consider reporting this to the maintainers of class org.openjdk.jmh.util.Utils
WARNING: sun.misc.Unsafe::objectFieldOffset will be removed in a future release
# Warmup Iteration   1: 6995289.655 ns/op
# Warmup Iteration   2: 6838363.333 ns/op
# Warmup Iteration   3: 6250812.121 ns/op
# Warmup Iteration   4: 6775990.000 ns/op
# Warmup Iteration   5: 6084314.706 ns/op
Iteration   1: 6853903.333 ns/op
Iteration   2: 6375250.000 ns/op
Iteration   3: 7004606.897 ns/op
Iteration   4: 6796810.000 ns/op
Iteration   5: 5926794.118 ns/op


Result "numj.ReduceBench.java":
  7818598.458 ±(99.9%) 2032012.050 ns/op [Average]
  (min, avg, max) = (5926794.118, 7818598.458, 13965393.333), stdev = 1900745.333
  CI (99.9%): [5786586.407, 9850610.508] (assumes normal distribution)


# JMH version: 1.37
# VM version: JDK 25.0.4.1, OpenJDK 64-Bit Server VM, 25.0.4.1+1-LTS
# VM invoker: C:\Users\Hareram ray\AI\numJ\.tools\jdk\bin\java.exe
# VM options: --enable-native-access=ALL-UNNAMED --enable-native-access=ALL-UNNAMED -Xms2g -Xmx2g -XX:+AlwaysPreTouch
# Blackhole mode: compiler (auto-detected, use -Djmh.blackhole.autoDetect=false to disable)
# Warmup: 5 iterations, 200 ms each
# Measurement: 5 iterations, 200 ms each
# Timeout: 10 min per iteration
# Threads: 1 thread, will synchronize iterations
# Benchmark mode: Average time, time/op
# Benchmark: numj.ReduceBench.java
# Parameters: (kind = axis1, n = 1000)

# Run progress: 67.24% complete, ETA 00:05:19
# Fork: 1 of 3
WARNING: A terminally deprecated method in sun.misc.Unsafe has been called
WARNING: sun.misc.Unsafe::objectFieldOffset has been called by org.openjdk.jmh.util.Utils (file:/C:/Users/Hareram%20ray/AI/numJ/.tools/jmh/jmh-core-1.37.jar)
WARNING: Please consider reporting this to the maintainers of class org.openjdk.jmh.util.Utils
WARNING: sun.misc.Unsafe::objectFieldOffset will be removed in a future release
# Warmup Iteration   1: 207.983 ns/op
# Warmup Iteration   2: 199.001 ns/op
# Warmup Iteration   3: 215.357 ns/op
# Warmup Iteration   4: 231.900 ns/op
# Warmup Iteration   5: 221.145 ns/op
Iteration   1: 222.029 ns/op
Iteration   2: 226.597 ns/op
Iteration   3: 215.431 ns/op
Iteration   4: 212.679 ns/op
Iteration   5: 213.352 ns/op

# Run progress: 67.53% complete, ETA 00:05:16
# Fork: 2 of 3
WARNING: A terminally deprecated method in sun.misc.Unsafe has been called
WARNING: sun.misc.Unsafe::objectFieldOffset has been called by org.openjdk.jmh.util.Utils (file:/C:/Users/Hareram%20ray/AI/numJ/.tools/jmh/jmh-core-1.37.jar)
WARNING: Please consider reporting this to the maintainers of class org.openjdk.jmh.util.Utils
WARNING: sun.misc.Unsafe::objectFieldOffset will be removed in a future release
# Warmup Iteration   1: 209.699 ns/op
# Warmup Iteration   2: 207.069 ns/op
# Warmup Iteration   3: 222.340 ns/op
# Warmup Iteration   4: 216.964 ns/op
# Warmup Iteration   5: 221.998 ns/op
Iteration   1: 226.132 ns/op
Iteration   2: 228.837 ns/op
Iteration   3: 222.448 ns/op
Iteration   4: 213.133 ns/op
Iteration   5: 216.623 ns/op

# Run progress: 67.82% complete, ETA 00:05:13
# Fork: 3 of 3
WARNING: A terminally deprecated method in sun.misc.Unsafe has been called
WARNING: sun.misc.Unsafe::objectFieldOffset has been called by org.openjdk.jmh.util.Utils (file:/C:/Users/Hareram%20ray/AI/numJ/.tools/jmh/jmh-core-1.37.jar)
WARNING: Please consider reporting this to the maintainers of class org.openjdk.jmh.util.Utils
WARNING: sun.misc.Unsafe::objectFieldOffset will be removed in a future release
# Warmup Iteration   1: 214.216 ns/op
# Warmup Iteration   2: 208.440 ns/op
# Warmup Iteration   3: 235.760 ns/op
# Warmup Iteration   4: 217.135 ns/op
# Warmup Iteration   5: 221.105 ns/op
Iteration   1: 218.273 ns/op
Iteration   2: 216.978 ns/op
Iteration   3: 235.582 ns/op
Iteration   4: 222.110 ns/op
Iteration   5: 217.868 ns/op


Result "numj.ReduceBench.java":
  220.538 ±(99.9%) 7.034 ns/op [Average]
  (min, avg, max) = (212.679, 220.538, 235.582), stdev = 6.580
  CI (99.9%): [213.504, 227.573] (assumes normal distribution)


# JMH version: 1.37
# VM version: JDK 25.0.4.1, OpenJDK 64-Bit Server VM, 25.0.4.1+1-LTS
# VM invoker: C:\Users\Hareram ray\AI\numJ\.tools\jdk\bin\java.exe
# VM options: --enable-native-access=ALL-UNNAMED --enable-native-access=ALL-UNNAMED -Xms2g -Xmx2g -XX:+AlwaysPreTouch
# Blackhole mode: compiler (auto-detected, use -Djmh.blackhole.autoDetect=false to disable)
# Warmup: 5 iterations, 200 ms each
# Measurement: 5 iterations, 200 ms each
# Timeout: 10 min per iteration
# Threads: 1 thread, will synchronize iterations
# Benchmark mode: Average time, time/op
# Benchmark: numj.ReduceBench.java
# Parameters: (kind = axis1, n = 100000)

# Run progress: 68.10% complete, ETA 00:05:10
# Fork: 1 of 3
WARNING: A terminally deprecated method in sun.misc.Unsafe has been called
WARNING: sun.misc.Unsafe::objectFieldOffset has been called by org.openjdk.jmh.util.Utils (file:/C:/Users/Hareram%20ray/AI/numJ/.tools/jmh/jmh-core-1.37.jar)
WARNING: Please consider reporting this to the maintainers of class org.openjdk.jmh.util.Utils
WARNING: sun.misc.Unsafe::objectFieldOffset will be removed in a future release
# Warmup Iteration   1: 39669.408 ns/op
# Warmup Iteration   2: 38389.067 ns/op
# Warmup Iteration   3: 38047.425 ns/op
# Warmup Iteration   4: 38037.102 ns/op
# Warmup Iteration   5: 37993.121 ns/op
Iteration   1: 37988.508 ns/op
Iteration   2: 44275.994 ns/op
Iteration   3: 45348.580 ns/op
Iteration   4: 43797.901 ns/op
Iteration   5: 43256.803 ns/op

# Run progress: 68.39% complete, ETA 00:05:07
# Fork: 2 of 3
WARNING: A terminally deprecated method in sun.misc.Unsafe has been called
WARNING: sun.misc.Unsafe::objectFieldOffset has been called by org.openjdk.jmh.util.Utils (file:/C:/Users/Hareram%20ray/AI/numJ/.tools/jmh/jmh-core-1.37.jar)
WARNING: Please consider reporting this to the maintainers of class org.openjdk.jmh.util.Utils
WARNING: sun.misc.Unsafe::objectFieldOffset will be removed in a future release
# Warmup Iteration   1: 58318.943 ns/op
# Warmup Iteration   2: 47907.817 ns/op
# Warmup Iteration   3: 55218.587 ns/op
# Warmup Iteration   4: 64134.881 ns/op
# Warmup Iteration   5: 53210.368 ns/op
Iteration   1: 43949.012 ns/op
Iteration   2: 55594.406 ns/op
Iteration   3: 54742.834 ns/op
Iteration   4: 49302.779 ns/op
Iteration   5: 41947.911 ns/op

# Run progress: 68.68% complete, ETA 00:05:04
# Fork: 3 of 3
WARNING: A terminally deprecated method in sun.misc.Unsafe has been called
WARNING: sun.misc.Unsafe::objectFieldOffset has been called by org.openjdk.jmh.util.Utils (file:/C:/Users/Hareram%20ray/AI/numJ/.tools/jmh/jmh-core-1.37.jar)
WARNING: Please consider reporting this to the maintainers of class org.openjdk.jmh.util.Utils
WARNING: sun.misc.Unsafe::objectFieldOffset will be removed in a future release
# Warmup Iteration   1: 47419.911 ns/op
# Warmup Iteration   2: 39429.019 ns/op
# Warmup Iteration   3: 44456.171 ns/op
# Warmup Iteration   4: 50520.483 ns/op
# Warmup Iteration   5: 51093.004 ns/op
Iteration   1: 44006.377 ns/op
Iteration   2: 41725.764 ns/op
Iteration   3: 38493.241 ns/op
Iteration   4: 37811.358 ns/op
Iteration   5: 37183.183 ns/op


Result "numj.ReduceBench.java":
  43961.643 ±(99.9%) 6000.365 ns/op [Average]
  (min, avg, max) = (37183.183, 43961.643, 55594.406), stdev = 5612.745
  CI (99.9%): [37961.278, 49962.008] (assumes normal distribution)


# JMH version: 1.37
# VM version: JDK 25.0.4.1, OpenJDK 64-Bit Server VM, 25.0.4.1+1-LTS
# VM invoker: C:\Users\Hareram ray\AI\numJ\.tools\jdk\bin\java.exe
# VM options: --enable-native-access=ALL-UNNAMED --enable-native-access=ALL-UNNAMED -Xms2g -Xmx2g -XX:+AlwaysPreTouch
# Blackhole mode: compiler (auto-detected, use -Djmh.blackhole.autoDetect=false to disable)
# Warmup: 5 iterations, 200 ms each
# Measurement: 5 iterations, 200 ms each
# Timeout: 10 min per iteration
# Threads: 1 thread, will synchronize iterations
# Benchmark mode: Average time, time/op
# Benchmark: numj.ReduceBench.java
# Parameters: (kind = axis1, n = 10000000)

# Run progress: 68.97% complete, ETA 00:05:02
# Fork: 1 of 3
WARNING: A terminally deprecated method in sun.misc.Unsafe has been called
WARNING: sun.misc.Unsafe::objectFieldOffset has been called by org.openjdk.jmh.util.Utils (file:/C:/Users/Hareram%20ray/AI/numJ/.tools/jmh/jmh-core-1.37.jar)
WARNING: Please consider reporting this to the maintainers of class org.openjdk.jmh.util.Utils
WARNING: sun.misc.Unsafe::objectFieldOffset will be removed in a future release
# Warmup Iteration   1: 6851473.333 ns/op
# Warmup Iteration   2: 6432362.500 ns/op
# Warmup Iteration   3: 6468700.000 ns/op
# Warmup Iteration   4: 8383429.167 ns/op
# Warmup Iteration   5: 14869157.143 ns/op
Iteration   1: 11362788.889 ns/op
Iteration   2: 6384815.625 ns/op
Iteration   3: 6771873.333 ns/op
Iteration   4: 10521145.000 ns/op
Iteration   5: 10057265.000 ns/op

# Run progress: 69.25% complete, ETA 00:04:59
# Fork: 2 of 3
WARNING: A terminally deprecated method in sun.misc.Unsafe has been called
WARNING: sun.misc.Unsafe::objectFieldOffset has been called by org.openjdk.jmh.util.Utils (file:/C:/Users/Hareram%20ray/AI/numJ/.tools/jmh/jmh-core-1.37.jar)
WARNING: Please consider reporting this to the maintainers of class org.openjdk.jmh.util.Utils
WARNING: sun.misc.Unsafe::objectFieldOffset will be removed in a future release
# Warmup Iteration   1: 6598464.516 ns/op
# Warmup Iteration   2: 6612851.613 ns/op
# Warmup Iteration   3: 7506281.481 ns/op
# Warmup Iteration   4: 9032891.304 ns/op
# Warmup Iteration   5: 8169692.000 ns/op
Iteration   1: 8298084.000 ns/op
Iteration   2: 7831792.308 ns/op
Iteration   3: 7983469.231 ns/op
Iteration   4: 7711315.385 ns/op
Iteration   5: 7888007.692 ns/op

# Run progress: 69.54% complete, ETA 00:04:56
# Fork: 3 of 3
WARNING: A terminally deprecated method in sun.misc.Unsafe has been called
WARNING: sun.misc.Unsafe::objectFieldOffset has been called by org.openjdk.jmh.util.Utils (file:/C:/Users/Hareram%20ray/AI/numJ/.tools/jmh/jmh-core-1.37.jar)
WARNING: Please consider reporting this to the maintainers of class org.openjdk.jmh.util.Utils
WARNING: sun.misc.Unsafe::objectFieldOffset will be removed in a future release
# Warmup Iteration   1: 6733909.677 ns/op
# Warmup Iteration   2: 7457807.407 ns/op
# Warmup Iteration   3: 6705513.333 ns/op
# Warmup Iteration   4: 6808263.333 ns/op
# Warmup Iteration   5: 6862883.333 ns/op
Iteration   1: 8425730.769 ns/op
Iteration   2: 15611415.385 ns/op
Iteration   3: 9558076.190 ns/op
Iteration   4: 7019324.138 ns/op
Iteration   5: 7635866.667 ns/op


Result "numj.ReduceBench.java":
  8870731.307 ±(99.9%) 2498877.114 ns/op [Average]
  (min, avg, max) = (6384815.625, 8870731.307, 15611415.385), stdev = 2337451.203
  CI (99.9%): [6371854.193, 11369608.421] (assumes normal distribution)


# JMH version: 1.37
# VM version: JDK 25.0.4.1, OpenJDK 64-Bit Server VM, 25.0.4.1+1-LTS
# VM invoker: C:\Users\Hareram ray\AI\numJ\.tools\jdk\bin\java.exe
# VM options: --enable-native-access=ALL-UNNAMED --enable-native-access=ALL-UNNAMED -Xms2g -Xmx2g -XX:+AlwaysPreTouch
# Blackhole mode: compiler (auto-detected, use -Djmh.blackhole.autoDetect=false to disable)
# Warmup: 5 iterations, 200 ms each
# Measurement: 5 iterations, 200 ms each
# Timeout: 10 min per iteration
# Threads: 1 thread, will synchronize iterations
# Benchmark mode: Average time, time/op
# Benchmark: numj.ReduceBench.java
# Parameters: (kind = allT, n = 1000)

# Run progress: 69.83% complete, ETA 00:04:53
# Fork: 1 of 3
WARNING: A terminally deprecated method in sun.misc.Unsafe has been called
WARNING: sun.misc.Unsafe::objectFieldOffset has been called by org.openjdk.jmh.util.Utils (file:/C:/Users/Hareram%20ray/AI/numJ/.tools/jmh/jmh-core-1.37.jar)
WARNING: Please consider reporting this to the maintainers of class org.openjdk.jmh.util.Utils
WARNING: sun.misc.Unsafe::objectFieldOffset will be removed in a future release
# Warmup Iteration   1: 495.885 ns/op
# Warmup Iteration   2: 482.740 ns/op
# Warmup Iteration   3: 475.406 ns/op
# Warmup Iteration   4: 469.263 ns/op
# Warmup Iteration   5: 448.640 ns/op
Iteration   1: 428.720 ns/op
Iteration   2: 454.396 ns/op
Iteration   3: 516.665 ns/op
Iteration   4: 477.285 ns/op
Iteration   5: 482.466 ns/op

# Run progress: 70.11% complete, ETA 00:04:50
# Fork: 2 of 3
WARNING: A terminally deprecated method in sun.misc.Unsafe has been called
WARNING: sun.misc.Unsafe::objectFieldOffset has been called by org.openjdk.jmh.util.Utils (file:/C:/Users/Hareram%20ray/AI/numJ/.tools/jmh/jmh-core-1.37.jar)
WARNING: Please consider reporting this to the maintainers of class org.openjdk.jmh.util.Utils
WARNING: sun.misc.Unsafe::objectFieldOffset will be removed in a future release
# Warmup Iteration   1: 514.809 ns/op
# Warmup Iteration   2: 445.635 ns/op
# Warmup Iteration   3: 465.855 ns/op
# Warmup Iteration   4: 465.183 ns/op
# Warmup Iteration   5: 433.988 ns/op
Iteration   1: 425.186 ns/op
Iteration   2: 433.640 ns/op
Iteration   3: 427.562 ns/op
Iteration   4: 450.854 ns/op
Iteration   5: 472.324 ns/op

# Run progress: 70.40% complete, ETA 00:04:47
# Fork: 3 of 3
WARNING: A terminally deprecated method in sun.misc.Unsafe has been called
WARNING: sun.misc.Unsafe::objectFieldOffset has been called by org.openjdk.jmh.util.Utils (file:/C:/Users/Hareram%20ray/AI/numJ/.tools/jmh/jmh-core-1.37.jar)
WARNING: Please consider reporting this to the maintainers of class org.openjdk.jmh.util.Utils
WARNING: sun.misc.Unsafe::objectFieldOffset will be removed in a future release
# Warmup Iteration   1: 469.561 ns/op
# Warmup Iteration   2: 450.544 ns/op
# Warmup Iteration   3: 436.469 ns/op
# Warmup Iteration   4: 429.127 ns/op
# Warmup Iteration   5: 491.591 ns/op
Iteration   1: 450.354 ns/op
Iteration   2: 484.957 ns/op
Iteration   3: 505.418 ns/op
Iteration   4: 503.109 ns/op
Iteration   5: 605.769 ns/op


Result "numj.ReduceBench.java":
  474.580 ±(99.9%) 50.237 ns/op [Average]
  (min, avg, max) = (425.186, 474.580, 605.769), stdev = 46.992
  CI (99.9%): [424.343, 524.818] (assumes normal distribution)


# JMH version: 1.37
# VM version: JDK 25.0.4.1, OpenJDK 64-Bit Server VM, 25.0.4.1+1-LTS
# VM invoker: C:\Users\Hareram ray\AI\numJ\.tools\jdk\bin\java.exe
# VM options: --enable-native-access=ALL-UNNAMED --enable-native-access=ALL-UNNAMED -Xms2g -Xmx2g -XX:+AlwaysPreTouch
# Blackhole mode: compiler (auto-detected, use -Djmh.blackhole.autoDetect=false to disable)
# Warmup: 5 iterations, 200 ms each
# Measurement: 5 iterations, 200 ms each
# Timeout: 10 min per iteration
# Threads: 1 thread, will synchronize iterations
# Benchmark mode: Average time, time/op
# Benchmark: numj.ReduceBench.java
# Parameters: (kind = allT, n = 100000)

# Run progress: 70.69% complete, ETA 00:04:44
# Fork: 1 of 3
WARNING: A terminally deprecated method in sun.misc.Unsafe has been called
WARNING: sun.misc.Unsafe::objectFieldOffset has been called by org.openjdk.jmh.util.Utils (file:/C:/Users/Hareram%20ray/AI/numJ/.tools/jmh/jmh-core-1.37.jar)
WARNING: Please consider reporting this to the maintainers of class org.openjdk.jmh.util.Utils
WARNING: sun.misc.Unsafe::objectFieldOffset will be removed in a future release
# Warmup Iteration   1: 61291.768 ns/op
# Warmup Iteration   2: 80521.729 ns/op
# Warmup Iteration   3: 70748.105 ns/op
# Warmup Iteration   4: 60573.557 ns/op
# Warmup Iteration   5: 74558.281 ns/op
Iteration   1: 50717.634 ns/op
Iteration   2: 71371.191 ns/op
Iteration   3: 61322.083 ns/op
Iteration   4: 97739.688 ns/op
Iteration   5: 71479.155 ns/op

# Run progress: 70.98% complete, ETA 00:04:42
# Fork: 2 of 3
WARNING: A terminally deprecated method in sun.misc.Unsafe has been called
WARNING: sun.misc.Unsafe::objectFieldOffset has been called by org.openjdk.jmh.util.Utils (file:/C:/Users/Hareram%20ray/AI/numJ/.tools/jmh/jmh-core-1.37.jar)
WARNING: Please consider reporting this to the maintainers of class org.openjdk.jmh.util.Utils
WARNING: sun.misc.Unsafe::objectFieldOffset will be removed in a future release
# Warmup Iteration   1: 67282.728 ns/op
# Warmup Iteration   2: 53275.364 ns/op
# Warmup Iteration   3: 56287.050 ns/op
# Warmup Iteration   4: 58045.234 ns/op
# Warmup Iteration   5: 69163.020 ns/op
Iteration   1: 77104.288 ns/op
Iteration   2: 69397.577 ns/op
Iteration   3: 56794.153 ns/op
Iteration   4: 56930.009 ns/op
Iteration   5: 55015.244 ns/op

# Run progress: 71.26% complete, ETA 00:04:39
# Fork: 3 of 3
WARNING: A terminally deprecated method in sun.misc.Unsafe has been called
WARNING: sun.misc.Unsafe::objectFieldOffset has been called by org.openjdk.jmh.util.Utils (file:/C:/Users/Hareram%20ray/AI/numJ/.tools/jmh/jmh-core-1.37.jar)
WARNING: Please consider reporting this to the maintainers of class org.openjdk.jmh.util.Utils
WARNING: sun.misc.Unsafe::objectFieldOffset will be removed in a future release
# Warmup Iteration   1: 50995.954 ns/op
# Warmup Iteration   2: 54290.048 ns/op
# Warmup Iteration   3: 79617.124 ns/op
# Warmup Iteration   4: 59481.757 ns/op
# Warmup Iteration   5: 61762.439 ns/op
Iteration   1: 61914.277 ns/op
Iteration   2: 50218.831 ns/op
Iteration   3: 48607.728 ns/op
Iteration   4: 48510.971 ns/op
Iteration   5: 48811.435 ns/op


Result "numj.ReduceBench.java":
  61728.951 ±(99.9%) 14680.906 ns/op [Average]
  (min, avg, max) = (48510.971, 61728.951, 97739.688), stdev = 13732.529
  CI (99.9%): [47048.045, 76409.857] (assumes normal distribution)


# JMH version: 1.37
# VM version: JDK 25.0.4.1, OpenJDK 64-Bit Server VM, 25.0.4.1+1-LTS
# VM invoker: C:\Users\Hareram ray\AI\numJ\.tools\jdk\bin\java.exe
# VM options: --enable-native-access=ALL-UNNAMED --enable-native-access=ALL-UNNAMED -Xms2g -Xmx2g -XX:+AlwaysPreTouch
# Blackhole mode: compiler (auto-detected, use -Djmh.blackhole.autoDetect=false to disable)
# Warmup: 5 iterations, 200 ms each
# Measurement: 5 iterations, 200 ms each
# Timeout: 10 min per iteration
# Threads: 1 thread, will synchronize iterations
# Benchmark mode: Average time, time/op
# Benchmark: numj.ReduceBench.java
# Parameters: (kind = allT, n = 10000000)

# Run progress: 71.55% complete, ETA 00:04:36
# Fork: 1 of 3
WARNING: A terminally deprecated method in sun.misc.Unsafe has been called
WARNING: sun.misc.Unsafe::objectFieldOffset has been called by org.openjdk.jmh.util.Utils (file:/C:/Users/Hareram%20ray/AI/numJ/.tools/jmh/jmh-core-1.37.jar)
WARNING: Please consider reporting this to the maintainers of class org.openjdk.jmh.util.Utils
WARNING: sun.misc.Unsafe::objectFieldOffset will be removed in a future release
# Warmup Iteration   1: 7526055.556 ns/op
# Warmup Iteration   2: 7760377.778 ns/op
# Warmup Iteration   3: 10693415.789 ns/op
# Warmup Iteration   4: 10833163.158 ns/op
# Warmup Iteration   5: 8098428.000 ns/op
Iteration   1: 12696788.235 ns/op
Iteration   2: 10429330.000 ns/op
Iteration   3: 7486085.185 ns/op
Iteration   4: 9367163.636 ns/op
Iteration   5: 8255576.000 ns/op

# Run progress: 71.84% complete, ETA 00:04:33
# Fork: 2 of 3
WARNING: A terminally deprecated method in sun.misc.Unsafe has been called
WARNING: sun.misc.Unsafe::objectFieldOffset has been called by org.openjdk.jmh.util.Utils (file:/C:/Users/Hareram%20ray/AI/numJ/.tools/jmh/jmh-core-1.37.jar)
WARNING: Please consider reporting this to the maintainers of class org.openjdk.jmh.util.Utils
WARNING: sun.misc.Unsafe::objectFieldOffset will be removed in a future release
# Warmup Iteration   1: 7642774.074 ns/op
# Warmup Iteration   2: 11652027.778 ns/op
# Warmup Iteration   3: 14452213.333 ns/op
# Warmup Iteration   4: 17512291.667 ns/op
# Warmup Iteration   5: 9703728.571 ns/op
Iteration   1: 12423970.588 ns/op
Iteration   2: 8553529.167 ns/op
Iteration   3: 11426583.333 ns/op
Iteration   4: 8202732.000 ns/op
Iteration   5: 7802703.846 ns/op

# Run progress: 72.13% complete, ETA 00:04:30
# Fork: 3 of 3
WARNING: A terminally deprecated method in sun.misc.Unsafe has been called
WARNING: sun.misc.Unsafe::objectFieldOffset has been called by org.openjdk.jmh.util.Utils (file:/C:/Users/Hareram%20ray/AI/numJ/.tools/jmh/jmh-core-1.37.jar)
WARNING: Please consider reporting this to the maintainers of class org.openjdk.jmh.util.Utils
WARNING: sun.misc.Unsafe::objectFieldOffset will be removed in a future release
# Warmup Iteration   1: 9746280.952 ns/op
# Warmup Iteration   2: 9431050.000 ns/op
# Warmup Iteration   3: 9182550.000 ns/op
# Warmup Iteration   4: 11358361.111 ns/op
# Warmup Iteration   5: 8283784.000 ns/op
Iteration   1: 6723009.677 ns/op
Iteration   2: 7352100.000 ns/op
Iteration   3: 13746260.000 ns/op
Iteration   4: 26433787.500 ns/op
Iteration   5: 8431191.667 ns/op


Result "numj.ReduceBench.java":
  10622054.056 ±(99.9%) 5220072.346 ns/op [Average]
  (min, avg, max) = (6723009.677, 10622054.056, 26433787.500), stdev = 4882858.911
  CI (99.9%): [5401981.710, 15842126.401] (assumes normal distribution)


# JMH version: 1.37
# VM version: JDK 25.0.4.1, OpenJDK 64-Bit Server VM, 25.0.4.1+1-LTS
# VM invoker: C:\Users\Hareram ray\AI\numJ\.tools\jdk\bin\java.exe
# VM options: --enable-native-access=ALL-UNNAMED --enable-native-access=ALL-UNNAMED -Xms2g -Xmx2g -XX:+AlwaysPreTouch
# Blackhole mode: compiler (auto-detected, use -Djmh.blackhole.autoDetect=false to disable)
# Warmup: 5 iterations, 200 ms each
# Measurement: 5 iterations, 200 ms each
# Timeout: 10 min per iteration
# Threads: 1 thread, will synchronize iterations
# Benchmark mode: Average time, time/op
# Benchmark: numj.ReduceBench.numj
# Parameters: (kind = all, n = 1000)

# Run progress: 72.41% complete, ETA 00:04:28
# Fork: 1 of 3
WARNING: A terminally deprecated method in sun.misc.Unsafe has been called
WARNING: sun.misc.Unsafe::objectFieldOffset has been called by org.openjdk.jmh.util.Utils (file:/C:/Users/Hareram%20ray/AI/numJ/.tools/jmh/jmh-core-1.37.jar)
WARNING: Please consider reporting this to the maintainers of class org.openjdk.jmh.util.Utils
WARNING: sun.misc.Unsafe::objectFieldOffset will be removed in a future release
# Warmup Iteration   1: 143.856 ns/op
# Warmup Iteration   2: 48.199 ns/op
# Warmup Iteration   3: 51.053 ns/op
# Warmup Iteration   4: 57.739 ns/op
# Warmup Iteration   5: 42.647 ns/op
Iteration   1: 43.180 ns/op
Iteration   2: 49.034 ns/op
Iteration   3: 47.176 ns/op
Iteration   4: 47.285 ns/op
Iteration   5: 44.250 ns/op

# Run progress: 72.70% complete, ETA 00:04:25
# Fork: 2 of 3
WARNING: A terminally deprecated method in sun.misc.Unsafe has been called
WARNING: sun.misc.Unsafe::objectFieldOffset has been called by org.openjdk.jmh.util.Utils (file:/C:/Users/Hareram%20ray/AI/numJ/.tools/jmh/jmh-core-1.37.jar)
WARNING: Please consider reporting this to the maintainers of class org.openjdk.jmh.util.Utils
WARNING: sun.misc.Unsafe::objectFieldOffset will be removed in a future release
# Warmup Iteration   1: 342.991 ns/op
# Warmup Iteration   2: 53.280 ns/op
# Warmup Iteration   3: 44.087 ns/op
# Warmup Iteration   4: 43.402 ns/op
# Warmup Iteration   5: 48.216 ns/op
Iteration   1: 49.984 ns/op
Iteration   2: 51.254 ns/op
Iteration   3: 62.866 ns/op
Iteration   4: 47.556 ns/op
Iteration   5: 58.450 ns/op

# Run progress: 72.99% complete, ETA 00:04:22
# Fork: 3 of 3
WARNING: A terminally deprecated method in sun.misc.Unsafe has been called
WARNING: sun.misc.Unsafe::objectFieldOffset has been called by org.openjdk.jmh.util.Utils (file:/C:/Users/Hareram%20ray/AI/numJ/.tools/jmh/jmh-core-1.37.jar)
WARNING: Please consider reporting this to the maintainers of class org.openjdk.jmh.util.Utils
WARNING: sun.misc.Unsafe::objectFieldOffset will be removed in a future release
# Warmup Iteration   1: 93.523 ns/op
# Warmup Iteration   2: 45.884 ns/op
# Warmup Iteration   3: 42.028 ns/op
# Warmup Iteration   4: 43.125 ns/op
# Warmup Iteration   5: 43.666 ns/op
Iteration   1: 43.744 ns/op
Iteration   2: 43.065 ns/op
Iteration   3: 44.314 ns/op
Iteration   4: 43.398 ns/op
Iteration   5: 46.751 ns/op


Result "numj.ReduceBench.numj":
  48.154 ±(99.9%) 6.147 ns/op [Average]
  (min, avg, max) = (43.065, 48.154, 62.866), stdev = 5.750
  CI (99.9%): [42.006, 54.301] (assumes normal distribution)


# JMH version: 1.37
# VM version: JDK 25.0.4.1, OpenJDK 64-Bit Server VM, 25.0.4.1+1-LTS
# VM invoker: C:\Users\Hareram ray\AI\numJ\.tools\jdk\bin\java.exe
# VM options: --enable-native-access=ALL-UNNAMED --enable-native-access=ALL-UNNAMED -Xms2g -Xmx2g -XX:+AlwaysPreTouch
# Blackhole mode: compiler (auto-detected, use -Djmh.blackhole.autoDetect=false to disable)
# Warmup: 5 iterations, 200 ms each
# Measurement: 5 iterations, 200 ms each
# Timeout: 10 min per iteration
# Threads: 1 thread, will synchronize iterations
# Benchmark mode: Average time, time/op
# Benchmark: numj.ReduceBench.numj
# Parameters: (kind = all, n = 100000)

# Run progress: 73.28% complete, ETA 00:04:19
# Fork: 1 of 3
WARNING: A terminally deprecated method in sun.misc.Unsafe has been called
WARNING: sun.misc.Unsafe::objectFieldOffset has been called by org.openjdk.jmh.util.Utils (file:/C:/Users/Hareram%20ray/AI/numJ/.tools/jmh/jmh-core-1.37.jar)
WARNING: Please consider reporting this to the maintainers of class org.openjdk.jmh.util.Utils
WARNING: sun.misc.Unsafe::objectFieldOffset will be removed in a future release
# Warmup Iteration   1: 12670.697 ns/op
# Warmup Iteration   2: 5721.433 ns/op
# Warmup Iteration   3: 5895.725 ns/op
# Warmup Iteration   4: 10261.242 ns/op
# Warmup Iteration   5: 31428.428 ns/op
Iteration   1: 14012.752 ns/op
Iteration   2: 11758.515 ns/op
Iteration   3: 30754.087 ns/op
Iteration   4: 30529.578 ns/op
Iteration   5: 19893.157 ns/op

# Run progress: 73.56% complete, ETA 00:04:17
# Fork: 2 of 3
WARNING: A terminally deprecated method in sun.misc.Unsafe has been called
WARNING: sun.misc.Unsafe::objectFieldOffset has been called by org.openjdk.jmh.util.Utils (file:/C:/Users/Hareram%20ray/AI/numJ/.tools/jmh/jmh-core-1.37.jar)
WARNING: Please consider reporting this to the maintainers of class org.openjdk.jmh.util.Utils
WARNING: sun.misc.Unsafe::objectFieldOffset will be removed in a future release
# Warmup Iteration   1: 66282.290 ns/op
# Warmup Iteration   2: 5933.282 ns/op
# Warmup Iteration   3: 5823.387 ns/op
# Warmup Iteration   4: 6402.538 ns/op
# Warmup Iteration   5: 9959.276 ns/op
Iteration   1: 6195.832 ns/op
Iteration   2: 13388.019 ns/op
Iteration   3: 10463.275 ns/op
Iteration   4: 16688.987 ns/op
Iteration   5: 32983.053 ns/op

# Run progress: 73.85% complete, ETA 00:04:14
# Fork: 3 of 3
WARNING: A terminally deprecated method in sun.misc.Unsafe has been called
WARNING: sun.misc.Unsafe::objectFieldOffset has been called by org.openjdk.jmh.util.Utils (file:/C:/Users/Hareram%20ray/AI/numJ/.tools/jmh/jmh-core-1.37.jar)
WARNING: Please consider reporting this to the maintainers of class org.openjdk.jmh.util.Utils
WARNING: sun.misc.Unsafe::objectFieldOffset will be removed in a future release
# Warmup Iteration   1: 8455.367 ns/op
# Warmup Iteration   2: 4772.241 ns/op
# Warmup Iteration   3: 4781.237 ns/op
# Warmup Iteration   4: 4761.835 ns/op
# Warmup Iteration   5: 5758.608 ns/op
Iteration   1: 5644.638 ns/op
Iteration   2: 5677.709 ns/op
Iteration   3: 7414.272 ns/op
Iteration   4: 8626.152 ns/op
Iteration   5: 9478.500 ns/op


Result "numj.ReduceBench.numj":
  14900.568 ±(99.9%) 10120.471 ns/op [Average]
  (min, avg, max) = (5644.638, 14900.568, 32983.053), stdev = 9466.695
  CI (99.9%): [4780.097, 25021.039] (assumes normal distribution)


# JMH version: 1.37
# VM version: JDK 25.0.4.1, OpenJDK 64-Bit Server VM, 25.0.4.1+1-LTS
# VM invoker: C:\Users\Hareram ray\AI\numJ\.tools\jdk\bin\java.exe
# VM options: --enable-native-access=ALL-UNNAMED --enable-native-access=ALL-UNNAMED -Xms2g -Xmx2g -XX:+AlwaysPreTouch
# Blackhole mode: compiler (auto-detected, use -Djmh.blackhole.autoDetect=false to disable)
# Warmup: 5 iterations, 200 ms each
# Measurement: 5 iterations, 200 ms each
# Timeout: 10 min per iteration
# Threads: 1 thread, will synchronize iterations
# Benchmark mode: Average time, time/op
# Benchmark: numj.ReduceBench.numj
# Parameters: (kind = all, n = 10000000)

# Run progress: 74.14% complete, ETA 00:04:12
# Fork: 1 of 3
WARNING: A terminally deprecated method in sun.misc.Unsafe has been called
WARNING: sun.misc.Unsafe::objectFieldOffset has been called by org.openjdk.jmh.util.Utils (file:/C:/Users/Hareram%20ray/AI/numJ/.tools/jmh/jmh-core-1.37.jar)
WARNING: Please consider reporting this to the maintainers of class org.openjdk.jmh.util.Utils
WARNING: sun.misc.Unsafe::objectFieldOffset will be removed in a future release
# Warmup Iteration   1: 7848965.385 ns/op
# Warmup Iteration   2: 7895715.385 ns/op
# Warmup Iteration   3: 9336090.909 ns/op
# Warmup Iteration   4: 10148470.000 ns/op
# Warmup Iteration   5: 11017205.263 ns/op
Iteration   1: 9638323.810 ns/op
Iteration   2: 9143426.087 ns/op
Iteration   3: 9002608.696 ns/op
Iteration   4: 7968446.154 ns/op
Iteration   5: 6614567.742 ns/op

# Run progress: 74.43% complete, ETA 00:04:09
# Fork: 2 of 3
WARNING: A terminally deprecated method in sun.misc.Unsafe has been called
WARNING: sun.misc.Unsafe::objectFieldOffset has been called by org.openjdk.jmh.util.Utils (file:/C:/Users/Hareram%20ray/AI/numJ/.tools/jmh/jmh-core-1.37.jar)
WARNING: Please consider reporting this to the maintainers of class org.openjdk.jmh.util.Utils
WARNING: sun.misc.Unsafe::objectFieldOffset will be removed in a future release
# Warmup Iteration   1: 13729080.000 ns/op
# Warmup Iteration   2: 6072347.059 ns/op
# Warmup Iteration   3: 6124606.061 ns/op
# Warmup Iteration   4: 7557074.074 ns/op
# Warmup Iteration   5: 7003779.310 ns/op
Iteration   1: 9080704.348 ns/op
Iteration   2: 10867826.316 ns/op
Iteration   3: 5881194.286 ns/op
Iteration   4: 7047051.724 ns/op
Iteration   5: 7032775.862 ns/op

# Run progress: 74.71% complete, ETA 00:04:06
# Fork: 3 of 3
WARNING: A terminally deprecated method in sun.misc.Unsafe has been called
WARNING: sun.misc.Unsafe::objectFieldOffset has been called by org.openjdk.jmh.util.Utils (file:/C:/Users/Hareram%20ray/AI/numJ/.tools/jmh/jmh-core-1.37.jar)
WARNING: Please consider reporting this to the maintainers of class org.openjdk.jmh.util.Utils
WARNING: sun.misc.Unsafe::objectFieldOffset will be removed in a future release
# Warmup Iteration   1: 102889850.000 ns/op
# Warmup Iteration   2: 7241671.429 ns/op
# Warmup Iteration   3: 6323887.500 ns/op
# Warmup Iteration   4: 8061392.000 ns/op
# Warmup Iteration   5: 8918813.043 ns/op
Iteration   1: 6025229.412 ns/op
Iteration   2: 5790465.714 ns/op
Iteration   3: 6660070.968 ns/op
Iteration   4: 10961684.211 ns/op
Iteration   5: 6607322.581 ns/op


Result "numj.ReduceBench.numj":
  7888113.194 ±(99.9%) 1889699.013 ns/op [Average]
  (min, avg, max) = (5790465.714, 7888113.194, 10961684.211), stdev = 1767625.629
  CI (99.9%): [5998414.181, 9777812.207] (assumes normal distribution)


# JMH version: 1.37
# VM version: JDK 25.0.4.1, OpenJDK 64-Bit Server VM, 25.0.4.1+1-LTS
# VM invoker: C:\Users\Hareram ray\AI\numJ\.tools\jdk\bin\java.exe
# VM options: --enable-native-access=ALL-UNNAMED --enable-native-access=ALL-UNNAMED -Xms2g -Xmx2g -XX:+AlwaysPreTouch
# Blackhole mode: compiler (auto-detected, use -Djmh.blackhole.autoDetect=false to disable)
# Warmup: 5 iterations, 200 ms each
# Measurement: 5 iterations, 200 ms each
# Timeout: 10 min per iteration
# Threads: 1 thread, will synchronize iterations
# Benchmark mode: Average time, time/op
# Benchmark: numj.ReduceBench.numj
# Parameters: (kind = axis0, n = 1000)

# Run progress: 75.00% complete, ETA 00:04:04
# Fork: 1 of 3
WARNING: A terminally deprecated method in sun.misc.Unsafe has been called
WARNING: sun.misc.Unsafe::objectFieldOffset has been called by org.openjdk.jmh.util.Utils (file:/C:/Users/Hareram%20ray/AI/numJ/.tools/jmh/jmh-core-1.37.jar)
WARNING: Please consider reporting this to the maintainers of class org.openjdk.jmh.util.Utils
WARNING: sun.misc.Unsafe::objectFieldOffset will be removed in a future release
# Warmup Iteration   1: 3742.099 ns/op
# Warmup Iteration   2: 638.056 ns/op
# Warmup Iteration   3: 564.281 ns/op
# Warmup Iteration   4: 606.240 ns/op
# Warmup Iteration   5: 653.945 ns/op
Iteration   1: 643.338 ns/op
Iteration   2: 627.116 ns/op
Iteration   3: 633.028 ns/op
Iteration   4: 596.676 ns/op
Iteration   5: 558.040 ns/op

# Run progress: 75.29% complete, ETA 00:04:01
# Fork: 2 of 3
WARNING: A terminally deprecated method in sun.misc.Unsafe has been called
WARNING: sun.misc.Unsafe::objectFieldOffset has been called by org.openjdk.jmh.util.Utils (file:/C:/Users/Hareram%20ray/AI/numJ/.tools/jmh/jmh-core-1.37.jar)
WARNING: Please consider reporting this to the maintainers of class org.openjdk.jmh.util.Utils
WARNING: sun.misc.Unsafe::objectFieldOffset will be removed in a future release
# Warmup Iteration   1: 2104.141 ns/op
# Warmup Iteration   2: 528.996 ns/op
# Warmup Iteration   3: 495.311 ns/op
# Warmup Iteration   4: 491.241 ns/op
# Warmup Iteration   5: 490.997 ns/op
Iteration   1: 539.281 ns/op
Iteration   2: 538.264 ns/op
Iteration   3: 547.973 ns/op
Iteration   4: 613.045 ns/op
Iteration   5: 517.985 ns/op

# Run progress: 75.57% complete, ETA 00:03:58
# Fork: 3 of 3
WARNING: A terminally deprecated method in sun.misc.Unsafe has been called
WARNING: sun.misc.Unsafe::objectFieldOffset has been called by org.openjdk.jmh.util.Utils (file:/C:/Users/Hareram%20ray/AI/numJ/.tools/jmh/jmh-core-1.37.jar)
WARNING: Please consider reporting this to the maintainers of class org.openjdk.jmh.util.Utils
WARNING: sun.misc.Unsafe::objectFieldOffset will be removed in a future release
# Warmup Iteration   1: 1479.363 ns/op
# Warmup Iteration   2: 569.147 ns/op
# Warmup Iteration   3: 534.128 ns/op
# Warmup Iteration   4: 550.884 ns/op
# Warmup Iteration   5: 540.471 ns/op
Iteration   1: 500.928 ns/op
Iteration   2: 519.077 ns/op
Iteration   3: 548.718 ns/op
Iteration   4: 545.336 ns/op
Iteration   5: 557.140 ns/op


Result "numj.ReduceBench.numj":
  565.730 ±(99.9%) 48.471 ns/op [Average]
  (min, avg, max) = (500.928, 565.730, 643.338), stdev = 45.340
  CI (99.9%): [517.259, 614.200] (assumes normal distribution)


# JMH version: 1.37
# VM version: JDK 25.0.4.1, OpenJDK 64-Bit Server VM, 25.0.4.1+1-LTS
# VM invoker: C:\Users\Hareram ray\AI\numJ\.tools\jdk\bin\java.exe
# VM options: --enable-native-access=ALL-UNNAMED --enable-native-access=ALL-UNNAMED -Xms2g -Xmx2g -XX:+AlwaysPreTouch
# Blackhole mode: compiler (auto-detected, use -Djmh.blackhole.autoDetect=false to disable)
# Warmup: 5 iterations, 200 ms each
# Measurement: 5 iterations, 200 ms each
# Timeout: 10 min per iteration
# Threads: 1 thread, will synchronize iterations
# Benchmark mode: Average time, time/op
# Benchmark: numj.ReduceBench.numj
# Parameters: (kind = axis0, n = 100000)

# Run progress: 75.86% complete, ETA 00:03:55
# Fork: 1 of 3
WARNING: A terminally deprecated method in sun.misc.Unsafe has been called
WARNING: sun.misc.Unsafe::objectFieldOffset has been called by org.openjdk.jmh.util.Utils (file:/C:/Users/Hareram%20ray/AI/numJ/.tools/jmh/jmh-core-1.37.jar)
WARNING: Please consider reporting this to the maintainers of class org.openjdk.jmh.util.Utils
WARNING: sun.misc.Unsafe::objectFieldOffset will be removed in a future release
# Warmup Iteration   1: 72826.131 ns/op
# Warmup Iteration   2: 19533.460 ns/op
# Warmup Iteration   3: 20857.134 ns/op
# Warmup Iteration   4: 20529.521 ns/op
# Warmup Iteration   5: 19408.185 ns/op
Iteration   1: 16513.294 ns/op
Iteration   2: 17698.000 ns/op
Iteration   3: 17361.414 ns/op
Iteration   4: 16840.301 ns/op
Iteration   5: 14918.631 ns/op

# Run progress: 76.15% complete, ETA 00:03:52
# Fork: 2 of 3
WARNING: A terminally deprecated method in sun.misc.Unsafe has been called
WARNING: sun.misc.Unsafe::objectFieldOffset has been called by org.openjdk.jmh.util.Utils (file:/C:/Users/Hareram%20ray/AI/numJ/.tools/jmh/jmh-core-1.37.jar)
WARNING: Please consider reporting this to the maintainers of class org.openjdk.jmh.util.Utils
WARNING: sun.misc.Unsafe::objectFieldOffset will be removed in a future release
# Warmup Iteration   1: 29494.332 ns/op
# Warmup Iteration   2: 17822.791 ns/op
# Warmup Iteration   3: 21599.009 ns/op
# Warmup Iteration   4: 22637.606 ns/op
# Warmup Iteration   5: 21480.232 ns/op
Iteration   1: 21662.257 ns/op
Iteration   2: 20610.822 ns/op
Iteration   3: 14049.178 ns/op
Iteration   4: 14281.776 ns/op
Iteration   5: 15004.111 ns/op

# Run progress: 76.44% complete, ETA 00:03:49
# Fork: 3 of 3
WARNING: A terminally deprecated method in sun.misc.Unsafe has been called
WARNING: sun.misc.Unsafe::objectFieldOffset has been called by org.openjdk.jmh.util.Utils (file:/C:/Users/Hareram%20ray/AI/numJ/.tools/jmh/jmh-core-1.37.jar)
WARNING: Please consider reporting this to the maintainers of class org.openjdk.jmh.util.Utils
WARNING: sun.misc.Unsafe::objectFieldOffset will be removed in a future release
# Warmup Iteration   1: 29850.808 ns/op
# Warmup Iteration   2: 19157.505 ns/op
# Warmup Iteration   3: 22206.012 ns/op
# Warmup Iteration   4: 21373.101 ns/op
# Warmup Iteration   5: 19813.977 ns/op
Iteration   1: 19527.236 ns/op
Iteration   2: 19186.283 ns/op
Iteration   3: 14408.198 ns/op
Iteration   4: 16564.461 ns/op
Iteration   5: 14530.669 ns/op


Result "numj.ReduceBench.numj":
  16877.109 ±(99.9%) 2618.834 ns/op [Average]
  (min, avg, max) = (14049.178, 16877.109, 21662.257), stdev = 2449.659
  CI (99.9%): [14258.275, 19495.943] (assumes normal distribution)


# JMH version: 1.37
# VM version: JDK 25.0.4.1, OpenJDK 64-Bit Server VM, 25.0.4.1+1-LTS
# VM invoker: C:\Users\Hareram ray\AI\numJ\.tools\jdk\bin\java.exe
# VM options: --enable-native-access=ALL-UNNAMED --enable-native-access=ALL-UNNAMED -Xms2g -Xmx2g -XX:+AlwaysPreTouch
# Blackhole mode: compiler (auto-detected, use -Djmh.blackhole.autoDetect=false to disable)
# Warmup: 5 iterations, 200 ms each
# Measurement: 5 iterations, 200 ms each
# Timeout: 10 min per iteration
# Threads: 1 thread, will synchronize iterations
# Benchmark mode: Average time, time/op
# Benchmark: numj.ReduceBench.numj
# Parameters: (kind = axis0, n = 10000000)

# Run progress: 76.72% complete, ETA 00:03:46
# Fork: 1 of 3
WARNING: A terminally deprecated method in sun.misc.Unsafe has been called
WARNING: sun.misc.Unsafe::objectFieldOffset has been called by org.openjdk.jmh.util.Utils (file:/C:/Users/Hareram%20ray/AI/numJ/.tools/jmh/jmh-core-1.37.jar)
WARNING: Please consider reporting this to the maintainers of class org.openjdk.jmh.util.Utils
WARNING: sun.misc.Unsafe::objectFieldOffset will be removed in a future release
# Warmup Iteration   1: 13545426.667 ns/op
# Warmup Iteration   2: 9377845.455 ns/op
# Warmup Iteration   3: 9614780.952 ns/op
# Warmup Iteration   4: 7391385.714 ns/op
# Warmup Iteration   5: 7730344.444 ns/op
Iteration   1: 7488548.148 ns/op
Iteration   2: 9203508.696 ns/op
Iteration   3: 9470945.455 ns/op
Iteration   4: 7869176.923 ns/op
Iteration   5: 7521433.333 ns/op

# Run progress: 77.01% complete, ETA 00:03:44
# Fork: 2 of 3
WARNING: A terminally deprecated method in sun.misc.Unsafe has been called
WARNING: sun.misc.Unsafe::objectFieldOffset has been called by org.openjdk.jmh.util.Utils (file:/C:/Users/Hareram%20ray/AI/numJ/.tools/jmh/jmh-core-1.37.jar)
WARNING: Please consider reporting this to the maintainers of class org.openjdk.jmh.util.Utils
WARNING: sun.misc.Unsafe::objectFieldOffset will be removed in a future release
# Warmup Iteration   1: 14495521.429 ns/op
# Warmup Iteration   2: 7614962.963 ns/op
# Warmup Iteration   3: 7778596.154 ns/op
# Warmup Iteration   4: 7843796.154 ns/op
# Warmup Iteration   5: 6510003.125 ns/op
Iteration   1: 7402842.857 ns/op
Iteration   2: 7127117.241 ns/op
Iteration   3: 13382033.333 ns/op
Iteration   4: 7388153.571 ns/op
Iteration   5: 7957092.308 ns/op

# Run progress: 77.30% complete, ETA 00:03:41
# Fork: 3 of 3
WARNING: A terminally deprecated method in sun.misc.Unsafe has been called
WARNING: sun.misc.Unsafe::objectFieldOffset has been called by org.openjdk.jmh.util.Utils (file:/C:/Users/Hareram%20ray/AI/numJ/.tools/jmh/jmh-core-1.37.jar)
WARNING: Please consider reporting this to the maintainers of class org.openjdk.jmh.util.Utils
WARNING: sun.misc.Unsafe::objectFieldOffset will be removed in a future release
# Warmup Iteration   1: 17346250.000 ns/op
# Warmup Iteration   2: 7933146.154 ns/op
# Warmup Iteration   3: 7365417.857 ns/op
# Warmup Iteration   4: 8359695.833 ns/op
# Warmup Iteration   5: 7199553.571 ns/op
Iteration   1: 7271450.000 ns/op
Iteration   2: 7658822.222 ns/op
Iteration   3: 7688414.815 ns/op
Iteration   4: 7514685.185 ns/op
Iteration   5: 7688381.481 ns/op


Result "numj.ReduceBench.numj":
  8175507.038 ±(99.9%) 1695052.578 ns/op [Average]
  (min, avg, max) = (7127117.241, 8175507.038, 13382033.333), stdev = 1585553.234
  CI (99.9%): [6480454.459, 9870559.616] (assumes normal distribution)


# JMH version: 1.37
# VM version: JDK 25.0.4.1, OpenJDK 64-Bit Server VM, 25.0.4.1+1-LTS
# VM invoker: C:\Users\Hareram ray\AI\numJ\.tools\jdk\bin\java.exe
# VM options: --enable-native-access=ALL-UNNAMED --enable-native-access=ALL-UNNAMED -Xms2g -Xmx2g -XX:+AlwaysPreTouch
# Blackhole mode: compiler (auto-detected, use -Djmh.blackhole.autoDetect=false to disable)
# Warmup: 5 iterations, 200 ms each
# Measurement: 5 iterations, 200 ms each
# Timeout: 10 min per iteration
# Threads: 1 thread, will synchronize iterations
# Benchmark mode: Average time, time/op
# Benchmark: numj.ReduceBench.numj
# Parameters: (kind = axis1, n = 1000)

# Run progress: 77.59% complete, ETA 00:03:38
# Fork: 1 of 3
WARNING: A terminally deprecated method in sun.misc.Unsafe has been called
WARNING: sun.misc.Unsafe::objectFieldOffset has been called by org.openjdk.jmh.util.Utils (file:/C:/Users/Hareram%20ray/AI/numJ/.tools/jmh/jmh-core-1.37.jar)
WARNING: Please consider reporting this to the maintainers of class org.openjdk.jmh.util.Utils
WARNING: sun.misc.Unsafe::objectFieldOffset will be removed in a future release
# Warmup Iteration   1: 1379.559 ns/op
# Warmup Iteration   2: 392.970 ns/op
# Warmup Iteration   3: 368.448 ns/op
# Warmup Iteration   4: 365.250 ns/op
# Warmup Iteration   5: 506.341 ns/op
Iteration   1: 427.227 ns/op
Iteration   2: 397.812 ns/op
Iteration   3: 404.456 ns/op
Iteration   4: 398.696 ns/op
Iteration   5: 392.234 ns/op

# Run progress: 77.87% complete, ETA 00:03:35
# Fork: 2 of 3
WARNING: A terminally deprecated method in sun.misc.Unsafe has been called
WARNING: sun.misc.Unsafe::objectFieldOffset has been called by org.openjdk.jmh.util.Utils (file:/C:/Users/Hareram%20ray/AI/numJ/.tools/jmh/jmh-core-1.37.jar)
WARNING: Please consider reporting this to the maintainers of class org.openjdk.jmh.util.Utils
WARNING: sun.misc.Unsafe::objectFieldOffset will be removed in a future release
# Warmup Iteration   1: 990.319 ns/op
# Warmup Iteration   2: 405.679 ns/op
# Warmup Iteration   3: 397.198 ns/op
# Warmup Iteration   4: 419.409 ns/op
# Warmup Iteration   5: 392.859 ns/op
Iteration   1: 401.702 ns/op
Iteration   2: 390.309 ns/op
Iteration   3: 394.711 ns/op
Iteration   4: 393.488 ns/op
Iteration   5: 611.804 ns/op

# Run progress: 78.16% complete, ETA 00:03:32
# Fork: 3 of 3
WARNING: A terminally deprecated method in sun.misc.Unsafe has been called
WARNING: sun.misc.Unsafe::objectFieldOffset has been called by org.openjdk.jmh.util.Utils (file:/C:/Users/Hareram%20ray/AI/numJ/.tools/jmh/jmh-core-1.37.jar)
WARNING: Please consider reporting this to the maintainers of class org.openjdk.jmh.util.Utils
WARNING: sun.misc.Unsafe::objectFieldOffset will be removed in a future release
# Warmup Iteration   1: 1195.903 ns/op
# Warmup Iteration   2: 383.118 ns/op
# Warmup Iteration   3: 396.326 ns/op
# Warmup Iteration   4: 401.909 ns/op
# Warmup Iteration   5: 378.865 ns/op
Iteration   1: 370.908 ns/op
Iteration   2: 624.486 ns/op
Iteration   3: 620.651 ns/op
Iteration   4: 614.902 ns/op
Iteration   5: 599.266 ns/op


Result "numj.ReduceBench.numj":
  469.510 ±(99.9%) 114.001 ns/op [Average]
  (min, avg, max) = (370.908, 469.510, 624.486), stdev = 106.636
  CI (99.9%): [355.510, 583.511] (assumes normal distribution)


# JMH version: 1.37
# VM version: JDK 25.0.4.1, OpenJDK 64-Bit Server VM, 25.0.4.1+1-LTS
# VM invoker: C:\Users\Hareram ray\AI\numJ\.tools\jdk\bin\java.exe
# VM options: --enable-native-access=ALL-UNNAMED --enable-native-access=ALL-UNNAMED -Xms2g -Xmx2g -XX:+AlwaysPreTouch
# Blackhole mode: compiler (auto-detected, use -Djmh.blackhole.autoDetect=false to disable)
# Warmup: 5 iterations, 200 ms each
# Measurement: 5 iterations, 200 ms each
# Timeout: 10 min per iteration
# Threads: 1 thread, will synchronize iterations
# Benchmark mode: Average time, time/op
# Benchmark: numj.ReduceBench.numj
# Parameters: (kind = axis1, n = 100000)

# Run progress: 78.45% complete, ETA 00:03:29
# Fork: 1 of 3
WARNING: A terminally deprecated method in sun.misc.Unsafe has been called
WARNING: sun.misc.Unsafe::objectFieldOffset has been called by org.openjdk.jmh.util.Utils (file:/C:/Users/Hareram%20ray/AI/numJ/.tools/jmh/jmh-core-1.37.jar)
WARNING: Please consider reporting this to the maintainers of class org.openjdk.jmh.util.Utils
WARNING: sun.misc.Unsafe::objectFieldOffset will be removed in a future release
# Warmup Iteration   1: 13222.973 ns/op
# Warmup Iteration   2: 7679.664 ns/op
# Warmup Iteration   3: 7727.961 ns/op
# Warmup Iteration   4: 7779.975 ns/op
# Warmup Iteration   5: 7903.989 ns/op
Iteration   1: 7667.789 ns/op
Iteration   2: 7574.890 ns/op
Iteration   3: 7712.852 ns/op
Iteration   4: 7874.024 ns/op
Iteration   5: 7485.261 ns/op

# Run progress: 78.74% complete, ETA 00:03:26
# Fork: 2 of 3
WARNING: A terminally deprecated method in sun.misc.Unsafe has been called
WARNING: sun.misc.Unsafe::objectFieldOffset has been called by org.openjdk.jmh.util.Utils (file:/C:/Users/Hareram%20ray/AI/numJ/.tools/jmh/jmh-core-1.37.jar)
WARNING: Please consider reporting this to the maintainers of class org.openjdk.jmh.util.Utils
WARNING: sun.misc.Unsafe::objectFieldOffset will be removed in a future release
# Warmup Iteration   1: 14728.847 ns/op
# Warmup Iteration   2: 11227.871 ns/op
# Warmup Iteration   3: 8002.610 ns/op
# Warmup Iteration   4: 7913.923 ns/op
# Warmup Iteration   5: 8367.775 ns/op
Iteration   1: 8098.738 ns/op
Iteration   2: 8293.611 ns/op
Iteration   3: 8146.060 ns/op
Iteration   4: 7930.853 ns/op
Iteration   5: 7585.859 ns/op

# Run progress: 79.02% complete, ETA 00:03:24
# Fork: 3 of 3
WARNING: A terminally deprecated method in sun.misc.Unsafe has been called
WARNING: sun.misc.Unsafe::objectFieldOffset has been called by org.openjdk.jmh.util.Utils (file:/C:/Users/Hareram%20ray/AI/numJ/.tools/jmh/jmh-core-1.37.jar)
WARNING: Please consider reporting this to the maintainers of class org.openjdk.jmh.util.Utils
WARNING: sun.misc.Unsafe::objectFieldOffset will be removed in a future release
# Warmup Iteration   1: 54802.260 ns/op
# Warmup Iteration   2: 10183.987 ns/op
# Warmup Iteration   3: 11677.502 ns/op
# Warmup Iteration   4: 10612.952 ns/op
# Warmup Iteration   5: 8539.223 ns/op
Iteration   1: 8485.861 ns/op
Iteration   2: 8324.414 ns/op
Iteration   3: 7760.961 ns/op
Iteration   4: 7976.753 ns/op
Iteration   5: 7709.220 ns/op


Result "numj.ReduceBench.numj":
  7908.476 ±(99.9%) 326.500 ns/op [Average]
  (min, avg, max) = (7485.261, 7908.476, 8485.861), stdev = 305.408
  CI (99.9%): [7581.977, 8234.976] (assumes normal distribution)


# JMH version: 1.37
# VM version: JDK 25.0.4.1, OpenJDK 64-Bit Server VM, 25.0.4.1+1-LTS
# VM invoker: C:\Users\Hareram ray\AI\numJ\.tools\jdk\bin\java.exe
# VM options: --enable-native-access=ALL-UNNAMED --enable-native-access=ALL-UNNAMED -Xms2g -Xmx2g -XX:+AlwaysPreTouch
# Blackhole mode: compiler (auto-detected, use -Djmh.blackhole.autoDetect=false to disable)
# Warmup: 5 iterations, 200 ms each
# Measurement: 5 iterations, 200 ms each
# Timeout: 10 min per iteration
# Threads: 1 thread, will synchronize iterations
# Benchmark mode: Average time, time/op
# Benchmark: numj.ReduceBench.numj
# Parameters: (kind = axis1, n = 10000000)

# Run progress: 79.31% complete, ETA 00:03:21
# Fork: 1 of 3
WARNING: A terminally deprecated method in sun.misc.Unsafe has been called
WARNING: sun.misc.Unsafe::objectFieldOffset has been called by org.openjdk.jmh.util.Utils (file:/C:/Users/Hareram%20ray/AI/numJ/.tools/jmh/jmh-core-1.37.jar)
WARNING: Please consider reporting this to the maintainers of class org.openjdk.jmh.util.Utils
WARNING: sun.misc.Unsafe::objectFieldOffset will be removed in a future release
# Warmup Iteration   1: 13680146.667 ns/op
# Warmup Iteration   2: 6153136.364 ns/op
# Warmup Iteration   3: 9412063.636 ns/op
# Warmup Iteration   4: 6819623.333 ns/op
# Warmup Iteration   5: 6392628.125 ns/op
Iteration   1: 5798931.429 ns/op
Iteration   2: 7224210.714 ns/op
Iteration   3: 6146906.061 ns/op
Iteration   4: 8538725.000 ns/op
Iteration   5: 9656385.714 ns/op

# Run progress: 79.60% complete, ETA 00:03:18
# Fork: 2 of 3
WARNING: A terminally deprecated method in sun.misc.Unsafe has been called
WARNING: sun.misc.Unsafe::objectFieldOffset has been called by org.openjdk.jmh.util.Utils (file:/C:/Users/Hareram%20ray/AI/numJ/.tools/jmh/jmh-core-1.37.jar)
WARNING: Please consider reporting this to the maintainers of class org.openjdk.jmh.util.Utils
WARNING: sun.misc.Unsafe::objectFieldOffset will be removed in a future release
# Warmup Iteration   1: 9694947.619 ns/op
# Warmup Iteration   2: 6413534.375 ns/op
# Warmup Iteration   3: 8257908.000 ns/op
# Warmup Iteration   4: 9671390.476 ns/op
# Warmup Iteration   5: 10844921.053 ns/op
Iteration   1: 8942508.696 ns/op
Iteration   2: 6694067.742 ns/op
Iteration   3: 6071685.294 ns/op
Iteration   4: 5885100.000 ns/op
Iteration   5: 8704125.000 ns/op

# Run progress: 79.89% complete, ETA 00:03:15
# Fork: 3 of 3
WARNING: A terminally deprecated method in sun.misc.Unsafe has been called
WARNING: sun.misc.Unsafe::objectFieldOffset has been called by org.openjdk.jmh.util.Utils (file:/C:/Users/Hareram%20ray/AI/numJ/.tools/jmh/jmh-core-1.37.jar)
WARNING: Please consider reporting this to the maintainers of class org.openjdk.jmh.util.Utils
WARNING: sun.misc.Unsafe::objectFieldOffset will be removed in a future release
# Warmup Iteration   1: 13774466.667 ns/op
# Warmup Iteration   2: 6736783.333 ns/op
# Warmup Iteration   3: 5197310.256 ns/op
# Warmup Iteration   4: 7028124.138 ns/op
# Warmup Iteration   5: 6994368.966 ns/op
Iteration   1: 8459295.833 ns/op
Iteration   2: 7676537.037 ns/op
Iteration   3: 6073388.235 ns/op
Iteration   4: 6882583.333 ns/op
Iteration   5: 6188284.848 ns/op


Result "numj.ReduceBench.numj":
  7262848.996 ±(99.9%) 1388091.772 ns/op [Average]
  (min, avg, max) = (5798931.429, 7262848.996, 9656385.714), stdev = 1298421.905
  CI (99.9%): [5874757.224, 8650940.768] (assumes normal distribution)


# JMH version: 1.37
# VM version: JDK 25.0.4.1, OpenJDK 64-Bit Server VM, 25.0.4.1+1-LTS
# VM invoker: C:\Users\Hareram ray\AI\numJ\.tools\jdk\bin\java.exe
# VM options: --enable-native-access=ALL-UNNAMED --enable-native-access=ALL-UNNAMED -Xms2g -Xmx2g -XX:+AlwaysPreTouch
# Blackhole mode: compiler (auto-detected, use -Djmh.blackhole.autoDetect=false to disable)
# Warmup: 5 iterations, 200 ms each
# Measurement: 5 iterations, 200 ms each
# Timeout: 10 min per iteration
# Threads: 1 thread, will synchronize iterations
# Benchmark mode: Average time, time/op
# Benchmark: numj.ReduceBench.numj
# Parameters: (kind = allT, n = 1000)

# Run progress: 80.17% complete, ETA 00:03:12
# Fork: 1 of 3
WARNING: A terminally deprecated method in sun.misc.Unsafe has been called
WARNING: sun.misc.Unsafe::objectFieldOffset has been called by org.openjdk.jmh.util.Utils (file:/C:/Users/Hareram%20ray/AI/numJ/.tools/jmh/jmh-core-1.37.jar)
WARNING: Please consider reporting this to the maintainers of class org.openjdk.jmh.util.Utils
WARNING: sun.misc.Unsafe::objectFieldOffset will be removed in a future release
# Warmup Iteration   1: 3082.553 ns/op
# Warmup Iteration   2: 1891.380 ns/op
# Warmup Iteration   3: 1791.175 ns/op
# Warmup Iteration   4: 1583.199 ns/op
# Warmup Iteration   5: 1560.913 ns/op
Iteration   1: 1822.449 ns/op
Iteration   2: 1515.220 ns/op
Iteration   3: 1594.885 ns/op
Iteration   4: 1567.408 ns/op
Iteration   5: 1601.225 ns/op

# Run progress: 80.46% complete, ETA 00:03:10
# Fork: 2 of 3
WARNING: A terminally deprecated method in sun.misc.Unsafe has been called
WARNING: sun.misc.Unsafe::objectFieldOffset has been called by org.openjdk.jmh.util.Utils (file:/C:/Users/Hareram%20ray/AI/numJ/.tools/jmh/jmh-core-1.37.jar)
WARNING: Please consider reporting this to the maintainers of class org.openjdk.jmh.util.Utils
WARNING: sun.misc.Unsafe::objectFieldOffset will be removed in a future release
# Warmup Iteration   1: 3461.436 ns/op
# Warmup Iteration   2: 1581.897 ns/op
# Warmup Iteration   3: 1569.698 ns/op
# Warmup Iteration   4: 1983.540 ns/op
# Warmup Iteration   5: 1712.036 ns/op
Iteration   1: 1626.850 ns/op
Iteration   2: 1594.968 ns/op
Iteration   3: 1575.067 ns/op
Iteration   4: 1617.408 ns/op
Iteration   5: 1666.359 ns/op

# Run progress: 80.75% complete, ETA 00:03:07
# Fork: 3 of 3
WARNING: A terminally deprecated method in sun.misc.Unsafe has been called
WARNING: sun.misc.Unsafe::objectFieldOffset has been called by org.openjdk.jmh.util.Utils (file:/C:/Users/Hareram%20ray/AI/numJ/.tools/jmh/jmh-core-1.37.jar)
WARNING: Please consider reporting this to the maintainers of class org.openjdk.jmh.util.Utils
WARNING: sun.misc.Unsafe::objectFieldOffset will be removed in a future release
# Warmup Iteration   1: 3376.247 ns/op
# Warmup Iteration   2: 1666.162 ns/op
# Warmup Iteration   3: 2058.511 ns/op
# Warmup Iteration   4: 1684.421 ns/op
# Warmup Iteration   5: 1933.724 ns/op
Iteration   1: 1622.187 ns/op
Iteration   2: 1954.877 ns/op
Iteration   3: 1896.096 ns/op
Iteration   4: 1715.971 ns/op
Iteration   5: 1642.083 ns/op


Result "numj.ReduceBench.numj":
  1667.537 ±(99.9%) 135.450 ns/op [Average]
  (min, avg, max) = (1515.220, 1667.537, 1954.877), stdev = 126.700
  CI (99.9%): [1532.087, 1802.987] (assumes normal distribution)


# JMH version: 1.37
# VM version: JDK 25.0.4.1, OpenJDK 64-Bit Server VM, 25.0.4.1+1-LTS
# VM invoker: C:\Users\Hareram ray\AI\numJ\.tools\jdk\bin\java.exe
# VM options: --enable-native-access=ALL-UNNAMED --enable-native-access=ALL-UNNAMED -Xms2g -Xmx2g -XX:+AlwaysPreTouch
# Blackhole mode: compiler (auto-detected, use -Djmh.blackhole.autoDetect=false to disable)
# Warmup: 5 iterations, 200 ms each
# Measurement: 5 iterations, 200 ms each
# Timeout: 10 min per iteration
# Threads: 1 thread, will synchronize iterations
# Benchmark mode: Average time, time/op
# Benchmark: numj.ReduceBench.numj
# Parameters: (kind = allT, n = 100000)

# Run progress: 81.03% complete, ETA 00:03:04
# Fork: 1 of 3
WARNING: A terminally deprecated method in sun.misc.Unsafe has been called
WARNING: sun.misc.Unsafe::objectFieldOffset has been called by org.openjdk.jmh.util.Utils (file:/C:/Users/Hareram%20ray/AI/numJ/.tools/jmh/jmh-core-1.37.jar)
WARNING: Please consider reporting this to the maintainers of class org.openjdk.jmh.util.Utils
WARNING: sun.misc.Unsafe::objectFieldOffset will be removed in a future release
# Warmup Iteration   1: 151260.977 ns/op
# Warmup Iteration   2: 90778.694 ns/op
# Warmup Iteration   3: 88927.588 ns/op
# Warmup Iteration   4: 87225.718 ns/op
# Warmup Iteration   5: 85562.972 ns/op
Iteration   1: 86359.506 ns/op
Iteration   2: 86210.648 ns/op
Iteration   3: 88330.475 ns/op
Iteration   4: 86477.415 ns/op
Iteration   5: 86397.151 ns/op

# Run progress: 81.32% complete, ETA 00:03:01
# Fork: 2 of 3
WARNING: A terminally deprecated method in sun.misc.Unsafe has been called
WARNING: sun.misc.Unsafe::objectFieldOffset has been called by org.openjdk.jmh.util.Utils (file:/C:/Users/Hareram%20ray/AI/numJ/.tools/jmh/jmh-core-1.37.jar)
WARNING: Please consider reporting this to the maintainers of class org.openjdk.jmh.util.Utils
WARNING: sun.misc.Unsafe::objectFieldOffset will be removed in a future release
# Warmup Iteration   1: 156795.791 ns/op
# Warmup Iteration   2: 138266.690 ns/op
# Warmup Iteration   3: 136511.436 ns/op
# Warmup Iteration   4: 136991.872 ns/op
# Warmup Iteration   5: 117203.684 ns/op
Iteration   1: 122957.301 ns/op
Iteration   2: 119925.223 ns/op
Iteration   3: 119270.539 ns/op
Iteration   4: 90232.104 ns/op
Iteration   5: 91482.404 ns/op

# Run progress: 81.61% complete, ETA 00:02:58
# Fork: 3 of 3
WARNING: A terminally deprecated method in sun.misc.Unsafe has been called
WARNING: sun.misc.Unsafe::objectFieldOffset has been called by org.openjdk.jmh.util.Utils (file:/C:/Users/Hareram%20ray/AI/numJ/.tools/jmh/jmh-core-1.37.jar)
WARNING: Please consider reporting this to the maintainers of class org.openjdk.jmh.util.Utils
WARNING: sun.misc.Unsafe::objectFieldOffset will be removed in a future release
# Warmup Iteration   1: 190174.811 ns/op
# Warmup Iteration   2: 94732.973 ns/op
# Warmup Iteration   3: 90573.878 ns/op
# Warmup Iteration   4: 90057.869 ns/op
# Warmup Iteration   5: 93177.835 ns/op
Iteration   1: 87412.582 ns/op
Iteration   2: 93948.507 ns/op
Iteration   3: 89369.556 ns/op
Iteration   4: 88348.743 ns/op
Iteration   5: 91577.843 ns/op


Result "numj.ReduceBench.numj":
  95220.000 ±(99.9%) 14330.656 ns/op [Average]
  (min, avg, max) = (86210.648, 95220.000, 122957.301), stdev = 13404.904
  CI (99.9%): [80889.344, 109550.656] (assumes normal distribution)


# JMH version: 1.37
# VM version: JDK 25.0.4.1, OpenJDK 64-Bit Server VM, 25.0.4.1+1-LTS
# VM invoker: C:\Users\Hareram ray\AI\numJ\.tools\jdk\bin\java.exe
# VM options: --enable-native-access=ALL-UNNAMED --enable-native-access=ALL-UNNAMED -Xms2g -Xmx2g -XX:+AlwaysPreTouch
# Blackhole mode: compiler (auto-detected, use -Djmh.blackhole.autoDetect=false to disable)
# Warmup: 5 iterations, 200 ms each
# Measurement: 5 iterations, 200 ms each
# Timeout: 10 min per iteration
# Threads: 1 thread, will synchronize iterations
# Benchmark mode: Average time, time/op
# Benchmark: numj.ReduceBench.numj
# Parameters: (kind = allT, n = 10000000)

# Run progress: 81.90% complete, ETA 00:02:55
# Fork: 1 of 3
WARNING: A terminally deprecated method in sun.misc.Unsafe has been called
WARNING: sun.misc.Unsafe::objectFieldOffset has been called by org.openjdk.jmh.util.Utils (file:/C:/Users/Hareram%20ray/AI/numJ/.tools/jmh/jmh-core-1.37.jar)
WARNING: Please consider reporting this to the maintainers of class org.openjdk.jmh.util.Utils
WARNING: sun.misc.Unsafe::objectFieldOffset will be removed in a future release
# Warmup Iteration   1: 71895500.000 ns/op
# Warmup Iteration   2: 38742050.000 ns/op
# Warmup Iteration   3: 35970200.000 ns/op
# Warmup Iteration   4: 37399233.333 ns/op
# Warmup Iteration   5: 37092950.000 ns/op
Iteration   1: 41944440.000 ns/op
Iteration   2: 36736000.000 ns/op
Iteration   3: 40036060.000 ns/op
Iteration   4: 38823366.667 ns/op
Iteration   5: 40394060.000 ns/op

# Run progress: 82.18% complete, ETA 00:02:53
# Fork: 2 of 3
WARNING: A terminally deprecated method in sun.misc.Unsafe has been called
WARNING: sun.misc.Unsafe::objectFieldOffset has been called by org.openjdk.jmh.util.Utils (file:/C:/Users/Hareram%20ray/AI/numJ/.tools/jmh/jmh-core-1.37.jar)
WARNING: Please consider reporting this to the maintainers of class org.openjdk.jmh.util.Utils
WARNING: sun.misc.Unsafe::objectFieldOffset will be removed in a future release
# Warmup Iteration   1: 71203700.000 ns/op
# Warmup Iteration   2: 37423383.333 ns/op
# Warmup Iteration   3: 39040966.667 ns/op
# Warmup Iteration   4: 38908283.333 ns/op
# Warmup Iteration   5: 55625300.000 ns/op
Iteration   1: 37929483.333 ns/op
Iteration   2: 42972380.000 ns/op
Iteration   3: 42487900.000 ns/op
Iteration   4: 44426100.000 ns/op
Iteration   5: 40498533.333 ns/op

# Run progress: 82.47% complete, ETA 00:02:50
# Fork: 3 of 3
WARNING: A terminally deprecated method in sun.misc.Unsafe has been called
WARNING: sun.misc.Unsafe::objectFieldOffset has been called by org.openjdk.jmh.util.Utils (file:/C:/Users/Hareram%20ray/AI/numJ/.tools/jmh/jmh-core-1.37.jar)
WARNING: Please consider reporting this to the maintainers of class org.openjdk.jmh.util.Utils
WARNING: sun.misc.Unsafe::objectFieldOffset will be removed in a future release
# Warmup Iteration   1: 76803133.333 ns/op
# Warmup Iteration   2: 37153516.667 ns/op
# Warmup Iteration   3: 42372320.000 ns/op
# Warmup Iteration   4: 42878280.000 ns/op
# Warmup Iteration   5: 43128040.000 ns/op
Iteration   1: 43782580.000 ns/op
Iteration   2: 52566450.000 ns/op
Iteration   3: 38855616.667 ns/op
Iteration   4: 35420983.333 ns/op
Iteration   5: 36871133.333 ns/op


Result "numj.ReduceBench.numj":
  40916339.111 ±(99.9%) 4488795.044 ns/op [Average]
  (min, avg, max) = (35420983.333, 40916339.111, 52566450.000), stdev = 4198821.670
  CI (99.9%): [36427544.067, 45405134.155] (assumes normal distribution)


# JMH version: 1.37
# VM version: JDK 25.0.4.1, OpenJDK 64-Bit Server VM, 25.0.4.1+1-LTS
# VM invoker: C:\Users\Hareram ray\AI\numJ\.tools\jdk\bin\java.exe
# VM options: --enable-native-access=ALL-UNNAMED --enable-native-access=ALL-UNNAMED -Xms2g -Xmx2g -XX:+AlwaysPreTouch
# Blackhole mode: compiler (auto-detected, use -Djmh.blackhole.autoDetect=false to disable)
# Warmup: 5 iterations, 200 ms each
# Measurement: 5 iterations, 200 ms each
# Timeout: 10 min per iteration
# Threads: 1 thread, will synchronize iterations
# Benchmark mode: Average time, time/op
# Benchmark: numj.ShortRowBench.addRows
# Parameters: (k = 2)

# Run progress: 82.76% complete, ETA 00:02:47
# Fork: 1 of 3
WARNING: A terminally deprecated method in sun.misc.Unsafe has been called
WARNING: sun.misc.Unsafe::objectFieldOffset has been called by org.openjdk.jmh.util.Utils (file:/C:/Users/Hareram%20ray/AI/numJ/.tools/jmh/jmh-core-1.37.jar)
WARNING: Please consider reporting this to the maintainers of class org.openjdk.jmh.util.Utils
WARNING: sun.misc.Unsafe::objectFieldOffset will be removed in a future release
# Warmup Iteration   1: 5256.079 us/op
# Warmup Iteration   2: 3230.200 us/op
# Warmup Iteration   3: 4389.289 us/op
# Warmup Iteration   4: 3922.462 us/op
# Warmup Iteration   5: 3569.139 us/op
Iteration   1: 3888.773 us/op
Iteration   2: 3578.881 us/op
Iteration   3: 3424.054 us/op
Iteration   4: 3077.802 us/op
Iteration   5: 3592.339 us/op

# Run progress: 83.05% complete, ETA 00:02:44
# Fork: 2 of 3
WARNING: A terminally deprecated method in sun.misc.Unsafe has been called
WARNING: sun.misc.Unsafe::objectFieldOffset has been called by org.openjdk.jmh.util.Utils (file:/C:/Users/Hareram%20ray/AI/numJ/.tools/jmh/jmh-core-1.37.jar)
WARNING: Please consider reporting this to the maintainers of class org.openjdk.jmh.util.Utils
WARNING: sun.misc.Unsafe::objectFieldOffset will be removed in a future release
# Warmup Iteration   1: 6585.632 us/op
# Warmup Iteration   2: 3511.257 us/op
# Warmup Iteration   3: 4731.541 us/op
# Warmup Iteration   4: 5646.894 us/op
# Warmup Iteration   5: 3812.389 us/op
Iteration   1: 3855.092 us/op
Iteration   2: 4513.716 us/op
Iteration   3: 4415.804 us/op
Iteration   4: 3501.241 us/op
Iteration   5: 3399.438 us/op

# Run progress: 83.33% complete, ETA 00:02:41
# Fork: 3 of 3
WARNING: A terminally deprecated method in sun.misc.Unsafe has been called
WARNING: sun.misc.Unsafe::objectFieldOffset has been called by org.openjdk.jmh.util.Utils (file:/C:/Users/Hareram%20ray/AI/numJ/.tools/jmh/jmh-core-1.37.jar)
WARNING: Please consider reporting this to the maintainers of class org.openjdk.jmh.util.Utils
WARNING: sun.misc.Unsafe::objectFieldOffset will be removed in a future release
# Warmup Iteration   1: 5339.505 us/op
# Warmup Iteration   2: 3433.458 us/op
# Warmup Iteration   3: 3727.991 us/op
# Warmup Iteration   4: 3538.516 us/op
# Warmup Iteration   5: 3984.588 us/op
Iteration   1: 3680.798 us/op
Iteration   2: 3311.751 us/op
Iteration   3: 3504.748 us/op
Iteration   4: 3470.033 us/op
Iteration   5: 3260.863 us/op


Result "numj.ShortRowBench.addRows":
  3631.689 ±(99.9%) 425.571 us/op [Average]
  (min, avg, max) = (3077.802, 3631.689, 4513.716), stdev = 398.079
  CI (99.9%): [3206.118, 4057.260] (assumes normal distribution)


# JMH version: 1.37
# VM version: JDK 25.0.4.1, OpenJDK 64-Bit Server VM, 25.0.4.1+1-LTS
# VM invoker: C:\Users\Hareram ray\AI\numJ\.tools\jdk\bin\java.exe
# VM options: --enable-native-access=ALL-UNNAMED --enable-native-access=ALL-UNNAMED -Xms2g -Xmx2g -XX:+AlwaysPreTouch
# Blackhole mode: compiler (auto-detected, use -Djmh.blackhole.autoDetect=false to disable)
# Warmup: 5 iterations, 200 ms each
# Measurement: 5 iterations, 200 ms each
# Timeout: 10 min per iteration
# Threads: 1 thread, will synchronize iterations
# Benchmark mode: Average time, time/op
# Benchmark: numj.ShortRowBench.addRows
# Parameters: (k = 4)

# Run progress: 83.62% complete, ETA 00:02:39
# Fork: 1 of 3
WARNING: A terminally deprecated method in sun.misc.Unsafe has been called
WARNING: sun.misc.Unsafe::objectFieldOffset has been called by org.openjdk.jmh.util.Utils (file:/C:/Users/Hareram%20ray/AI/numJ/.tools/jmh/jmh-core-1.37.jar)
WARNING: Please consider reporting this to the maintainers of class org.openjdk.jmh.util.Utils
WARNING: sun.misc.Unsafe::objectFieldOffset will be removed in a future release
# Warmup Iteration   1: 4632.970 us/op
# Warmup Iteration   2: 2280.375 us/op
# Warmup Iteration   3: 2298.950 us/op
# Warmup Iteration   4: 2264.203 us/op
# Warmup Iteration   5: 2315.134 us/op
Iteration   1: 2428.749 us/op
Iteration   2: 2359.070 us/op
Iteration   3: 2335.233 us/op
Iteration   4: 2329.478 us/op
Iteration   5: 2567.062 us/op

# Run progress: 83.91% complete, ETA 00:02:36
# Fork: 2 of 3
WARNING: A terminally deprecated method in sun.misc.Unsafe has been called
WARNING: sun.misc.Unsafe::objectFieldOffset has been called by org.openjdk.jmh.util.Utils (file:/C:/Users/Hareram%20ray/AI/numJ/.tools/jmh/jmh-core-1.37.jar)
WARNING: Please consider reporting this to the maintainers of class org.openjdk.jmh.util.Utils
WARNING: sun.misc.Unsafe::objectFieldOffset will be removed in a future release
# Warmup Iteration   1: 4966.237 us/op
# Warmup Iteration   2: 2590.562 us/op
# Warmup Iteration   3: 2580.522 us/op
# Warmup Iteration   4: 2336.201 us/op
# Warmup Iteration   5: 2557.113 us/op
Iteration   1: 2447.011 us/op
Iteration   2: 2297.723 us/op
Iteration   3: 2501.612 us/op
Iteration   4: 2367.556 us/op
Iteration   5: 2431.735 us/op

# Run progress: 84.20% complete, ETA 00:02:33
# Fork: 3 of 3
WARNING: A terminally deprecated method in sun.misc.Unsafe has been called
WARNING: sun.misc.Unsafe::objectFieldOffset has been called by org.openjdk.jmh.util.Utils (file:/C:/Users/Hareram%20ray/AI/numJ/.tools/jmh/jmh-core-1.37.jar)
WARNING: Please consider reporting this to the maintainers of class org.openjdk.jmh.util.Utils
WARNING: sun.misc.Unsafe::objectFieldOffset will be removed in a future release
# Warmup Iteration   1: 4283.296 us/op
# Warmup Iteration   2: 2529.305 us/op
# Warmup Iteration   3: 2544.977 us/op
# Warmup Iteration   4: 2402.305 us/op
# Warmup Iteration   5: 2582.601 us/op
Iteration   1: 2357.262 us/op
Iteration   2: 2271.479 us/op
Iteration   3: 2299.749 us/op
Iteration   4: 2255.478 us/op
Iteration   5: 2338.748 us/op


Result "numj.ShortRowBench.addRows":
  2372.530 ±(99.9%) 93.176 us/op [Average]
  (min, avg, max) = (2255.478, 2372.530, 2567.062), stdev = 87.157
  CI (99.9%): [2279.353, 2465.706] (assumes normal distribution)


# JMH version: 1.37
# VM version: JDK 25.0.4.1, OpenJDK 64-Bit Server VM, 25.0.4.1+1-LTS
# VM invoker: C:\Users\Hareram ray\AI\numJ\.tools\jdk\bin\java.exe
# VM options: --enable-native-access=ALL-UNNAMED --enable-native-access=ALL-UNNAMED -Xms2g -Xmx2g -XX:+AlwaysPreTouch
# Blackhole mode: compiler (auto-detected, use -Djmh.blackhole.autoDetect=false to disable)
# Warmup: 5 iterations, 200 ms each
# Measurement: 5 iterations, 200 ms each
# Timeout: 10 min per iteration
# Threads: 1 thread, will synchronize iterations
# Benchmark mode: Average time, time/op
# Benchmark: numj.ShortRowBench.addRows
# Parameters: (k = 8)

# Run progress: 84.48% complete, ETA 00:02:30
# Fork: 1 of 3
WARNING: A terminally deprecated method in sun.misc.Unsafe has been called
WARNING: sun.misc.Unsafe::objectFieldOffset has been called by org.openjdk.jmh.util.Utils (file:/C:/Users/Hareram%20ray/AI/numJ/.tools/jmh/jmh-core-1.37.jar)
WARNING: Please consider reporting this to the maintainers of class org.openjdk.jmh.util.Utils
WARNING: sun.misc.Unsafe::objectFieldOffset will be removed in a future release
# Warmup Iteration   1: 3261.165 us/op
# Warmup Iteration   2: 1835.992 us/op
# Warmup Iteration   3: 1866.549 us/op
# Warmup Iteration   4: 1930.758 us/op
# Warmup Iteration   5: 1877.343 us/op
Iteration   1: 1800.039 us/op
Iteration   2: 1900.235 us/op
Iteration   3: 1785.395 us/op
Iteration   4: 1852.935 us/op
Iteration   5: 1909.571 us/op

# Run progress: 84.77% complete, ETA 00:02:27
# Fork: 2 of 3
WARNING: A terminally deprecated method in sun.misc.Unsafe has been called
WARNING: sun.misc.Unsafe::objectFieldOffset has been called by org.openjdk.jmh.util.Utils (file:/C:/Users/Hareram%20ray/AI/numJ/.tools/jmh/jmh-core-1.37.jar)
WARNING: Please consider reporting this to the maintainers of class org.openjdk.jmh.util.Utils
WARNING: sun.misc.Unsafe::objectFieldOffset will be removed in a future release
# Warmup Iteration   1: 3813.275 us/op
# Warmup Iteration   2: 1939.144 us/op
# Warmup Iteration   3: 1795.017 us/op
# Warmup Iteration   4: 1807.905 us/op
# Warmup Iteration   5: 1958.260 us/op
Iteration   1: 1968.585 us/op
Iteration   2: 1880.655 us/op
Iteration   3: 1833.100 us/op
Iteration   4: 1791.617 us/op
Iteration   5: 1917.684 us/op

# Run progress: 85.06% complete, ETA 00:02:24
# Fork: 3 of 3
WARNING: A terminally deprecated method in sun.misc.Unsafe has been called
WARNING: sun.misc.Unsafe::objectFieldOffset has been called by org.openjdk.jmh.util.Utils (file:/C:/Users/Hareram%20ray/AI/numJ/.tools/jmh/jmh-core-1.37.jar)
WARNING: Please consider reporting this to the maintainers of class org.openjdk.jmh.util.Utils
WARNING: sun.misc.Unsafe::objectFieldOffset will be removed in a future release
# Warmup Iteration   1: 3467.956 us/op
# Warmup Iteration   2: 1809.233 us/op
# Warmup Iteration   3: 1901.397 us/op
# Warmup Iteration   4: 2004.714 us/op
# Warmup Iteration   5: 1930.642 us/op
Iteration   1: 1775.204 us/op
Iteration   2: 1857.223 us/op
Iteration   3: 1976.075 us/op
Iteration   4: 1895.924 us/op
Iteration   5: 2017.487 us/op


Result "numj.ShortRowBench.addRows":
  1877.449 ±(99.9%) 78.989 us/op [Average]
  (min, avg, max) = (1775.204, 1877.449, 2017.487), stdev = 73.887
  CI (99.9%): [1798.459, 1956.438] (assumes normal distribution)


# JMH version: 1.37
# VM version: JDK 25.0.4.1, OpenJDK 64-Bit Server VM, 25.0.4.1+1-LTS
# VM invoker: C:\Users\Hareram ray\AI\numJ\.tools\jdk\bin\java.exe
# VM options: --enable-native-access=ALL-UNNAMED --enable-native-access=ALL-UNNAMED -Xms2g -Xmx2g -XX:+AlwaysPreTouch
# Blackhole mode: compiler (auto-detected, use -Djmh.blackhole.autoDetect=false to disable)
# Warmup: 5 iterations, 200 ms each
# Measurement: 5 iterations, 200 ms each
# Timeout: 10 min per iteration
# Threads: 1 thread, will synchronize iterations
# Benchmark mode: Average time, time/op
# Benchmark: numj.ShortRowBench.addRows
# Parameters: (k = 16)

# Run progress: 85.34% complete, ETA 00:02:22
# Fork: 1 of 3
WARNING: A terminally deprecated method in sun.misc.Unsafe has been called
WARNING: sun.misc.Unsafe::objectFieldOffset has been called by org.openjdk.jmh.util.Utils (file:/C:/Users/Hareram%20ray/AI/numJ/.tools/jmh/jmh-core-1.37.jar)
WARNING: Please consider reporting this to the maintainers of class org.openjdk.jmh.util.Utils
WARNING: sun.misc.Unsafe::objectFieldOffset will be removed in a future release
# Warmup Iteration   1: 3821.943 us/op
# Warmup Iteration   2: 1745.600 us/op
# Warmup Iteration   3: 1661.349 us/op
# Warmup Iteration   4: 1640.455 us/op
# Warmup Iteration   5: 1624.847 us/op
Iteration   1: 1617.618 us/op
Iteration   2: 1646.532 us/op
Iteration   3: 1628.873 us/op
Iteration   4: 1661.871 us/op
Iteration   5: 1621.483 us/op

# Run progress: 85.63% complete, ETA 00:02:19
# Fork: 2 of 3
WARNING: A terminally deprecated method in sun.misc.Unsafe has been called
WARNING: sun.misc.Unsafe::objectFieldOffset has been called by org.openjdk.jmh.util.Utils (file:/C:/Users/Hareram%20ray/AI/numJ/.tools/jmh/jmh-core-1.37.jar)
WARNING: Please consider reporting this to the maintainers of class org.openjdk.jmh.util.Utils
WARNING: sun.misc.Unsafe::objectFieldOffset will be removed in a future release
# Warmup Iteration   1: 3211.214 us/op
# Warmup Iteration   2: 1673.419 us/op
# Warmup Iteration   3: 1701.206 us/op
# Warmup Iteration   4: 1725.578 us/op
# Warmup Iteration   5: 1584.886 us/op
Iteration   1: 1598.542 us/op
Iteration   2: 1632.794 us/op
Iteration   3: 1778.789 us/op
Iteration   4: 1622.305 us/op
Iteration   5: 1739.310 us/op

# Run progress: 85.92% complete, ETA 00:02:16
# Fork: 3 of 3
WARNING: A terminally deprecated method in sun.misc.Unsafe has been called
WARNING: sun.misc.Unsafe::objectFieldOffset has been called by org.openjdk.jmh.util.Utils (file:/C:/Users/Hareram%20ray/AI/numJ/.tools/jmh/jmh-core-1.37.jar)
WARNING: Please consider reporting this to the maintainers of class org.openjdk.jmh.util.Utils
WARNING: sun.misc.Unsafe::objectFieldOffset will be removed in a future release
# Warmup Iteration   1: 3915.008 us/op
# Warmup Iteration   2: 1683.278 us/op
# Warmup Iteration   3: 1607.754 us/op
# Warmup Iteration   4: 1572.538 us/op
# Warmup Iteration   5: 1774.112 us/op
Iteration   1: 1733.644 us/op
Iteration   2: 1685.891 us/op
Iteration   3: 1679.847 us/op
Iteration   4: 1576.831 us/op
Iteration   5: 1679.761 us/op


Result "numj.ShortRowBench.addRows":
  1660.273 ±(99.9%) 60.318 us/op [Average]
  (min, avg, max) = (1576.831, 1660.273, 1778.789), stdev = 56.421
  CI (99.9%): [1599.955, 1720.590] (assumes normal distribution)


# JMH version: 1.37
# VM version: JDK 25.0.4.1, OpenJDK 64-Bit Server VM, 25.0.4.1+1-LTS
# VM invoker: C:\Users\Hareram ray\AI\numJ\.tools\jdk\bin\java.exe
# VM options: --enable-native-access=ALL-UNNAMED --enable-native-access=ALL-UNNAMED -Xms2g -Xmx2g -XX:+AlwaysPreTouch
# Blackhole mode: compiler (auto-detected, use -Djmh.blackhole.autoDetect=false to disable)
# Warmup: 5 iterations, 200 ms each
# Measurement: 5 iterations, 200 ms each
# Timeout: 10 min per iteration
# Threads: 1 thread, will synchronize iterations
# Benchmark mode: Average time, time/op
# Benchmark: numj.ShortRowBench.addRows
# Parameters: (k = 64)

# Run progress: 86.21% complete, ETA 00:02:13
# Fork: 1 of 3
WARNING: A terminally deprecated method in sun.misc.Unsafe has been called
WARNING: sun.misc.Unsafe::objectFieldOffset has been called by org.openjdk.jmh.util.Utils (file:/C:/Users/Hareram%20ray/AI/numJ/.tools/jmh/jmh-core-1.37.jar)
WARNING: Please consider reporting this to the maintainers of class org.openjdk.jmh.util.Utils
WARNING: sun.misc.Unsafe::objectFieldOffset will be removed in a future release
# Warmup Iteration   1: 2972.629 us/op
# Warmup Iteration   2: 1665.422 us/op
# Warmup Iteration   3: 1733.286 us/op
# Warmup Iteration   4: 1602.465 us/op
# Warmup Iteration   5: 1570.781 us/op
Iteration   1: 1628.427 us/op
Iteration   2: 1621.055 us/op
Iteration   3: 1688.600 us/op
Iteration   4: 1598.715 us/op
Iteration   5: 1628.885 us/op

# Run progress: 86.49% complete, ETA 00:02:10
# Fork: 2 of 3
WARNING: A terminally deprecated method in sun.misc.Unsafe has been called
WARNING: sun.misc.Unsafe::objectFieldOffset has been called by org.openjdk.jmh.util.Utils (file:/C:/Users/Hareram%20ray/AI/numJ/.tools/jmh/jmh-core-1.37.jar)
WARNING: Please consider reporting this to the maintainers of class org.openjdk.jmh.util.Utils
WARNING: sun.misc.Unsafe::objectFieldOffset will be removed in a future release
# Warmup Iteration   1: 2981.359 us/op
# Warmup Iteration   2: 1664.113 us/op
# Warmup Iteration   3: 1572.445 us/op
# Warmup Iteration   4: 1614.391 us/op
# Warmup Iteration   5: 1582.053 us/op
Iteration   1: 1525.258 us/op
Iteration   2: 1499.350 us/op
Iteration   3: 1513.969 us/op
Iteration   4: 1579.448 us/op
Iteration   5: 1636.237 us/op

# Run progress: 86.78% complete, ETA 00:02:08
# Fork: 3 of 3
WARNING: A terminally deprecated method in sun.misc.Unsafe has been called
WARNING: sun.misc.Unsafe::objectFieldOffset has been called by org.openjdk.jmh.util.Utils (file:/C:/Users/Hareram%20ray/AI/numJ/.tools/jmh/jmh-core-1.37.jar)
WARNING: Please consider reporting this to the maintainers of class org.openjdk.jmh.util.Utils
WARNING: sun.misc.Unsafe::objectFieldOffset will be removed in a future release
# Warmup Iteration   1: 2989.368 us/op
# Warmup Iteration   2: 1701.927 us/op
# Warmup Iteration   3: 1921.668 us/op
# Warmup Iteration   4: 1498.359 us/op
# Warmup Iteration   5: 1498.095 us/op
Iteration   1: 1501.090 us/op
Iteration   2: 1997.696 us/op
Iteration   3: 1624.127 us/op
Iteration   4: 1635.088 us/op
Iteration   5: 1489.184 us/op


Result "numj.ShortRowBench.addRows":
  1611.142 ±(99.9%) 132.472 us/op [Average]
  (min, avg, max) = (1489.184, 1611.142, 1997.696), stdev = 123.915
  CI (99.9%): [1478.670, 1743.614] (assumes normal distribution)


# JMH version: 1.37
# VM version: JDK 25.0.4.1, OpenJDK 64-Bit Server VM, 25.0.4.1+1-LTS
# VM invoker: C:\Users\Hareram ray\AI\numJ\.tools\jdk\bin\java.exe
# VM options: --enable-native-access=ALL-UNNAMED --enable-native-access=ALL-UNNAMED -Xms2g -Xmx2g -XX:+AlwaysPreTouch
# Blackhole mode: compiler (auto-detected, use -Djmh.blackhole.autoDetect=false to disable)
# Warmup: 5 iterations, 200 ms each
# Measurement: 5 iterations, 200 ms each
# Timeout: 10 min per iteration
# Threads: 1 thread, will synchronize iterations
# Benchmark mode: Average time, time/op
# Benchmark: numj.ShortRowBench.javaAddRows
# Parameters: (k = 2)

# Run progress: 87.07% complete, ETA 00:02:05
# Fork: 1 of 3
WARNING: A terminally deprecated method in sun.misc.Unsafe has been called
WARNING: sun.misc.Unsafe::objectFieldOffset has been called by org.openjdk.jmh.util.Utils (file:/C:/Users/Hareram%20ray/AI/numJ/.tools/jmh/jmh-core-1.37.jar)
WARNING: Please consider reporting this to the maintainers of class org.openjdk.jmh.util.Utils
WARNING: sun.misc.Unsafe::objectFieldOffset will be removed in a future release
# Warmup Iteration   1: 2308.078 us/op
# Warmup Iteration   2: 2296.949 us/op
# Warmup Iteration   3: 2374.827 us/op
# Warmup Iteration   4: 2316.120 us/op
# Warmup Iteration   5: 2362.336 us/op
Iteration   1: 2242.478 us/op
Iteration   2: 2616.542 us/op
Iteration   3: 2214.303 us/op
Iteration   4: 2315.229 us/op
Iteration   5: 2216.060 us/op

# Run progress: 87.36% complete, ETA 00:02:02
# Fork: 2 of 3
WARNING: A terminally deprecated method in sun.misc.Unsafe has been called
WARNING: sun.misc.Unsafe::objectFieldOffset has been called by org.openjdk.jmh.util.Utils (file:/C:/Users/Hareram%20ray/AI/numJ/.tools/jmh/jmh-core-1.37.jar)
WARNING: Please consider reporting this to the maintainers of class org.openjdk.jmh.util.Utils
WARNING: sun.misc.Unsafe::objectFieldOffset will be removed in a future release
# Warmup Iteration   1: 2529.838 us/op
# Warmup Iteration   2: 2141.322 us/op
# Warmup Iteration   3: 2190.014 us/op
# Warmup Iteration   4: 2379.692 us/op
# Warmup Iteration   5: 2330.491 us/op
Iteration   1: 2660.124 us/op
Iteration   2: 3479.298 us/op
Iteration   3: 2008.224 us/op
Iteration   4: 2232.239 us/op
Iteration   5: 2162.998 us/op

# Run progress: 87.64% complete, ETA 00:01:59
# Fork: 3 of 3
WARNING: A terminally deprecated method in sun.misc.Unsafe has been called
WARNING: sun.misc.Unsafe::objectFieldOffset has been called by org.openjdk.jmh.util.Utils (file:/C:/Users/Hareram%20ray/AI/numJ/.tools/jmh/jmh-core-1.37.jar)
WARNING: Please consider reporting this to the maintainers of class org.openjdk.jmh.util.Utils
WARNING: sun.misc.Unsafe::objectFieldOffset will be removed in a future release
# Warmup Iteration   1: 2203.037 us/op
# Warmup Iteration   2: 2483.811 us/op
# Warmup Iteration   3: 2658.814 us/op
# Warmup Iteration   4: 2490.632 us/op
# Warmup Iteration   5: 2296.420 us/op
Iteration   1: 2360.414 us/op
Iteration   2: 2250.723 us/op
Iteration   3: 2683.601 us/op
Iteration   4: 2301.717 us/op
Iteration   5: 2308.533 us/op


Result "numj.ShortRowBench.javaAddRows":
  2403.499 ±(99.9%) 376.854 us/op [Average]
  (min, avg, max) = (2008.224, 2403.499, 3479.298), stdev = 352.509
  CI (99.9%): [2026.645, 2780.353] (assumes normal distribution)


# JMH version: 1.37
# VM version: JDK 25.0.4.1, OpenJDK 64-Bit Server VM, 25.0.4.1+1-LTS
# VM invoker: C:\Users\Hareram ray\AI\numJ\.tools\jdk\bin\java.exe
# VM options: --enable-native-access=ALL-UNNAMED --enable-native-access=ALL-UNNAMED -Xms2g -Xmx2g -XX:+AlwaysPreTouch
# Blackhole mode: compiler (auto-detected, use -Djmh.blackhole.autoDetect=false to disable)
# Warmup: 5 iterations, 200 ms each
# Measurement: 5 iterations, 200 ms each
# Timeout: 10 min per iteration
# Threads: 1 thread, will synchronize iterations
# Benchmark mode: Average time, time/op
# Benchmark: numj.ShortRowBench.javaAddRows
# Parameters: (k = 4)

# Run progress: 87.93% complete, ETA 00:01:56
# Fork: 1 of 3
WARNING: A terminally deprecated method in sun.misc.Unsafe has been called
WARNING: sun.misc.Unsafe::objectFieldOffset has been called by org.openjdk.jmh.util.Utils (file:/C:/Users/Hareram%20ray/AI/numJ/.tools/jmh/jmh-core-1.37.jar)
WARNING: Please consider reporting this to the maintainers of class org.openjdk.jmh.util.Utils
WARNING: sun.misc.Unsafe::objectFieldOffset will be removed in a future release
# Warmup Iteration   1: 2108.491 us/op
# Warmup Iteration   2: 1823.726 us/op
# Warmup Iteration   3: 1920.914 us/op
# Warmup Iteration   4: 1888.907 us/op
# Warmup Iteration   5: 2009.989 us/op
Iteration   1: 1968.459 us/op
Iteration   2: 1852.928 us/op
Iteration   3: 1910.703 us/op
Iteration   4: 1843.640 us/op
Iteration   5: 1981.269 us/op

# Run progress: 88.22% complete, ETA 00:01:53
# Fork: 2 of 3
WARNING: A terminally deprecated method in sun.misc.Unsafe has been called
WARNING: sun.misc.Unsafe::objectFieldOffset has been called by org.openjdk.jmh.util.Utils (file:/C:/Users/Hareram%20ray/AI/numJ/.tools/jmh/jmh-core-1.37.jar)
WARNING: Please consider reporting this to the maintainers of class org.openjdk.jmh.util.Utils
WARNING: sun.misc.Unsafe::objectFieldOffset will be removed in a future release
# Warmup Iteration   1: 1911.156 us/op
# Warmup Iteration   2: 1887.838 us/op
# Warmup Iteration   3: 1931.415 us/op
# Warmup Iteration   4: 1894.211 us/op
# Warmup Iteration   5: 1919.250 us/op
Iteration   1: 1881.589 us/op
Iteration   2: 1948.774 us/op
Iteration   3: 1826.525 us/op
Iteration   4: 1884.391 us/op
Iteration   5: 1831.460 us/op

# Run progress: 88.51% complete, ETA 00:01:51
# Fork: 3 of 3
WARNING: A terminally deprecated method in sun.misc.Unsafe has been called
WARNING: sun.misc.Unsafe::objectFieldOffset has been called by org.openjdk.jmh.util.Utils (file:/C:/Users/Hareram%20ray/AI/numJ/.tools/jmh/jmh-core-1.37.jar)
WARNING: Please consider reporting this to the maintainers of class org.openjdk.jmh.util.Utils
WARNING: sun.misc.Unsafe::objectFieldOffset will be removed in a future release
# Warmup Iteration   1: 1854.388 us/op
# Warmup Iteration   2: 1783.010 us/op
# Warmup Iteration   3: 2052.126 us/op
# Warmup Iteration   4: 2009.446 us/op
# Warmup Iteration   5: 2006.490 us/op
Iteration   1: 1947.356 us/op
Iteration   2: 1866.181 us/op
Iteration   3: 2001.222 us/op
Iteration   4: 2000.230 us/op
Iteration   5: 2003.863 us/op


Result "numj.ShortRowBench.javaAddRows":
  1916.573 ±(99.9%) 70.104 us/op [Average]
  (min, avg, max) = (1826.525, 1916.573, 2003.863), stdev = 65.575
  CI (99.9%): [1846.469, 1986.677] (assumes normal distribution)


# JMH version: 1.37
# VM version: JDK 25.0.4.1, OpenJDK 64-Bit Server VM, 25.0.4.1+1-LTS
# VM invoker: C:\Users\Hareram ray\AI\numJ\.tools\jdk\bin\java.exe
# VM options: --enable-native-access=ALL-UNNAMED --enable-native-access=ALL-UNNAMED -Xms2g -Xmx2g -XX:+AlwaysPreTouch
# Blackhole mode: compiler (auto-detected, use -Djmh.blackhole.autoDetect=false to disable)
# Warmup: 5 iterations, 200 ms each
# Measurement: 5 iterations, 200 ms each
# Timeout: 10 min per iteration
# Threads: 1 thread, will synchronize iterations
# Benchmark mode: Average time, time/op
# Benchmark: numj.ShortRowBench.javaAddRows
# Parameters: (k = 8)

# Run progress: 88.79% complete, ETA 00:01:48
# Fork: 1 of 3
WARNING: A terminally deprecated method in sun.misc.Unsafe has been called
WARNING: sun.misc.Unsafe::objectFieldOffset has been called by org.openjdk.jmh.util.Utils (file:/C:/Users/Hareram%20ray/AI/numJ/.tools/jmh/jmh-core-1.37.jar)
WARNING: Please consider reporting this to the maintainers of class org.openjdk.jmh.util.Utils
WARNING: sun.misc.Unsafe::objectFieldOffset will be removed in a future release
# Warmup Iteration   1: 1653.135 us/op
# Warmup Iteration   2: 1663.844 us/op
# Warmup Iteration   3: 1663.304 us/op
# Warmup Iteration   4: 1617.167 us/op
# Warmup Iteration   5: 1745.125 us/op
Iteration   1: 1728.666 us/op
Iteration   2: 1742.496 us/op
Iteration   3: 1688.148 us/op
Iteration   4: 1711.842 us/op
Iteration   5: 1709.876 us/op

# Run progress: 89.08% complete, ETA 00:01:45
# Fork: 2 of 3
WARNING: A terminally deprecated method in sun.misc.Unsafe has been called
WARNING: sun.misc.Unsafe::objectFieldOffset has been called by org.openjdk.jmh.util.Utils (file:/C:/Users/Hareram%20ray/AI/numJ/.tools/jmh/jmh-core-1.37.jar)
WARNING: Please consider reporting this to the maintainers of class org.openjdk.jmh.util.Utils
WARNING: sun.misc.Unsafe::objectFieldOffset will be removed in a future release
# Warmup Iteration   1: 1634.719 us/op
# Warmup Iteration   2: 1775.554 us/op
# Warmup Iteration   3: 1730.726 us/op
# Warmup Iteration   4: 1912.583 us/op
# Warmup Iteration   5: 1715.803 us/op
Iteration   1: 1670.297 us/op
Iteration   2: 1703.381 us/op
Iteration   3: 1754.160 us/op
Iteration   4: 1752.876 us/op
Iteration   5: 1777.127 us/op

# Run progress: 89.37% complete, ETA 00:01:42
# Fork: 3 of 3
WARNING: A terminally deprecated method in sun.misc.Unsafe has been called
WARNING: sun.misc.Unsafe::objectFieldOffset has been called by org.openjdk.jmh.util.Utils (file:/C:/Users/Hareram%20ray/AI/numJ/.tools/jmh/jmh-core-1.37.jar)
WARNING: Please consider reporting this to the maintainers of class org.openjdk.jmh.util.Utils
WARNING: sun.misc.Unsafe::objectFieldOffset will be removed in a future release
# Warmup Iteration   1: 1820.599 us/op
# Warmup Iteration   2: 1783.894 us/op
# Warmup Iteration   3: 1693.558 us/op
# Warmup Iteration   4: 1741.891 us/op
# Warmup Iteration   5: 2032.310 us/op
Iteration   1: 1763.140 us/op
Iteration   2: 1739.138 us/op
Iteration   3: 1737.418 us/op
Iteration   4: 1903.383 us/op
Iteration   5: 1731.185 us/op


Result "numj.ShortRowBench.javaAddRows":
  1740.875 ±(99.9%) 56.980 us/op [Average]
  (min, avg, max) = (1670.297, 1740.875, 1903.383), stdev = 53.299
  CI (99.9%): [1683.895, 1797.855] (assumes normal distribution)


# JMH version: 1.37
# VM version: JDK 25.0.4.1, OpenJDK 64-Bit Server VM, 25.0.4.1+1-LTS
# VM invoker: C:\Users\Hareram ray\AI\numJ\.tools\jdk\bin\java.exe
# VM options: --enable-native-access=ALL-UNNAMED --enable-native-access=ALL-UNNAMED -Xms2g -Xmx2g -XX:+AlwaysPreTouch
# Blackhole mode: compiler (auto-detected, use -Djmh.blackhole.autoDetect=false to disable)
# Warmup: 5 iterations, 200 ms each
# Measurement: 5 iterations, 200 ms each
# Timeout: 10 min per iteration
# Threads: 1 thread, will synchronize iterations
# Benchmark mode: Average time, time/op
# Benchmark: numj.ShortRowBench.javaAddRows
# Parameters: (k = 16)

# Run progress: 89.66% complete, ETA 00:01:39
# Fork: 1 of 3
WARNING: A terminally deprecated method in sun.misc.Unsafe has been called
WARNING: sun.misc.Unsafe::objectFieldOffset has been called by org.openjdk.jmh.util.Utils (file:/C:/Users/Hareram%20ray/AI/numJ/.tools/jmh/jmh-core-1.37.jar)
WARNING: Please consider reporting this to the maintainers of class org.openjdk.jmh.util.Utils
WARNING: sun.misc.Unsafe::objectFieldOffset will be removed in a future release
# Warmup Iteration   1: 1603.011 us/op
# Warmup Iteration   2: 1662.279 us/op
# Warmup Iteration   3: 1700.901 us/op
# Warmup Iteration   4: 1596.052 us/op
# Warmup Iteration   5: 1532.636 us/op
Iteration   1: 1558.657 us/op
Iteration   2: 1639.402 us/op
Iteration   3: 1681.807 us/op
Iteration   4: 1580.158 us/op
Iteration   5: 1628.894 us/op

# Run progress: 89.94% complete, ETA 00:01:37
# Fork: 2 of 3
WARNING: A terminally deprecated method in sun.misc.Unsafe has been called
WARNING: sun.misc.Unsafe::objectFieldOffset has been called by org.openjdk.jmh.util.Utils (file:/C:/Users/Hareram%20ray/AI/numJ/.tools/jmh/jmh-core-1.37.jar)
WARNING: Please consider reporting this to the maintainers of class org.openjdk.jmh.util.Utils
WARNING: sun.misc.Unsafe::objectFieldOffset will be removed in a future release
# Warmup Iteration   1: 1763.854 us/op
# Warmup Iteration   2: 1613.054 us/op
# Warmup Iteration   3: 1662.298 us/op
# Warmup Iteration   4: 1597.613 us/op
# Warmup Iteration   5: 1598.695 us/op
Iteration   1: 1668.243 us/op
Iteration   2: 1609.440 us/op
Iteration   3: 1601.554 us/op
Iteration   4: 1839.488 us/op
Iteration   5: 2156.739 us/op

# Run progress: 90.23% complete, ETA 00:01:34
# Fork: 3 of 3
WARNING: A terminally deprecated method in sun.misc.Unsafe has been called
WARNING: sun.misc.Unsafe::objectFieldOffset has been called by org.openjdk.jmh.util.Utils (file:/C:/Users/Hareram%20ray/AI/numJ/.tools/jmh/jmh-core-1.37.jar)
WARNING: Please consider reporting this to the maintainers of class org.openjdk.jmh.util.Utils
WARNING: sun.misc.Unsafe::objectFieldOffset will be removed in a future release
# Warmup Iteration   1: 1667.599 us/op
# Warmup Iteration   2: 1560.990 us/op
# Warmup Iteration   3: 1620.377 us/op
# Warmup Iteration   4: 1578.884 us/op
# Warmup Iteration   5: 1568.583 us/op
Iteration   1: 1547.665 us/op
Iteration   2: 1537.573 us/op
Iteration   3: 1632.194 us/op
Iteration   4: 1551.002 us/op
Iteration   5: 1638.422 us/op


Result "numj.ShortRowBench.javaAddRows":
  1658.082 ±(99.9%) 167.625 us/op [Average]
  (min, avg, max) = (1537.573, 1658.082, 2156.739), stdev = 156.796
  CI (99.9%): [1490.458, 1825.707] (assumes normal distribution)


# JMH version: 1.37
# VM version: JDK 25.0.4.1, OpenJDK 64-Bit Server VM, 25.0.4.1+1-LTS
# VM invoker: C:\Users\Hareram ray\AI\numJ\.tools\jdk\bin\java.exe
# VM options: --enable-native-access=ALL-UNNAMED --enable-native-access=ALL-UNNAMED -Xms2g -Xmx2g -XX:+AlwaysPreTouch
# Blackhole mode: compiler (auto-detected, use -Djmh.blackhole.autoDetect=false to disable)
# Warmup: 5 iterations, 200 ms each
# Measurement: 5 iterations, 200 ms each
# Timeout: 10 min per iteration
# Threads: 1 thread, will synchronize iterations
# Benchmark mode: Average time, time/op
# Benchmark: numj.ShortRowBench.javaAddRows
# Parameters: (k = 64)

# Run progress: 90.52% complete, ETA 00:01:31
# Fork: 1 of 3
WARNING: A terminally deprecated method in sun.misc.Unsafe has been called
WARNING: sun.misc.Unsafe::objectFieldOffset has been called by org.openjdk.jmh.util.Utils (file:/C:/Users/Hareram%20ray/AI/numJ/.tools/jmh/jmh-core-1.37.jar)
WARNING: Please consider reporting this to the maintainers of class org.openjdk.jmh.util.Utils
WARNING: sun.misc.Unsafe::objectFieldOffset will be removed in a future release
# Warmup Iteration   1: 1558.469 us/op
# Warmup Iteration   2: 1487.480 us/op
# Warmup Iteration   3: 1533.656 us/op
# Warmup Iteration   4: 1570.523 us/op
# Warmup Iteration   5: 1486.183 us/op
Iteration   1: 1525.252 us/op
Iteration   2: 1496.111 us/op
Iteration   3: 1564.578 us/op
Iteration   4: 1565.635 us/op
Iteration   5: 1541.045 us/op

# Run progress: 90.80% complete, ETA 00:01:28
# Fork: 2 of 3
WARNING: A terminally deprecated method in sun.misc.Unsafe has been called
WARNING: sun.misc.Unsafe::objectFieldOffset has been called by org.openjdk.jmh.util.Utils (file:/C:/Users/Hareram%20ray/AI/numJ/.tools/jmh/jmh-core-1.37.jar)
WARNING: Please consider reporting this to the maintainers of class org.openjdk.jmh.util.Utils
WARNING: sun.misc.Unsafe::objectFieldOffset will be removed in a future release
# Warmup Iteration   1: 1552.563 us/op
# Warmup Iteration   2: 1583.459 us/op
# Warmup Iteration   3: 1554.865 us/op
# Warmup Iteration   4: 1586.367 us/op
# Warmup Iteration   5: 1564.996 us/op
Iteration   1: 1653.791 us/op
Iteration   2: 1614.275 us/op
Iteration   3: 2221.062 us/op
Iteration   4: 1542.335 us/op
Iteration   5: 1592.104 us/op

# Run progress: 91.09% complete, ETA 00:01:25
# Fork: 3 of 3
WARNING: A terminally deprecated method in sun.misc.Unsafe has been called
WARNING: sun.misc.Unsafe::objectFieldOffset has been called by org.openjdk.jmh.util.Utils (file:/C:/Users/Hareram%20ray/AI/numJ/.tools/jmh/jmh-core-1.37.jar)
WARNING: Please consider reporting this to the maintainers of class org.openjdk.jmh.util.Utils
WARNING: sun.misc.Unsafe::objectFieldOffset will be removed in a future release
# Warmup Iteration   1: 1484.681 us/op
# Warmup Iteration   2: 1653.868 us/op
# Warmup Iteration   3: 1507.283 us/op
# Warmup Iteration   4: 1555.940 us/op
# Warmup Iteration   5: 1586.361 us/op
Iteration   1: 1529.227 us/op
Iteration   2: 1505.557 us/op
Iteration   3: 1528.719 us/op
Iteration   4: 1555.779 us/op
Iteration   5: 1558.005 us/op


Result "numj.ShortRowBench.javaAddRows":
  1599.565 ±(99.9%) 188.924 us/op [Average]
  (min, avg, max) = (1496.111, 1599.565, 2221.062), stdev = 176.720
  CI (99.9%): [1410.641, 1788.489] (assumes normal distribution)


# JMH version: 1.37
# VM version: JDK 25.0.4.1, OpenJDK 64-Bit Server VM, 25.0.4.1+1-LTS
# VM invoker: C:\Users\Hareram ray\AI\numJ\.tools\jdk\bin\java.exe
# VM options: --enable-native-access=ALL-UNNAMED --enable-native-access=ALL-UNNAMED -Xms2g -Xmx2g -XX:+AlwaysPreTouch
# Blackhole mode: compiler (auto-detected, use -Djmh.blackhole.autoDetect=false to disable)
# Warmup: 5 iterations, 200 ms each
# Measurement: 5 iterations, 200 ms each
# Timeout: 10 min per iteration
# Threads: 1 thread, will synchronize iterations
# Benchmark mode: Average time, time/op
# Benchmark: numj.ShortRowBench.javaSumRows
# Parameters: (k = 2)

# Run progress: 91.38% complete, ETA 00:01:23
# Fork: 1 of 3
WARNING: A terminally deprecated method in sun.misc.Unsafe has been called
WARNING: sun.misc.Unsafe::objectFieldOffset has been called by org.openjdk.jmh.util.Utils (file:/C:/Users/Hareram%20ray/AI/numJ/.tools/jmh/jmh-core-1.37.jar)
WARNING: Please consider reporting this to the maintainers of class org.openjdk.jmh.util.Utils
WARNING: sun.misc.Unsafe::objectFieldOffset will be removed in a future release
# Warmup Iteration   1: 945.699 us/op
# Warmup Iteration   2: 989.961 us/op
# Warmup Iteration   3: 948.827 us/op
# Warmup Iteration   4: 995.679 us/op
# Warmup Iteration   5: 976.811 us/op
Iteration   1: 975.898 us/op
Iteration   2: 1039.037 us/op
Iteration   3: 959.291 us/op
Iteration   4: 1093.963 us/op
Iteration   5: 972.451 us/op

# Run progress: 91.67% complete, ETA 00:01:20
# Fork: 2 of 3
WARNING: A terminally deprecated method in sun.misc.Unsafe has been called
WARNING: sun.misc.Unsafe::objectFieldOffset has been called by org.openjdk.jmh.util.Utils (file:/C:/Users/Hareram%20ray/AI/numJ/.tools/jmh/jmh-core-1.37.jar)
WARNING: Please consider reporting this to the maintainers of class org.openjdk.jmh.util.Utils
WARNING: sun.misc.Unsafe::objectFieldOffset will be removed in a future release
# Warmup Iteration   1: 1288.461 us/op
# Warmup Iteration   2: 1162.438 us/op
# Warmup Iteration   3: 1173.385 us/op
# Warmup Iteration   4: 1209.211 us/op
# Warmup Iteration   5: 1193.565 us/op
Iteration   1: 1173.327 us/op
Iteration   2: 1190.793 us/op
Iteration   3: 1251.991 us/op
Iteration   4: 1208.683 us/op
Iteration   5: 1184.961 us/op

# Run progress: 91.95% complete, ETA 00:01:17
# Fork: 3 of 3
WARNING: A terminally deprecated method in sun.misc.Unsafe has been called
WARNING: sun.misc.Unsafe::objectFieldOffset has been called by org.openjdk.jmh.util.Utils (file:/C:/Users/Hareram%20ray/AI/numJ/.tools/jmh/jmh-core-1.37.jar)
WARNING: Please consider reporting this to the maintainers of class org.openjdk.jmh.util.Utils
WARNING: sun.misc.Unsafe::objectFieldOffset will be removed in a future release
# Warmup Iteration   1: 857.531 us/op
# Warmup Iteration   2: 950.056 us/op
# Warmup Iteration   3: 928.950 us/op
# Warmup Iteration   4: 908.904 us/op
# Warmup Iteration   5: 924.243 us/op
Iteration   1: 961.701 us/op
Iteration   2: 1009.094 us/op
Iteration   3: 992.226 us/op
Iteration   4: 1012.333 us/op
Iteration   5: 953.258 us/op


Result "numj.ShortRowBench.javaSumRows":
  1065.267 ±(99.9%) 114.681 us/op [Average]
  (min, avg, max) = (953.258, 1065.267, 1251.991), stdev = 107.272
  CI (99.9%): [950.587, 1179.948] (assumes normal distribution)


# JMH version: 1.37
# VM version: JDK 25.0.4.1, OpenJDK 64-Bit Server VM, 25.0.4.1+1-LTS
# VM invoker: C:\Users\Hareram ray\AI\numJ\.tools\jdk\bin\java.exe
# VM options: --enable-native-access=ALL-UNNAMED --enable-native-access=ALL-UNNAMED -Xms2g -Xmx2g -XX:+AlwaysPreTouch
# Blackhole mode: compiler (auto-detected, use -Djmh.blackhole.autoDetect=false to disable)
# Warmup: 5 iterations, 200 ms each
# Measurement: 5 iterations, 200 ms each
# Timeout: 10 min per iteration
# Threads: 1 thread, will synchronize iterations
# Benchmark mode: Average time, time/op
# Benchmark: numj.ShortRowBench.javaSumRows
# Parameters: (k = 4)

# Run progress: 92.24% complete, ETA 00:01:14
# Fork: 1 of 3
WARNING: A terminally deprecated method in sun.misc.Unsafe has been called
WARNING: sun.misc.Unsafe::objectFieldOffset has been called by org.openjdk.jmh.util.Utils (file:/C:/Users/Hareram%20ray/AI/numJ/.tools/jmh/jmh-core-1.37.jar)
WARNING: Please consider reporting this to the maintainers of class org.openjdk.jmh.util.Utils
WARNING: sun.misc.Unsafe::objectFieldOffset will be removed in a future release
# Warmup Iteration   1: 706.408 us/op
# Warmup Iteration   2: 680.924 us/op
# Warmup Iteration   3: 663.325 us/op
# Warmup Iteration   4: 687.585 us/op
# Warmup Iteration   5: 694.308 us/op
Iteration   1: 766.025 us/op
Iteration   2: 661.917 us/op
Iteration   3: 639.908 us/op
Iteration   4: 713.723 us/op
Iteration   5: 722.559 us/op

# Run progress: 92.53% complete, ETA 00:01:12
# Fork: 2 of 3
WARNING: A terminally deprecated method in sun.misc.Unsafe has been called
WARNING: sun.misc.Unsafe::objectFieldOffset has been called by org.openjdk.jmh.util.Utils (file:/C:/Users/Hareram%20ray/AI/numJ/.tools/jmh/jmh-core-1.37.jar)
WARNING: Please consider reporting this to the maintainers of class org.openjdk.jmh.util.Utils
WARNING: sun.misc.Unsafe::objectFieldOffset will be removed in a future release
# Warmup Iteration   1: 711.812 us/op
# Warmup Iteration   2: 740.076 us/op
# Warmup Iteration   3: 852.927 us/op
# Warmup Iteration   4: 744.986 us/op
# Warmup Iteration   5: 721.195 us/op
Iteration   1: 712.804 us/op
Iteration   2: 681.960 us/op
Iteration   3: 657.472 us/op
Iteration   4: 724.603 us/op
Iteration   5: 769.924 us/op

# Run progress: 92.82% complete, ETA 00:01:09
# Fork: 3 of 3
WARNING: A terminally deprecated method in sun.misc.Unsafe has been called
WARNING: sun.misc.Unsafe::objectFieldOffset has been called by org.openjdk.jmh.util.Utils (file:/C:/Users/Hareram%20ray/AI/numJ/.tools/jmh/jmh-core-1.37.jar)
WARNING: Please consider reporting this to the maintainers of class org.openjdk.jmh.util.Utils
WARNING: sun.misc.Unsafe::objectFieldOffset will be removed in a future release
# Warmup Iteration   1: 686.897 us/op
# Warmup Iteration   2: 695.384 us/op
# Warmup Iteration   3: 688.346 us/op
# Warmup Iteration   4: 676.449 us/op
# Warmup Iteration   5: 715.737 us/op
Iteration   1: 636.772 us/op
Iteration   2: 697.563 us/op
Iteration   3: 704.360 us/op
Iteration   4: 747.312 us/op
Iteration   5: 722.263 us/op


Result "numj.ShortRowBench.javaSumRows":
  703.944 ±(99.9%) 44.662 us/op [Average]
  (min, avg, max) = (636.772, 703.944, 769.924), stdev = 41.777
  CI (99.9%): [659.282, 748.606] (assumes normal distribution)


# JMH version: 1.37
# VM version: JDK 25.0.4.1, OpenJDK 64-Bit Server VM, 25.0.4.1+1-LTS
# VM invoker: C:\Users\Hareram ray\AI\numJ\.tools\jdk\bin\java.exe
# VM options: --enable-native-access=ALL-UNNAMED --enable-native-access=ALL-UNNAMED -Xms2g -Xmx2g -XX:+AlwaysPreTouch
# Blackhole mode: compiler (auto-detected, use -Djmh.blackhole.autoDetect=false to disable)
# Warmup: 5 iterations, 200 ms each
# Measurement: 5 iterations, 200 ms each
# Timeout: 10 min per iteration
# Threads: 1 thread, will synchronize iterations
# Benchmark mode: Average time, time/op
# Benchmark: numj.ShortRowBench.javaSumRows
# Parameters: (k = 8)

# Run progress: 93.10% complete, ETA 00:01:06
# Fork: 1 of 3
WARNING: A terminally deprecated method in sun.misc.Unsafe has been called
WARNING: sun.misc.Unsafe::objectFieldOffset has been called by org.openjdk.jmh.util.Utils (file:/C:/Users/Hareram%20ray/AI/numJ/.tools/jmh/jmh-core-1.37.jar)
WARNING: Please consider reporting this to the maintainers of class org.openjdk.jmh.util.Utils
WARNING: sun.misc.Unsafe::objectFieldOffset will be removed in a future release
# Warmup Iteration   1: 554.421 us/op
# Warmup Iteration   2: 514.920 us/op
# Warmup Iteration   3: 543.226 us/op
# Warmup Iteration   4: 538.887 us/op
# Warmup Iteration   5: 548.591 us/op
Iteration   1: 556.257 us/op
Iteration   2: 549.503 us/op
Iteration   3: 532.592 us/op
Iteration   4: 544.249 us/op
Iteration   5: 511.645 us/op

# Run progress: 93.39% complete, ETA 00:01:03
# Fork: 2 of 3
WARNING: A terminally deprecated method in sun.misc.Unsafe has been called
WARNING: sun.misc.Unsafe::objectFieldOffset has been called by org.openjdk.jmh.util.Utils (file:/C:/Users/Hareram%20ray/AI/numJ/.tools/jmh/jmh-core-1.37.jar)
WARNING: Please consider reporting this to the maintainers of class org.openjdk.jmh.util.Utils
WARNING: sun.misc.Unsafe::objectFieldOffset will be removed in a future release
# Warmup Iteration   1: 592.162 us/op
# Warmup Iteration   2: 539.316 us/op
# Warmup Iteration   3: 525.437 us/op
# Warmup Iteration   4: 679.995 us/op
# Warmup Iteration   5: 583.990 us/op
Iteration   1: 483.113 us/op
Iteration   2: 539.308 us/op
Iteration   3: 525.862 us/op
Iteration   4: 547.669 us/op
Iteration   5: 517.094 us/op

# Run progress: 93.68% complete, ETA 00:01:00
# Fork: 3 of 3
WARNING: A terminally deprecated method in sun.misc.Unsafe has been called
WARNING: sun.misc.Unsafe::objectFieldOffset has been called by org.openjdk.jmh.util.Utils (file:/C:/Users/Hareram%20ray/AI/numJ/.tools/jmh/jmh-core-1.37.jar)
WARNING: Please consider reporting this to the maintainers of class org.openjdk.jmh.util.Utils
WARNING: sun.misc.Unsafe::objectFieldOffset will be removed in a future release
# Warmup Iteration   1: 532.276 us/op
# Warmup Iteration   2: 986.881 us/op
# Warmup Iteration   3: 545.243 us/op
# Warmup Iteration   4: 638.735 us/op
# Warmup Iteration   5: 562.701 us/op
Iteration   1: 541.946 us/op
Iteration   2: 540.892 us/op
Iteration   3: 551.949 us/op
Iteration   4: 553.008 us/op
Iteration   5: 543.570 us/op


Result "numj.ShortRowBench.javaSumRows":
  535.910 ±(99.9%) 20.859 us/op [Average]
  (min, avg, max) = (483.113, 535.910, 556.257), stdev = 19.512
  CI (99.9%): [515.051, 556.770] (assumes normal distribution)


# JMH version: 1.37
# VM version: JDK 25.0.4.1, OpenJDK 64-Bit Server VM, 25.0.4.1+1-LTS
# VM invoker: C:\Users\Hareram ray\AI\numJ\.tools\jdk\bin\java.exe
# VM options: --enable-native-access=ALL-UNNAMED --enable-native-access=ALL-UNNAMED -Xms2g -Xmx2g -XX:+AlwaysPreTouch
# Blackhole mode: compiler (auto-detected, use -Djmh.blackhole.autoDetect=false to disable)
# Warmup: 5 iterations, 200 ms each
# Measurement: 5 iterations, 200 ms each
# Timeout: 10 min per iteration
# Threads: 1 thread, will synchronize iterations
# Benchmark mode: Average time, time/op
# Benchmark: numj.ShortRowBench.javaSumRows
# Parameters: (k = 16)

# Run progress: 93.97% complete, ETA 00:00:58
# Fork: 1 of 3
WARNING: A terminally deprecated method in sun.misc.Unsafe has been called
WARNING: sun.misc.Unsafe::objectFieldOffset has been called by org.openjdk.jmh.util.Utils (file:/C:/Users/Hareram%20ray/AI/numJ/.tools/jmh/jmh-core-1.37.jar)
WARNING: Please consider reporting this to the maintainers of class org.openjdk.jmh.util.Utils
WARNING: sun.misc.Unsafe::objectFieldOffset will be removed in a future release
# Warmup Iteration   1: 407.116 us/op
# Warmup Iteration   2: 369.096 us/op
# Warmup Iteration   3: 407.262 us/op
# Warmup Iteration   4: 420.844 us/op
# Warmup Iteration   5: 439.657 us/op
Iteration   1: 413.347 us/op
Iteration   2: 410.204 us/op
Iteration   3: 425.740 us/op
Iteration   4: 391.369 us/op
Iteration   5: 378.141 us/op

# Run progress: 94.25% complete, ETA 00:00:55
# Fork: 2 of 3
WARNING: A terminally deprecated method in sun.misc.Unsafe has been called
WARNING: sun.misc.Unsafe::objectFieldOffset has been called by org.openjdk.jmh.util.Utils (file:/C:/Users/Hareram%20ray/AI/numJ/.tools/jmh/jmh-core-1.37.jar)
WARNING: Please consider reporting this to the maintainers of class org.openjdk.jmh.util.Utils
WARNING: sun.misc.Unsafe::objectFieldOffset will be removed in a future release
# Warmup Iteration   1: 450.933 us/op
# Warmup Iteration   2: 451.939 us/op
# Warmup Iteration   3: 473.186 us/op
# Warmup Iteration   4: 426.060 us/op
# Warmup Iteration   5: 416.291 us/op
Iteration   1: 436.852 us/op
Iteration   2: 436.832 us/op
Iteration   3: 424.468 us/op
Iteration   4: 430.009 us/op
Iteration   5: 431.941 us/op

# Run progress: 94.54% complete, ETA 00:00:52
# Fork: 3 of 3
WARNING: A terminally deprecated method in sun.misc.Unsafe has been called
WARNING: sun.misc.Unsafe::objectFieldOffset has been called by org.openjdk.jmh.util.Utils (file:/C:/Users/Hareram%20ray/AI/numJ/.tools/jmh/jmh-core-1.37.jar)
WARNING: Please consider reporting this to the maintainers of class org.openjdk.jmh.util.Utils
WARNING: sun.misc.Unsafe::objectFieldOffset will be removed in a future release
# Warmup Iteration   1: 417.047 us/op
# Warmup Iteration   2: 434.251 us/op
# Warmup Iteration   3: 445.740 us/op
# Warmup Iteration   4: 433.255 us/op
# Warmup Iteration   5: 448.528 us/op
Iteration   1: 402.107 us/op
Iteration   2: 438.199 us/op
Iteration   3: 434.184 us/op
Iteration   4: 394.453 us/op
Iteration   5: 425.163 us/op


Result "numj.ShortRowBench.javaSumRows":
  418.201 ±(99.9%) 20.321 us/op [Average]
  (min, avg, max) = (378.141, 418.201, 438.199), stdev = 19.008
  CI (99.9%): [397.880, 438.522] (assumes normal distribution)


# JMH version: 1.37
# VM version: JDK 25.0.4.1, OpenJDK 64-Bit Server VM, 25.0.4.1+1-LTS
# VM invoker: C:\Users\Hareram ray\AI\numJ\.tools\jdk\bin\java.exe
# VM options: --enable-native-access=ALL-UNNAMED --enable-native-access=ALL-UNNAMED -Xms2g -Xmx2g -XX:+AlwaysPreTouch
# Blackhole mode: compiler (auto-detected, use -Djmh.blackhole.autoDetect=false to disable)
# Warmup: 5 iterations, 200 ms each
# Measurement: 5 iterations, 200 ms each
# Timeout: 10 min per iteration
# Threads: 1 thread, will synchronize iterations
# Benchmark mode: Average time, time/op
# Benchmark: numj.ShortRowBench.javaSumRows
# Parameters: (k = 64)

# Run progress: 94.83% complete, ETA 00:00:49
# Fork: 1 of 3
WARNING: A terminally deprecated method in sun.misc.Unsafe has been called
WARNING: sun.misc.Unsafe::objectFieldOffset has been called by org.openjdk.jmh.util.Utils (file:/C:/Users/Hareram%20ray/AI/numJ/.tools/jmh/jmh-core-1.37.jar)
WARNING: Please consider reporting this to the maintainers of class org.openjdk.jmh.util.Utils
WARNING: sun.misc.Unsafe::objectFieldOffset will be removed in a future release
# Warmup Iteration   1: 371.862 us/op
# Warmup Iteration   2: 365.612 us/op
# Warmup Iteration   3: 352.375 us/op
# Warmup Iteration   4: 363.354 us/op
# Warmup Iteration   5: 340.188 us/op
Iteration   1: 349.423 us/op
Iteration   2: 357.529 us/op
Iteration   3: 348.063 us/op
Iteration   4: 343.009 us/op
Iteration   5: 349.253 us/op

# Run progress: 95.11% complete, ETA 00:00:47
# Fork: 2 of 3
WARNING: A terminally deprecated method in sun.misc.Unsafe has been called
WARNING: sun.misc.Unsafe::objectFieldOffset has been called by org.openjdk.jmh.util.Utils (file:/C:/Users/Hareram%20ray/AI/numJ/.tools/jmh/jmh-core-1.37.jar)
WARNING: Please consider reporting this to the maintainers of class org.openjdk.jmh.util.Utils
WARNING: sun.misc.Unsafe::objectFieldOffset will be removed in a future release
# Warmup Iteration   1: 345.321 us/op
# Warmup Iteration   2: 365.360 us/op
# Warmup Iteration   3: 309.464 us/op
# Warmup Iteration   4: 315.885 us/op
# Warmup Iteration   5: 342.154 us/op
Iteration   1: 354.304 us/op
Iteration   2: 346.693 us/op
Iteration   3: 335.832 us/op
Iteration   4: 327.962 us/op
Iteration   5: 347.870 us/op

# Run progress: 95.40% complete, ETA 00:00:44
# Fork: 3 of 3
WARNING: A terminally deprecated method in sun.misc.Unsafe has been called
WARNING: sun.misc.Unsafe::objectFieldOffset has been called by org.openjdk.jmh.util.Utils (file:/C:/Users/Hareram%20ray/AI/numJ/.tools/jmh/jmh-core-1.37.jar)
WARNING: Please consider reporting this to the maintainers of class org.openjdk.jmh.util.Utils
WARNING: sun.misc.Unsafe::objectFieldOffset will be removed in a future release
# Warmup Iteration   1: 330.694 us/op
# Warmup Iteration   2: 339.891 us/op
# Warmup Iteration   3: 328.652 us/op
# Warmup Iteration   4: 333.076 us/op
# Warmup Iteration   5: 319.050 us/op
Iteration   1: 325.151 us/op
Iteration   2: 330.477 us/op
Iteration   3: 314.698 us/op
Iteration   4: 311.553 us/op
Iteration   5: 309.505 us/op


Result "numj.ShortRowBench.javaSumRows":
  336.755 ±(99.9%) 17.052 us/op [Average]
  (min, avg, max) = (309.505, 336.755, 357.529), stdev = 15.951
  CI (99.9%): [319.703, 353.807] (assumes normal distribution)


# JMH version: 1.37
# VM version: JDK 25.0.4.1, OpenJDK 64-Bit Server VM, 25.0.4.1+1-LTS
# VM invoker: C:\Users\Hareram ray\AI\numJ\.tools\jdk\bin\java.exe
# VM options: --enable-native-access=ALL-UNNAMED --enable-native-access=ALL-UNNAMED -Xms2g -Xmx2g -XX:+AlwaysPreTouch
# Blackhole mode: compiler (auto-detected, use -Djmh.blackhole.autoDetect=false to disable)
# Warmup: 5 iterations, 200 ms each
# Measurement: 5 iterations, 200 ms each
# Timeout: 10 min per iteration
# Threads: 1 thread, will synchronize iterations
# Benchmark mode: Average time, time/op
# Benchmark: numj.ShortRowBench.sumRows
# Parameters: (k = 2)

# Run progress: 95.69% complete, ETA 00:00:41
# Fork: 1 of 3
WARNING: A terminally deprecated method in sun.misc.Unsafe has been called
WARNING: sun.misc.Unsafe::objectFieldOffset has been called by org.openjdk.jmh.util.Utils (file:/C:/Users/Hareram%20ray/AI/numJ/.tools/jmh/jmh-core-1.37.jar)
WARNING: Please consider reporting this to the maintainers of class org.openjdk.jmh.util.Utils
WARNING: sun.misc.Unsafe::objectFieldOffset will be removed in a future release
# Warmup Iteration   1: 12106.482 us/op
# Warmup Iteration   2: 7109.759 us/op
# Warmup Iteration   3: 7167.761 us/op
# Warmup Iteration   4: 7238.021 us/op
# Warmup Iteration   5: 7345.804 us/op
Iteration   1: 7203.750 us/op
Iteration   2: 7268.761 us/op
Iteration   3: 7547.459 us/op
Iteration   4: 7933.642 us/op
Iteration   5: 7957.050 us/op

# Run progress: 95.98% complete, ETA 00:00:38
# Fork: 2 of 3
WARNING: A terminally deprecated method in sun.misc.Unsafe has been called
WARNING: sun.misc.Unsafe::objectFieldOffset has been called by org.openjdk.jmh.util.Utils (file:/C:/Users/Hareram%20ray/AI/numJ/.tools/jmh/jmh-core-1.37.jar)
WARNING: Please consider reporting this to the maintainers of class org.openjdk.jmh.util.Utils
WARNING: sun.misc.Unsafe::objectFieldOffset will be removed in a future release
# Warmup Iteration   1: 12989.713 us/op
# Warmup Iteration   2: 8055.136 us/op
# Warmup Iteration   3: 7889.865 us/op
# Warmup Iteration   4: 7833.150 us/op
# Warmup Iteration   5: 8010.792 us/op
Iteration   1: 8073.219 us/op
Iteration   2: 8134.888 us/op
Iteration   3: 8150.484 us/op
Iteration   4: 7607.300 us/op
Iteration   5: 7297.432 us/op

# Run progress: 96.26% complete, ETA 00:00:35
# Fork: 3 of 3
WARNING: A terminally deprecated method in sun.misc.Unsafe has been called
WARNING: sun.misc.Unsafe::objectFieldOffset has been called by org.openjdk.jmh.util.Utils (file:/C:/Users/Hareram%20ray/AI/numJ/.tools/jmh/jmh-core-1.37.jar)
WARNING: Please consider reporting this to the maintainers of class org.openjdk.jmh.util.Utils
WARNING: sun.misc.Unsafe::objectFieldOffset will be removed in a future release
# Warmup Iteration   1: 11378.361 us/op
# Warmup Iteration   2: 7413.718 us/op
# Warmup Iteration   3: 7420.748 us/op
# Warmup Iteration   4: 7277.500 us/op
# Warmup Iteration   5: 7372.129 us/op
Iteration   1: 7327.575 us/op
Iteration   2: 7568.304 us/op
Iteration   3: 8797.388 us/op
Iteration   4: 16008.562 us/op
Iteration   5: 15824.369 us/op


Result "numj.ShortRowBench.sumRows":
  8846.679 ±(99.9%) 3103.078 us/op [Average]
  (min, avg, max) = (7203.750, 8846.679, 16008.562), stdev = 2902.622
  CI (99.9%): [5743.600, 11949.757] (assumes normal distribution)


# JMH version: 1.37
# VM version: JDK 25.0.4.1, OpenJDK 64-Bit Server VM, 25.0.4.1+1-LTS
# VM invoker: C:\Users\Hareram ray\AI\numJ\.tools\jdk\bin\java.exe
# VM options: --enable-native-access=ALL-UNNAMED --enable-native-access=ALL-UNNAMED -Xms2g -Xmx2g -XX:+AlwaysPreTouch
# Blackhole mode: compiler (auto-detected, use -Djmh.blackhole.autoDetect=false to disable)
# Warmup: 5 iterations, 200 ms each
# Measurement: 5 iterations, 200 ms each
# Timeout: 10 min per iteration
# Threads: 1 thread, will synchronize iterations
# Benchmark mode: Average time, time/op
# Benchmark: numj.ShortRowBench.sumRows
# Parameters: (k = 4)

# Run progress: 96.55% complete, ETA 00:00:33
# Fork: 1 of 3
WARNING: A terminally deprecated method in sun.misc.Unsafe has been called
WARNING: sun.misc.Unsafe::objectFieldOffset has been called by org.openjdk.jmh.util.Utils (file:/C:/Users/Hareram%20ray/AI/numJ/.tools/jmh/jmh-core-1.37.jar)
WARNING: Please consider reporting this to the maintainers of class org.openjdk.jmh.util.Utils
WARNING: sun.misc.Unsafe::objectFieldOffset will be removed in a future release
# Warmup Iteration   1: 3310.151 us/op
# Warmup Iteration   2: 2048.894 us/op
# Warmup Iteration   3: 1892.268 us/op
# Warmup Iteration   4: 1870.180 us/op
# Warmup Iteration   5: 1840.722 us/op
Iteration   1: 1662.857 us/op
Iteration   2: 1907.039 us/op
Iteration   3: 1861.931 us/op
Iteration   4: 1818.343 us/op
Iteration   5: 1816.110 us/op

# Run progress: 96.84% complete, ETA 00:00:30
# Fork: 2 of 3
WARNING: A terminally deprecated method in sun.misc.Unsafe has been called
WARNING: sun.misc.Unsafe::objectFieldOffset has been called by org.openjdk.jmh.util.Utils (file:/C:/Users/Hareram%20ray/AI/numJ/.tools/jmh/jmh-core-1.37.jar)
WARNING: Please consider reporting this to the maintainers of class org.openjdk.jmh.util.Utils
WARNING: sun.misc.Unsafe::objectFieldOffset will be removed in a future release
# Warmup Iteration   1: 3058.755 us/op
# Warmup Iteration   2: 1900.554 us/op
# Warmup Iteration   3: 1915.016 us/op
# Warmup Iteration   4: 1799.351 us/op
# Warmup Iteration   5: 1844.573 us/op
Iteration   1: 1876.561 us/op
Iteration   2: 1909.751 us/op
Iteration   3: 1859.120 us/op
Iteration   4: 1981.996 us/op
Iteration   5: 1815.929 us/op

# Run progress: 97.13% complete, ETA 00:00:27
# Fork: 3 of 3
WARNING: A terminally deprecated method in sun.misc.Unsafe has been called
WARNING: sun.misc.Unsafe::objectFieldOffset has been called by org.openjdk.jmh.util.Utils (file:/C:/Users/Hareram%20ray/AI/numJ/.tools/jmh/jmh-core-1.37.jar)
WARNING: Please consider reporting this to the maintainers of class org.openjdk.jmh.util.Utils
WARNING: sun.misc.Unsafe::objectFieldOffset will be removed in a future release
# Warmup Iteration   1: 2988.025 us/op
# Warmup Iteration   2: 1836.775 us/op
# Warmup Iteration   3: 1879.640 us/op
# Warmup Iteration   4: 1945.427 us/op
# Warmup Iteration   5: 2095.395 us/op
Iteration   1: 1968.896 us/op
Iteration   2: 1994.779 us/op
Iteration   3: 2275.848 us/op
Iteration   4: 2092.258 us/op
Iteration   5: 2263.069 us/op


Result "numj.ShortRowBench.sumRows":
  1940.299 ±(99.9%) 177.735 us/op [Average]
  (min, avg, max) = (1662.857, 1940.299, 2275.848), stdev = 166.253
  CI (99.9%): [1762.565, 2118.034] (assumes normal distribution)


# JMH version: 1.37
# VM version: JDK 25.0.4.1, OpenJDK 64-Bit Server VM, 25.0.4.1+1-LTS
# VM invoker: C:\Users\Hareram ray\AI\numJ\.tools\jdk\bin\java.exe
# VM options: --enable-native-access=ALL-UNNAMED --enable-native-access=ALL-UNNAMED -Xms2g -Xmx2g -XX:+AlwaysPreTouch
# Blackhole mode: compiler (auto-detected, use -Djmh.blackhole.autoDetect=false to disable)
# Warmup: 5 iterations, 200 ms each
# Measurement: 5 iterations, 200 ms each
# Timeout: 10 min per iteration
# Threads: 1 thread, will synchronize iterations
# Benchmark mode: Average time, time/op
# Benchmark: numj.ShortRowBench.sumRows
# Parameters: (k = 8)

# Run progress: 97.41% complete, ETA 00:00:24
# Fork: 1 of 3
WARNING: A terminally deprecated method in sun.misc.Unsafe has been called
WARNING: sun.misc.Unsafe::objectFieldOffset has been called by org.openjdk.jmh.util.Utils (file:/C:/Users/Hareram%20ray/AI/numJ/.tools/jmh/jmh-core-1.37.jar)
WARNING: Please consider reporting this to the maintainers of class org.openjdk.jmh.util.Utils
WARNING: sun.misc.Unsafe::objectFieldOffset will be removed in a future release
# Warmup Iteration   1: 1925.091 us/op
# Warmup Iteration   2: 1093.752 us/op
# Warmup Iteration   3: 1057.406 us/op
# Warmup Iteration   4: 984.857 us/op
# Warmup Iteration   5: 996.128 us/op
Iteration   1: 1057.263 us/op
Iteration   2: 1045.162 us/op
Iteration   3: 985.938 us/op
Iteration   4: 980.934 us/op
Iteration   5: 1029.541 us/op

# Run progress: 97.70% complete, ETA 00:00:22
# Fork: 2 of 3
WARNING: A terminally deprecated method in sun.misc.Unsafe has been called
WARNING: sun.misc.Unsafe::objectFieldOffset has been called by org.openjdk.jmh.util.Utils (file:/C:/Users/Hareram%20ray/AI/numJ/.tools/jmh/jmh-core-1.37.jar)
WARNING: Please consider reporting this to the maintainers of class org.openjdk.jmh.util.Utils
WARNING: sun.misc.Unsafe::objectFieldOffset will be removed in a future release
# Warmup Iteration   1: 2063.807 us/op
# Warmup Iteration   2: 1117.093 us/op
# Warmup Iteration   3: 1085.284 us/op
# Warmup Iteration   4: 968.340 us/op
# Warmup Iteration   5: 1202.235 us/op
Iteration   1: 1028.689 us/op
Iteration   2: 1072.497 us/op
Iteration   3: 992.062 us/op
Iteration   4: 1010.525 us/op
Iteration   5: 1075.227 us/op

# Run progress: 97.99% complete, ETA 00:00:19
# Fork: 3 of 3
WARNING: A terminally deprecated method in sun.misc.Unsafe has been called
WARNING: sun.misc.Unsafe::objectFieldOffset has been called by org.openjdk.jmh.util.Utils (file:/C:/Users/Hareram%20ray/AI/numJ/.tools/jmh/jmh-core-1.37.jar)
WARNING: Please consider reporting this to the maintainers of class org.openjdk.jmh.util.Utils
WARNING: sun.misc.Unsafe::objectFieldOffset will be removed in a future release
# Warmup Iteration   1: 1849.203 us/op
# Warmup Iteration   2: 1694.445 us/op
# Warmup Iteration   3: 1853.241 us/op
# Warmup Iteration   4: 1108.395 us/op
# Warmup Iteration   5: 1168.655 us/op
Iteration   1: 1233.327 us/op
Iteration   2: 1214.976 us/op
Iteration   3: 1133.496 us/op
Iteration   4: 1201.174 us/op
Iteration   5: 1133.542 us/op


Result "numj.ShortRowBench.sumRows":
  1079.623 ±(99.9%) 90.509 us/op [Average]
  (min, avg, max) = (980.934, 1079.623, 1233.327), stdev = 84.662
  CI (99.9%): [989.114, 1170.133] (assumes normal distribution)


# JMH version: 1.37
# VM version: JDK 25.0.4.1, OpenJDK 64-Bit Server VM, 25.0.4.1+1-LTS
# VM invoker: C:\Users\Hareram ray\AI\numJ\.tools\jdk\bin\java.exe
# VM options: --enable-native-access=ALL-UNNAMED --enable-native-access=ALL-UNNAMED -Xms2g -Xmx2g -XX:+AlwaysPreTouch
# Blackhole mode: compiler (auto-detected, use -Djmh.blackhole.autoDetect=false to disable)
# Warmup: 5 iterations, 200 ms each
# Measurement: 5 iterations, 200 ms each
# Timeout: 10 min per iteration
# Threads: 1 thread, will synchronize iterations
# Benchmark mode: Average time, time/op
# Benchmark: numj.ShortRowBench.sumRows
# Parameters: (k = 16)

# Run progress: 98.28% complete, ETA 00:00:16
# Fork: 1 of 3
WARNING: A terminally deprecated method in sun.misc.Unsafe has been called
WARNING: sun.misc.Unsafe::objectFieldOffset has been called by org.openjdk.jmh.util.Utils (file:/C:/Users/Hareram%20ray/AI/numJ/.tools/jmh/jmh-core-1.37.jar)
WARNING: Please consider reporting this to the maintainers of class org.openjdk.jmh.util.Utils
WARNING: sun.misc.Unsafe::objectFieldOffset will be removed in a future release
# Warmup Iteration   1: 1036.539 us/op
# Warmup Iteration   2: 515.003 us/op
# Warmup Iteration   3: 560.135 us/op
# Warmup Iteration   4: 571.540 us/op
# Warmup Iteration   5: 558.934 us/op
Iteration   1: 544.724 us/op
Iteration   2: 544.451 us/op
Iteration   3: 559.318 us/op
Iteration   4: 579.180 us/op
Iteration   5: 587.931 us/op

# Run progress: 98.56% complete, ETA 00:00:13
# Fork: 2 of 3
WARNING: A terminally deprecated method in sun.misc.Unsafe has been called
WARNING: sun.misc.Unsafe::objectFieldOffset has been called by org.openjdk.jmh.util.Utils (file:/C:/Users/Hareram%20ray/AI/numJ/.tools/jmh/jmh-core-1.37.jar)
WARNING: Please consider reporting this to the maintainers of class org.openjdk.jmh.util.Utils
WARNING: sun.misc.Unsafe::objectFieldOffset will be removed in a future release
# Warmup Iteration   1: 1116.677 us/op
# Warmup Iteration   2: 539.507 us/op
# Warmup Iteration   3: 601.099 us/op
# Warmup Iteration   4: 581.475 us/op
# Warmup Iteration   5: 587.670 us/op
Iteration   1: 566.326 us/op
Iteration   2: 634.209 us/op
Iteration   3: 525.679 us/op
Iteration   4: 551.102 us/op
Iteration   5: 608.543 us/op

# Run progress: 98.85% complete, ETA 00:00:11
# Fork: 3 of 3
WARNING: A terminally deprecated method in sun.misc.Unsafe has been called
WARNING: sun.misc.Unsafe::objectFieldOffset has been called by org.openjdk.jmh.util.Utils (file:/C:/Users/Hareram%20ray/AI/numJ/.tools/jmh/jmh-core-1.37.jar)
WARNING: Please consider reporting this to the maintainers of class org.openjdk.jmh.util.Utils
WARNING: sun.misc.Unsafe::objectFieldOffset will be removed in a future release
# Warmup Iteration   1: 2856.062 us/op
# Warmup Iteration   2: 1749.840 us/op
# Warmup Iteration   3: 621.219 us/op
# Warmup Iteration   4: 519.860 us/op
# Warmup Iteration   5: 499.360 us/op
Iteration   1: 492.046 us/op
Iteration   2: 564.877 us/op
Iteration   3: 536.065 us/op
Iteration   4: 492.539 us/op
Iteration   5: 497.431 us/op


Result "numj.ShortRowBench.sumRows":
  552.295 ±(99.9%) 43.869 us/op [Average]
  (min, avg, max) = (492.046, 552.295, 634.209), stdev = 41.035
  CI (99.9%): [508.426, 596.163] (assumes normal distribution)


# JMH version: 1.37
# VM version: JDK 25.0.4.1, OpenJDK 64-Bit Server VM, 25.0.4.1+1-LTS
# VM invoker: C:\Users\Hareram ray\AI\numJ\.tools\jdk\bin\java.exe
# VM options: --enable-native-access=ALL-UNNAMED --enable-native-access=ALL-UNNAMED -Xms2g -Xmx2g -XX:+AlwaysPreTouch
# Blackhole mode: compiler (auto-detected, use -Djmh.blackhole.autoDetect=false to disable)
# Warmup: 5 iterations, 200 ms each
# Measurement: 5 iterations, 200 ms each
# Timeout: 10 min per iteration
# Threads: 1 thread, will synchronize iterations
# Benchmark mode: Average time, time/op
# Benchmark: numj.ShortRowBench.sumRows
# Parameters: (k = 64)

# Run progress: 99.14% complete, ETA 00:00:08
# Fork: 1 of 3
WARNING: A terminally deprecated method in sun.misc.Unsafe has been called
WARNING: sun.misc.Unsafe::objectFieldOffset has been called by org.openjdk.jmh.util.Utils (file:/C:/Users/Hareram%20ray/AI/numJ/.tools/jmh/jmh-core-1.37.jar)
WARNING: Please consider reporting this to the maintainers of class org.openjdk.jmh.util.Utils
WARNING: sun.misc.Unsafe::objectFieldOffset will be removed in a future release
# Warmup Iteration   1: 612.513 us/op
# Warmup Iteration   2: 290.476 us/op
# Warmup Iteration   3: 266.429 us/op
# Warmup Iteration   4: 290.934 us/op
# Warmup Iteration   5: 306.225 us/op
Iteration   1: 298.500 us/op
Iteration   2: 271.231 us/op
Iteration   3: 274.751 us/op
Iteration   4: 335.727 us/op
Iteration   5: 280.686 us/op

# Run progress: 99.43% complete, ETA 00:00:05
# Fork: 2 of 3
WARNING: A terminally deprecated method in sun.misc.Unsafe has been called
WARNING: sun.misc.Unsafe::objectFieldOffset has been called by org.openjdk.jmh.util.Utils (file:/C:/Users/Hareram%20ray/AI/numJ/.tools/jmh/jmh-core-1.37.jar)
WARNING: Please consider reporting this to the maintainers of class org.openjdk.jmh.util.Utils
WARNING: sun.misc.Unsafe::objectFieldOffset will be removed in a future release
# Warmup Iteration   1: 545.382 us/op
# Warmup Iteration   2: 266.404 us/op
# Warmup Iteration   3: 277.931 us/op
# Warmup Iteration   4: 291.746 us/op
# Warmup Iteration   5: 270.834 us/op
Iteration   1: 300.021 us/op
Iteration   2: 278.074 us/op
Iteration   3: 286.352 us/op
Iteration   4: 276.300 us/op
Iteration   5: 278.171 us/op

# Run progress: 99.71% complete, ETA 00:00:02
# Fork: 3 of 3
WARNING: A terminally deprecated method in sun.misc.Unsafe has been called
WARNING: sun.misc.Unsafe::objectFieldOffset has been called by org.openjdk.jmh.util.Utils (file:/C:/Users/Hareram%20ray/AI/numJ/.tools/jmh/jmh-core-1.37.jar)
WARNING: Please consider reporting this to the maintainers of class org.openjdk.jmh.util.Utils
WARNING: sun.misc.Unsafe::objectFieldOffset will be removed in a future release
# Warmup Iteration   1: 562.538 us/op
# Warmup Iteration   2: 257.049 us/op
# Warmup Iteration   3: 337.263 us/op
# Warmup Iteration   4: 306.466 us/op
# Warmup Iteration   5: 268.194 us/op
Iteration   1: 252.378 us/op
Iteration   2: 267.916 us/op
Iteration   3: 279.454 us/op
Iteration   4: 273.553 us/op
Iteration   5: 267.237 us/op


Result "numj.ShortRowBench.sumRows":
  281.357 ±(99.9%) 20.406 us/op [Average]
  (min, avg, max) = (252.378, 281.357, 335.727), stdev = 19.088
  CI (99.9%): [260.951, 301.763] (assumes normal distribution)


# Run complete. Total time: 00:15:59

REMEMBER: The numbers below are just data. To gain reusable insights, you need to follow up on
why the numbers are the way they are. Use profilers (see -prof, -lprof), design factorial
experiments, perform baseline and negative tests that provide experimental control, make sure
the benchmarking environment is safe on JVM/OS/HW level, ask for reviews from the domain experts.
Do not assume the numbers tell you what you want them to tell.

NOTE: Current JVM experimentally supports Compiler Blackholes, and they are in use. Please exercise
extra caution when trusting the results, look into the generated code to check the benchmark still
works, and factor in a small probability of new VM bugs. Additionally, while comparisons between
different JVMs are already problematic, the performance difference caused by different Blackhole
modes can be very significant. Please make sure you use the consistent Blackhole mode for comparisons.

Benchmark                   (k)  (kind)    (layout)       (n)  Mode  Cnt          Score          Error  Units
ElementwiseBench.java       N/A     N/A      contig        16  avgt   15          6.641 ±        0.315  ns/op
ElementwiseBench.java       N/A     N/A      contig      1000  avgt   15         69.732 ±        5.222  ns/op
ElementwiseBench.java       N/A     N/A      contig    100000  avgt   15      39299.638 ±     2298.506  ns/op
ElementwiseBench.java       N/A     N/A      contig  10000000  avgt   15   18723518.758 ±  1488650.760  ns/op
ElementwiseBench.java       N/A     N/A  transposed        16  avgt   15         19.905 ±        0.357  ns/op
ElementwiseBench.java       N/A     N/A  transposed      1000  avgt   15        758.464 ±        8.893  ns/op
ElementwiseBench.java       N/A     N/A  transposed    100000  avgt   15      95809.861 ±     2051.711  ns/op
ElementwiseBench.java       N/A     N/A  transposed  10000000  avgt   15   96473502.222 ±  6790054.588  ns/op
ElementwiseBench.java       N/A     N/A     stepped        16  avgt   15          7.832 ±        0.101  ns/op
ElementwiseBench.java       N/A     N/A     stepped      1000  avgt   15        240.243 ±        2.453  ns/op
ElementwiseBench.java       N/A     N/A     stepped    100000  avgt   15      65302.750 ±     2921.568  ns/op
ElementwiseBench.java       N/A     N/A     stepped  10000000  avgt   15   26398805.000 ±   457286.093  ns/op
ElementwiseBench.java       N/A     N/A       bcast        16  avgt   15         11.860 ±        0.834  ns/op
ElementwiseBench.java       N/A     N/A       bcast      1000  avgt   15        329.141 ±        7.065  ns/op
ElementwiseBench.java       N/A     N/A       bcast    100000  avgt   15      29823.887 ±      482.092  ns/op
ElementwiseBench.java       N/A     N/A       bcast  10000000  avgt   15   14130319.460 ±   487382.394  ns/op
ElementwiseBench.numj       N/A     N/A      contig        16  avgt   15         17.639 ±        0.219  ns/op
ElementwiseBench.numj       N/A     N/A      contig      1000  avgt   15        101.738 ±        1.461  ns/op
ElementwiseBench.numj       N/A     N/A      contig    100000  avgt   15      39746.626 ±     1148.658  ns/op
ElementwiseBench.numj       N/A     N/A      contig  10000000  avgt   15   20526871.222 ±  2484828.500  ns/op
ElementwiseBench.numj       N/A     N/A  transposed        16  avgt   15        202.477 ±        6.120  ns/op
ElementwiseBench.numj       N/A     N/A  transposed      1000  avgt   15        684.121 ±       10.186  ns/op
ElementwiseBench.numj       N/A     N/A  transposed    100000  avgt   15      68845.361 ±     6520.029  ns/op
ElementwiseBench.numj       N/A     N/A  transposed  10000000  avgt   15  124220883.333 ±  4586276.933  ns/op
ElementwiseBench.numj       N/A     N/A     stepped        16  avgt   15        139.850 ±        2.549  ns/op
ElementwiseBench.numj       N/A     N/A     stepped      1000  avgt   15        542.639 ±       16.409  ns/op
ElementwiseBench.numj       N/A     N/A     stepped    100000  avgt   15      68030.559 ±     3953.887  ns/op
ElementwiseBench.numj       N/A     N/A     stepped  10000000  avgt   15   30108323.881 ±  7260438.560  ns/op
ElementwiseBench.numj       N/A     N/A       bcast        16  avgt   15        207.990 ±        5.263  ns/op
ElementwiseBench.numj       N/A     N/A       bcast      1000  avgt   15        462.385 ±       21.192  ns/op
ElementwiseBench.numj       N/A     N/A       bcast    100000  avgt   15      39089.031 ±    25793.559  ns/op
ElementwiseBench.numj       N/A     N/A       bcast  10000000  avgt   15   26569292.067 ± 12793898.295  ns/op
ElementwiseBench.numjAlloc  N/A     N/A      contig        16  avgt   15        163.080 ±       41.538  ns/op
ElementwiseBench.numjAlloc  N/A     N/A      contig      1000  avgt   15        247.721 ±       71.816  ns/op
ElementwiseBench.numjAlloc  N/A     N/A      contig    100000  avgt   15      60297.544 ±    51478.569  ns/op
ElementwiseBench.numjAlloc  N/A     N/A      contig  10000000  avgt   15   47362049.444 ± 10637428.719  ns/op
ElementwiseBench.numjAlloc  N/A     N/A  transposed        16  avgt   15        383.096 ±       73.630  ns/op
ElementwiseBench.numjAlloc  N/A     N/A  transposed      1000  avgt   15        948.297 ±      134.097  ns/op
ElementwiseBench.numjAlloc  N/A     N/A  transposed    100000  avgt   15      68742.653 ±     8366.414  ns/op
ElementwiseBench.numjAlloc  N/A     N/A  transposed  10000000  avgt   15  153857090.000 ± 15673950.501  ns/op
ElementwiseBench.numjAlloc  N/A     N/A     stepped        16  avgt   15        242.018 ±        4.871  ns/op
ElementwiseBench.numjAlloc  N/A     N/A     stepped      1000  avgt   15        661.345 ±       17.058  ns/op
ElementwiseBench.numjAlloc  N/A     N/A     stepped    100000  avgt   15      63545.143 ±     2139.237  ns/op
ElementwiseBench.numjAlloc  N/A     N/A     stepped  10000000  avgt   15   43498917.333 ±  2066187.735  ns/op
ElementwiseBench.numjAlloc  N/A     N/A       bcast        16  avgt   15        320.188 ±        5.428  ns/op
ElementwiseBench.numjAlloc  N/A     N/A       bcast      1000  avgt   15        543.436 ±        7.547  ns/op
ElementwiseBench.numjAlloc  N/A     N/A       bcast    100000  avgt   15      25463.990 ±     1277.826  ns/op
ElementwiseBench.numjAlloc  N/A     N/A       bcast  10000000  avgt   15   27337603.571 ±  1091255.436  ns/op
FusedBench.fused            N/A     N/A      contig      1000  avgt   15        112.990 ±        1.478  ns/op
FusedBench.fused            N/A     N/A      contig    100000  avgt   15      30018.333 ±     1081.959  ns/op
FusedBench.fused            N/A     N/A      contig  10000000  avgt   15   13335480.664 ±   679004.516  ns/op
FusedBench.fused            N/A     N/A  transposed      1000  avgt   15       1251.641 ±       22.778  ns/op
FusedBench.fused            N/A     N/A  transposed    100000  avgt   15     149445.449 ±     3281.357  ns/op
FusedBench.fused            N/A     N/A  transposed  10000000  avgt   15  223609913.333 ± 32153093.463  ns/op
FusedBench.java             N/A     N/A      contig      1000  avgt   15        436.656 ±        4.478  ns/op
FusedBench.java             N/A     N/A      contig    100000  avgt   15      48048.143 ±     2167.431  ns/op
FusedBench.java             N/A     N/A      contig  10000000  avgt   15   14604133.480 ±  2198784.764  ns/op
FusedBench.java             N/A     N/A  transposed      1000  avgt   15        437.809 ±        5.695  ns/op
FusedBench.java             N/A     N/A  transposed    100000  avgt   15      47740.176 ±     1360.632  ns/op
FusedBench.java             N/A     N/A  transposed  10000000  avgt   15   13954111.397 ±   642376.083  ns/op
FusedBench.unfusedAlloc     N/A     N/A      contig      1000  avgt   15        708.712 ±       13.698  ns/op
FusedBench.unfusedAlloc     N/A     N/A      contig    100000  avgt   15     112588.256 ±     4782.772  ns/op
FusedBench.unfusedAlloc     N/A     N/A      contig  10000000  avgt   15   83907328.889 ±  1804208.168  ns/op
FusedBench.unfusedAlloc     N/A     N/A  transposed      1000  avgt   15       2144.825 ±       72.029  ns/op
FusedBench.unfusedAlloc     N/A     N/A  transposed    100000  avgt   15     226089.700 ±     6898.831  ns/op
FusedBench.unfusedAlloc     N/A     N/A  transposed  10000000  avgt   15  272633513.333 ± 16432050.639  ns/op
FusedBench.unfusedReuse     N/A     N/A      contig      1000  avgt   15        316.509 ±        6.223  ns/op
FusedBench.unfusedReuse     N/A     N/A      contig    100000  avgt   15      92615.519 ±    18493.129  ns/op
FusedBench.unfusedReuse     N/A     N/A      contig  10000000  avgt   15   55916261.889 ±  9659272.311  ns/op
FusedBench.unfusedReuse     N/A     N/A  transposed      1000  avgt   15       1822.784 ±      182.582  ns/op
FusedBench.unfusedReuse     N/A     N/A  transposed    100000  avgt   15     183194.290 ±    32301.740  ns/op
FusedBench.unfusedReuse     N/A     N/A  transposed  10000000  avgt   15  288966020.000 ± 61542625.992  ns/op
ReduceBench.java            N/A     all         N/A      1000  avgt   15        432.789 ±       13.511  ns/op
ReduceBench.java            N/A     all         N/A    100000  avgt   15      52095.462 ±     5044.184  ns/op
ReduceBench.java            N/A     all         N/A  10000000  avgt   15    8550194.213 ±  1972640.469  ns/op
ReduceBench.java            N/A   axis0         N/A      1000  avgt   15        353.454 ±       15.348  ns/op
ReduceBench.java            N/A   axis0         N/A    100000  avgt   15      33001.479 ±     2541.150  ns/op
ReduceBench.java            N/A   axis0         N/A  10000000  avgt   15    7818598.458 ±  2032012.050  ns/op
ReduceBench.java            N/A   axis1         N/A      1000  avgt   15        220.538 ±        7.034  ns/op
ReduceBench.java            N/A   axis1         N/A    100000  avgt   15      43961.643 ±     6000.365  ns/op
ReduceBench.java            N/A   axis1         N/A  10000000  avgt   15    8870731.307 ±  2498877.114  ns/op
ReduceBench.java            N/A    allT         N/A      1000  avgt   15        474.580 ±       50.237  ns/op
ReduceBench.java            N/A    allT         N/A    100000  avgt   15      61728.951 ±    14680.906  ns/op
ReduceBench.java            N/A    allT         N/A  10000000  avgt   15   10622054.056 ±  5220072.346  ns/op
ReduceBench.numj            N/A     all         N/A      1000  avgt   15         48.154 ±        6.147  ns/op
ReduceBench.numj            N/A     all         N/A    100000  avgt   15      14900.568 ±    10120.471  ns/op
ReduceBench.numj            N/A     all         N/A  10000000  avgt   15    7888113.194 ±  1889699.013  ns/op
ReduceBench.numj            N/A   axis0         N/A      1000  avgt   15        565.730 ±       48.471  ns/op
ReduceBench.numj            N/A   axis0         N/A    100000  avgt   15      16877.109 ±     2618.834  ns/op
ReduceBench.numj            N/A   axis0         N/A  10000000  avgt   15    8175507.038 ±  1695052.578  ns/op
ReduceBench.numj            N/A   axis1         N/A      1000  avgt   15        469.510 ±      114.001  ns/op
ReduceBench.numj            N/A   axis1         N/A    100000  avgt   15       7908.476 ±      326.500  ns/op
ReduceBench.numj            N/A   axis1         N/A  10000000  avgt   15    7262848.996 ±  1388091.772  ns/op
ReduceBench.numj            N/A    allT         N/A      1000  avgt   15       1667.537 ±      135.450  ns/op
ReduceBench.numj            N/A    allT         N/A    100000  avgt   15      95220.000 ±    14330.656  ns/op
ReduceBench.numj            N/A    allT         N/A  10000000  avgt   15   40916339.111 ±  4488795.044  ns/op
ShortRowBench.addRows         2     N/A         N/A       N/A  avgt   15       3631.689 ±      425.571  us/op
ShortRowBench.addRows         4     N/A         N/A       N/A  avgt   15       2372.530 ±       93.176  us/op
ShortRowBench.addRows         8     N/A         N/A       N/A  avgt   15       1877.449 ±       78.989  us/op
ShortRowBench.addRows        16     N/A         N/A       N/A  avgt   15       1660.273 ±       60.318  us/op
ShortRowBench.addRows        64     N/A         N/A       N/A  avgt   15       1611.142 ±      132.472  us/op
ShortRowBench.javaAddRows     2     N/A         N/A       N/A  avgt   15       2403.499 ±      376.854  us/op
ShortRowBench.javaAddRows     4     N/A         N/A       N/A  avgt   15       1916.573 ±       70.104  us/op
ShortRowBench.javaAddRows     8     N/A         N/A       N/A  avgt   15       1740.875 ±       56.980  us/op
ShortRowBench.javaAddRows    16     N/A         N/A       N/A  avgt   15       1658.082 ±      167.625  us/op
ShortRowBench.javaAddRows    64     N/A         N/A       N/A  avgt   15       1599.565 ±      188.924  us/op
ShortRowBench.javaSumRows     2     N/A         N/A       N/A  avgt   15       1065.267 ±      114.681  us/op
ShortRowBench.javaSumRows     4     N/A         N/A       N/A  avgt   15        703.944 ±       44.662  us/op
ShortRowBench.javaSumRows     8     N/A         N/A       N/A  avgt   15        535.910 ±       20.859  us/op
ShortRowBench.javaSumRows    16     N/A         N/A       N/A  avgt   15        418.201 ±       20.321  us/op
ShortRowBench.javaSumRows    64     N/A         N/A       N/A  avgt   15        336.755 ±       17.052  us/op
ShortRowBench.sumRows         2     N/A         N/A       N/A  avgt   15       8846.679 ±     3103.078  us/op
ShortRowBench.sumRows         4     N/A         N/A       N/A  avgt   15       1940.299 ±      177.735  us/op
ShortRowBench.sumRows         8     N/A         N/A       N/A  avgt   15       1079.623 ±       90.509  us/op
ShortRowBench.sumRows        16     N/A         N/A       N/A  avgt   15        552.295 ±       43.869  us/op
ShortRowBench.sumRows        64     N/A         N/A       N/A  avgt   15        281.357 ±       20.406  us/op

Benchmark result is saved to results\nd\jmh_main.json
