# JMH version: 1.37
# VM version: JDK 25.0.4.1, OpenJDK 64-Bit Server VM, 25.0.4.1+1-LTS
# VM invoker: C:\Users\Hareram ray\AI\numJ\.tools\jdk\bin\java.exe
# VM options: --enable-native-access=ALL-UNNAMED --enable-native-access=ALL-UNNAMED -Xms1g -Xmx1g -Dnumj.resultAlloc=malloc
# Blackhole mode: compiler (auto-detected, use -Djmh.blackhole.autoDetect=false to disable)
# Warmup: 5 iterations, 200 ms each
# Measurement: 5 iterations, 200 ms each
# Timeout: 10 min per iteration
# Threads: 1 thread, will synchronize iterations
# Benchmark mode: Average time, time/op
# Benchmark: numj.AllocBench.Malloc.addAllocMalloc
# Parameters: (n = 16)

# Run progress: 0.00% complete, ETA 00:04:28
# Fork: 1 of 3
WARNING: A terminally deprecated method in sun.misc.Unsafe has been called
WARNING: sun.misc.Unsafe::objectFieldOffset has been called by org.openjdk.jmh.util.Utils (file:/C:/Users/Hareram%20ray/AI/numJ/.tools/jmh/jmh-core-1.37.jar)
WARNING: Please consider reporting this to the maintainers of class org.openjdk.jmh.util.Utils
WARNING: sun.misc.Unsafe::objectFieldOffset will be removed in a future release
# Warmup Iteration   1: 510.252 ns/op
# Warmup Iteration   2: 137.901 ns/op
# Warmup Iteration   3: 121.229 ns/op
# Warmup Iteration   4: 113.819 ns/op
# Warmup Iteration   5: 105.423 ns/op
Iteration   1: 123.580 ns/op
Iteration   2: 120.635 ns/op
Iteration   3: 103.016 ns/op
Iteration   4: 111.821 ns/op
Iteration   5: 102.977 ns/op

# Run progress: 0.74% complete, ETA 00:05:15
# Fork: 2 of 3
WARNING: A terminally deprecated method in sun.misc.Unsafe has been called
WARNING: sun.misc.Unsafe::objectFieldOffset has been called by org.openjdk.jmh.util.Utils (file:/C:/Users/Hareram%20ray/AI/numJ/.tools/jmh/jmh-core-1.37.jar)
WARNING: Please consider reporting this to the maintainers of class org.openjdk.jmh.util.Utils
WARNING: sun.misc.Unsafe::objectFieldOffset will be removed in a future release
# Warmup Iteration   1: 353.416 ns/op
# Warmup Iteration   2: 126.859 ns/op
# Warmup Iteration   3: 117.075 ns/op
# Warmup Iteration   4: 106.412 ns/op
# Warmup Iteration   5: 104.454 ns/op
Iteration   1: 101.813 ns/op
Iteration   2: 104.583 ns/op
Iteration   3: 102.220 ns/op
Iteration   4: 100.959 ns/op
Iteration   5: 104.047 ns/op

# Run progress: 1.49% complete, ETA 00:05:11
# Fork: 3 of 3
WARNING: A terminally deprecated method in sun.misc.Unsafe has been called
WARNING: sun.misc.Unsafe::objectFieldOffset has been called by org.openjdk.jmh.util.Utils (file:/C:/Users/Hareram%20ray/AI/numJ/.tools/jmh/jmh-core-1.37.jar)
WARNING: Please consider reporting this to the maintainers of class org.openjdk.jmh.util.Utils
WARNING: sun.misc.Unsafe::objectFieldOffset will be removed in a future release
# Warmup Iteration   1: 336.918 ns/op
# Warmup Iteration   2: 133.508 ns/op
# Warmup Iteration   3: 128.017 ns/op
# Warmup Iteration   4: 121.674 ns/op
# Warmup Iteration   5: 112.226 ns/op
Iteration   1: 106.387 ns/op
Iteration   2: 106.762 ns/op
Iteration   3: 114.225 ns/op
Iteration   4: 106.739 ns/op
Iteration   5: 115.851 ns/op


Result "numj.AllocBench.Malloc.addAllocMalloc":
  108.374 ±(99.9%) 7.665 ns/op [Average]
  (min, avg, max) = (100.959, 108.374, 123.580), stdev = 7.169
  CI (99.9%): [100.710, 116.039] (assumes normal distribution)


# JMH version: 1.37
# VM version: JDK 25.0.4.1, OpenJDK 64-Bit Server VM, 25.0.4.1+1-LTS
# VM invoker: C:\Users\Hareram ray\AI\numJ\.tools\jdk\bin\java.exe
# VM options: --enable-native-access=ALL-UNNAMED --enable-native-access=ALL-UNNAMED -Xms1g -Xmx1g -Dnumj.resultAlloc=malloc
# Blackhole mode: compiler (auto-detected, use -Djmh.blackhole.autoDetect=false to disable)
# Warmup: 5 iterations, 200 ms each
# Measurement: 5 iterations, 200 ms each
# Timeout: 10 min per iteration
# Threads: 1 thread, will synchronize iterations
# Benchmark mode: Average time, time/op
# Benchmark: numj.AllocBench.Malloc.addAllocMalloc
# Parameters: (n = 1000)

# Run progress: 2.23% complete, ETA 00:05:08
# Fork: 1 of 3
WARNING: A terminally deprecated method in sun.misc.Unsafe has been called
WARNING: sun.misc.Unsafe::objectFieldOffset has been called by org.openjdk.jmh.util.Utils (file:/C:/Users/Hareram%20ray/AI/numJ/.tools/jmh/jmh-core-1.37.jar)
WARNING: Please consider reporting this to the maintainers of class org.openjdk.jmh.util.Utils
WARNING: sun.misc.Unsafe::objectFieldOffset will be removed in a future release
# Warmup Iteration   1: 13481.672 ns/op
# Warmup Iteration   2: 296.239 ns/op
# Warmup Iteration   3: 251.995 ns/op
# Warmup Iteration   4: 303.855 ns/op
# Warmup Iteration   5: 221.500 ns/op
Iteration   1: 215.185 ns/op
Iteration   2: 201.888 ns/op
Iteration   3: 204.348 ns/op
Iteration   4: 199.628 ns/op
Iteration   5: 200.064 ns/op

# Run progress: 2.98% complete, ETA 00:05:09
# Fork: 2 of 3
WARNING: A terminally deprecated method in sun.misc.Unsafe has been called
WARNING: sun.misc.Unsafe::objectFieldOffset has been called by org.openjdk.jmh.util.Utils (file:/C:/Users/Hareram%20ray/AI/numJ/.tools/jmh/jmh-core-1.37.jar)
WARNING: Please consider reporting this to the maintainers of class org.openjdk.jmh.util.Utils
WARNING: sun.misc.Unsafe::objectFieldOffset will be removed in a future release
# Warmup Iteration   1: 1851.690 ns/op
# Warmup Iteration   2: 247.096 ns/op
# Warmup Iteration   3: 223.813 ns/op
# Warmup Iteration   4: 228.371 ns/op
# Warmup Iteration   5: 266.801 ns/op
Iteration   1: 209.313 ns/op
Iteration   2: 210.900 ns/op
Iteration   3: 200.676 ns/op
Iteration   4: 205.657 ns/op
Iteration   5: 202.895 ns/op

# Run progress: 3.72% complete, ETA 00:05:05
# Fork: 3 of 3
WARNING: A terminally deprecated method in sun.misc.Unsafe has been called
WARNING: sun.misc.Unsafe::objectFieldOffset has been called by org.openjdk.jmh.util.Utils (file:/C:/Users/Hareram%20ray/AI/numJ/.tools/jmh/jmh-core-1.37.jar)
WARNING: Please consider reporting this to the maintainers of class org.openjdk.jmh.util.Utils
WARNING: sun.misc.Unsafe::objectFieldOffset will be removed in a future release
# Warmup Iteration   1: 3828.356 ns/op
# Warmup Iteration   2: 254.615 ns/op
# Warmup Iteration   3: 230.945 ns/op
# Warmup Iteration   4: 206.450 ns/op
# Warmup Iteration   5: 249.015 ns/op
Iteration   1: 200.008 ns/op
Iteration   2: 195.137 ns/op
Iteration   3: 197.627 ns/op
Iteration   4: 198.579 ns/op
Iteration   5: 196.965 ns/op


Result "numj.AllocBench.Malloc.addAllocMalloc":
  202.591 ±(99.9%) 5.989 ns/op [Average]
  (min, avg, max) = (195.137, 202.591, 215.185), stdev = 5.602
  CI (99.9%): [196.602, 208.580] (assumes normal distribution)


# JMH version: 1.37
# VM version: JDK 25.0.4.1, OpenJDK 64-Bit Server VM, 25.0.4.1+1-LTS
# VM invoker: C:\Users\Hareram ray\AI\numJ\.tools\jdk\bin\java.exe
# VM options: --enable-native-access=ALL-UNNAMED --enable-native-access=ALL-UNNAMED -Xms1g -Xmx1g -Dnumj.resultAlloc=malloc
# Blackhole mode: compiler (auto-detected, use -Djmh.blackhole.autoDetect=false to disable)
# Warmup: 5 iterations, 200 ms each
# Measurement: 5 iterations, 200 ms each
# Timeout: 10 min per iteration
# Threads: 1 thread, will synchronize iterations
# Benchmark mode: Average time, time/op
# Benchmark: numj.AllocBench.Malloc.addAllocMalloc
# Parameters: (n = 100000)

# Run progress: 4.46% complete, ETA 00:05:01
# Fork: 1 of 3
WARNING: A terminally deprecated method in sun.misc.Unsafe has been called
WARNING: sun.misc.Unsafe::objectFieldOffset has been called by org.openjdk.jmh.util.Utils (file:/C:/Users/Hareram%20ray/AI/numJ/.tools/jmh/jmh-core-1.37.jar)
WARNING: Please consider reporting this to the maintainers of class org.openjdk.jmh.util.Utils
WARNING: sun.misc.Unsafe::objectFieldOffset will be removed in a future release
# Warmup Iteration   1: 91746.970 ns/op
# Warmup Iteration   2: 42172.276 ns/op
# Warmup Iteration   3: 39030.951 ns/op
# Warmup Iteration   4: 39301.695 ns/op
# Warmup Iteration   5: 38170.955 ns/op
Iteration   1: 39595.840 ns/op
Iteration   2: 39133.469 ns/op
Iteration   3: 37819.801 ns/op
Iteration   4: 37598.098 ns/op
Iteration   5: 37645.296 ns/op

# Run progress: 5.21% complete, ETA 00:04:57
# Fork: 2 of 3
WARNING: A terminally deprecated method in sun.misc.Unsafe has been called
WARNING: sun.misc.Unsafe::objectFieldOffset has been called by org.openjdk.jmh.util.Utils (file:/C:/Users/Hareram%20ray/AI/numJ/.tools/jmh/jmh-core-1.37.jar)
WARNING: Please consider reporting this to the maintainers of class org.openjdk.jmh.util.Utils
WARNING: sun.misc.Unsafe::objectFieldOffset will be removed in a future release
# Warmup Iteration   1: 113783.683 ns/op
# Warmup Iteration   2: 43277.102 ns/op
# Warmup Iteration   3: 39688.795 ns/op
# Warmup Iteration   4: 38711.036 ns/op
# Warmup Iteration   5: 39740.150 ns/op
Iteration   1: 38465.476 ns/op
Iteration   2: 38404.665 ns/op
Iteration   3: 38132.388 ns/op
Iteration   4: 40096.336 ns/op
Iteration   5: 39771.420 ns/op

# Run progress: 5.95% complete, ETA 00:04:55
# Fork: 3 of 3
WARNING: A terminally deprecated method in sun.misc.Unsafe has been called
WARNING: sun.misc.Unsafe::objectFieldOffset has been called by org.openjdk.jmh.util.Utils (file:/C:/Users/Hareram%20ray/AI/numJ/.tools/jmh/jmh-core-1.37.jar)
WARNING: Please consider reporting this to the maintainers of class org.openjdk.jmh.util.Utils
WARNING: sun.misc.Unsafe::objectFieldOffset will be removed in a future release
# Warmup Iteration   1: 95475.580 ns/op
# Warmup Iteration   2: 42294.114 ns/op
# Warmup Iteration   3: 39410.507 ns/op
# Warmup Iteration   4: 39650.878 ns/op
# Warmup Iteration   5: 38794.560 ns/op
Iteration   1: 38436.310 ns/op
Iteration   2: 40557.763 ns/op
Iteration   3: 38654.700 ns/op
Iteration   4: 39464.472 ns/op
Iteration   5: 38818.860 ns/op


Result "numj.AllocBench.Malloc.addAllocMalloc":
  38839.660 ±(99.9%) 968.190 ns/op [Average]
  (min, avg, max) = (37598.098, 38839.660, 40557.763), stdev = 905.645
  CI (99.9%): [37871.470, 39807.849] (assumes normal distribution)


# JMH version: 1.37
# VM version: JDK 25.0.4.1, OpenJDK 64-Bit Server VM, 25.0.4.1+1-LTS
# VM invoker: C:\Users\Hareram ray\AI\numJ\.tools\jdk\bin\java.exe
# VM options: --enable-native-access=ALL-UNNAMED --enable-native-access=ALL-UNNAMED -Xms1g -Xmx1g -Dnumj.resultAlloc=malloc
# Blackhole mode: compiler (auto-detected, use -Djmh.blackhole.autoDetect=false to disable)
# Warmup: 5 iterations, 200 ms each
# Measurement: 5 iterations, 200 ms each
# Timeout: 10 min per iteration
# Threads: 1 thread, will synchronize iterations
# Benchmark mode: Average time, time/op
# Benchmark: numj.AllocBench.Malloc.addAllocMalloc
# Parameters: (n = 10000000)

# Run progress: 6.70% complete, ETA 00:04:52
# Fork: 1 of 3
WARNING: A terminally deprecated method in sun.misc.Unsafe has been called
WARNING: sun.misc.Unsafe::objectFieldOffset has been called by org.openjdk.jmh.util.Utils (file:/C:/Users/Hareram%20ray/AI/numJ/.tools/jmh/jmh-core-1.37.jar)
WARNING: Please consider reporting this to the maintainers of class org.openjdk.jmh.util.Utils
WARNING: sun.misc.Unsafe::objectFieldOffset will be removed in a future release
# Warmup Iteration   1: 73564400.000 ns/op
# Warmup Iteration   2: 35649450.000 ns/op
# Warmup Iteration   3: 30603728.571 ns/op
# Warmup Iteration   4: 29167814.286 ns/op
# Warmup Iteration   5: 37412100.000 ns/op
Iteration   1: 34931683.333 ns/op
Iteration   2: 30299871.429 ns/op
Iteration   3: 36258016.667 ns/op
Iteration   4: 32057514.286 ns/op
Iteration   5: 31692685.714 ns/op

# Run progress: 7.44% complete, ETA 00:04:53
# Fork: 2 of 3
WARNING: A terminally deprecated method in sun.misc.Unsafe has been called
WARNING: sun.misc.Unsafe::objectFieldOffset has been called by org.openjdk.jmh.util.Utils (file:/C:/Users/Hareram%20ray/AI/numJ/.tools/jmh/jmh-core-1.37.jar)
WARNING: Please consider reporting this to the maintainers of class org.openjdk.jmh.util.Utils
WARNING: sun.misc.Unsafe::objectFieldOffset will be removed in a future release
# Warmup Iteration   1: 72243000.000 ns/op
# Warmup Iteration   2: 31592400.000 ns/op
# Warmup Iteration   3: 34629350.000 ns/op
# Warmup Iteration   4: 32848557.143 ns/op
# Warmup Iteration   5: 32476957.143 ns/op
Iteration   1: 32987442.857 ns/op
Iteration   2: 33126100.000 ns/op
Iteration   3: 36105266.667 ns/op
Iteration   4: 33329314.286 ns/op
Iteration   5: 33228914.286 ns/op

# Run progress: 8.18% complete, ETA 00:04:54
# Fork: 3 of 3
WARNING: A terminally deprecated method in sun.misc.Unsafe has been called
WARNING: sun.misc.Unsafe::objectFieldOffset has been called by org.openjdk.jmh.util.Utils (file:/C:/Users/Hareram%20ray/AI/numJ/.tools/jmh/jmh-core-1.37.jar)
WARNING: Please consider reporting this to the maintainers of class org.openjdk.jmh.util.Utils
WARNING: sun.misc.Unsafe::objectFieldOffset will be removed in a future release
# Warmup Iteration   1: 67491700.000 ns/op
# Warmup Iteration   2: 34474816.667 ns/op
# Warmup Iteration   3: 29801714.286 ns/op
# Warmup Iteration   4: 33392385.714 ns/op
# Warmup Iteration   5: 30095542.857 ns/op
Iteration   1: 27216337.500 ns/op
Iteration   2: 29404000.000 ns/op
Iteration   3: 28293962.500 ns/op
Iteration   4: 31287514.286 ns/op
Iteration   5: 31580828.571 ns/op


Result "numj.AllocBench.Malloc.addAllocMalloc":
  32119963.492 ±(99.9%) 2798176.808 ns/op [Average]
  (min, avg, max) = (27216337.500, 32119963.492, 36258016.667), stdev = 2617416.323
  CI (99.9%): [29321786.684, 34918140.300] (assumes normal distribution)


# JMH version: 1.37
# VM version: JDK 25.0.4.1, OpenJDK 64-Bit Server VM, 25.0.4.1+1-LTS
# VM invoker: C:\Users\Hareram ray\AI\numJ\.tools\jdk\bin\java.exe
# VM options: --enable-native-access=ALL-UNNAMED --enable-native-access=ALL-UNNAMED -Xms1g -Xmx1g
# Blackhole mode: compiler (auto-detected, use -Djmh.blackhole.autoDetect=false to disable)
# Warmup: 5 iterations, 200 ms each
# Measurement: 5 iterations, 200 ms each
# Timeout: 10 min per iteration
# Threads: 1 thread, will synchronize iterations
# Benchmark mode: Average time, time/op
# Benchmark: numj.AllocBench.addAlloc
# Parameters: (n = 16)

# Run progress: 8.93% complete, ETA 00:04:54
# Fork: 1 of 3
WARNING: A terminally deprecated method in sun.misc.Unsafe has been called
WARNING: sun.misc.Unsafe::objectFieldOffset has been called by org.openjdk.jmh.util.Utils (file:/C:/Users/Hareram%20ray/AI/numJ/.tools/jmh/jmh-core-1.37.jar)
WARNING: Please consider reporting this to the maintainers of class org.openjdk.jmh.util.Utils
WARNING: sun.misc.Unsafe::objectFieldOffset will be removed in a future release
# Warmup Iteration   1: 178.990 ns/op
# Warmup Iteration   2: 114.297 ns/op
# Warmup Iteration   3: 110.996 ns/op
# Warmup Iteration   4: 99.605 ns/op
# Warmup Iteration   5: 99.709 ns/op
Iteration   1: 99.207 ns/op
Iteration   2: 100.911 ns/op
Iteration   3: 106.488 ns/op
Iteration   4: 103.757 ns/op
Iteration   5: 100.379 ns/op

# Run progress: 9.67% complete, ETA 00:04:51
# Fork: 2 of 3
WARNING: A terminally deprecated method in sun.misc.Unsafe has been called
WARNING: sun.misc.Unsafe::objectFieldOffset has been called by org.openjdk.jmh.util.Utils (file:/C:/Users/Hareram%20ray/AI/numJ/.tools/jmh/jmh-core-1.37.jar)
WARNING: Please consider reporting this to the maintainers of class org.openjdk.jmh.util.Utils
WARNING: sun.misc.Unsafe::objectFieldOffset will be removed in a future release
# Warmup Iteration   1: 195.052 ns/op
# Warmup Iteration   2: 117.678 ns/op
# Warmup Iteration   3: 107.851 ns/op
# Warmup Iteration   4: 102.875 ns/op
# Warmup Iteration   5: 103.379 ns/op
Iteration   1: 100.478 ns/op
Iteration   2: 100.307 ns/op
Iteration   3: 100.203 ns/op
Iteration   4: 101.138 ns/op
Iteration   5: 104.389 ns/op

# Run progress: 10.42% complete, ETA 00:04:48
# Fork: 3 of 3
WARNING: A terminally deprecated method in sun.misc.Unsafe has been called
WARNING: sun.misc.Unsafe::objectFieldOffset has been called by org.openjdk.jmh.util.Utils (file:/C:/Users/Hareram%20ray/AI/numJ/.tools/jmh/jmh-core-1.37.jar)
WARNING: Please consider reporting this to the maintainers of class org.openjdk.jmh.util.Utils
WARNING: sun.misc.Unsafe::objectFieldOffset will be removed in a future release
# Warmup Iteration   1: 190.124 ns/op
# Warmup Iteration   2: 113.640 ns/op
# Warmup Iteration   3: 107.019 ns/op
# Warmup Iteration   4: 98.767 ns/op
# Warmup Iteration   5: 99.822 ns/op
Iteration   1: 101.501 ns/op
Iteration   2: 99.968 ns/op
Iteration   3: 101.297 ns/op
Iteration   4: 101.006 ns/op
Iteration   5: 100.044 ns/op


Result "numj.AllocBench.addAlloc":
  101.405 ±(99.9%) 2.101 ns/op [Average]
  (min, avg, max) = (99.207, 101.405, 106.488), stdev = 1.965
  CI (99.9%): [99.304, 103.506] (assumes normal distribution)


# JMH version: 1.37
# VM version: JDK 25.0.4.1, OpenJDK 64-Bit Server VM, 25.0.4.1+1-LTS
# VM invoker: C:\Users\Hareram ray\AI\numJ\.tools\jdk\bin\java.exe
# VM options: --enable-native-access=ALL-UNNAMED --enable-native-access=ALL-UNNAMED -Xms1g -Xmx1g
# Blackhole mode: compiler (auto-detected, use -Djmh.blackhole.autoDetect=false to disable)
# Warmup: 5 iterations, 200 ms each
# Measurement: 5 iterations, 200 ms each
# Timeout: 10 min per iteration
# Threads: 1 thread, will synchronize iterations
# Benchmark mode: Average time, time/op
# Benchmark: numj.AllocBench.addAlloc
# Parameters: (n = 1000)

# Run progress: 11.16% complete, ETA 00:04:44
# Fork: 1 of 3
WARNING: A terminally deprecated method in sun.misc.Unsafe has been called
WARNING: sun.misc.Unsafe::objectFieldOffset has been called by org.openjdk.jmh.util.Utils (file:/C:/Users/Hareram%20ray/AI/numJ/.tools/jmh/jmh-core-1.37.jar)
WARNING: Please consider reporting this to the maintainers of class org.openjdk.jmh.util.Utils
WARNING: sun.misc.Unsafe::objectFieldOffset will be removed in a future release
# Warmup Iteration   1: 654.262 ns/op
# Warmup Iteration   2: 275.661 ns/op
# Warmup Iteration   3: 274.264 ns/op
# Warmup Iteration   4: 272.812 ns/op
# Warmup Iteration   5: 269.911 ns/op
Iteration   1: 257.446 ns/op
Iteration   2: 240.177 ns/op
Iteration   3: 222.200 ns/op
Iteration   4: 219.969 ns/op
Iteration   5: 218.231 ns/op

# Run progress: 11.90% complete, ETA 00:04:41
# Fork: 2 of 3
WARNING: A terminally deprecated method in sun.misc.Unsafe has been called
WARNING: sun.misc.Unsafe::objectFieldOffset has been called by org.openjdk.jmh.util.Utils (file:/C:/Users/Hareram%20ray/AI/numJ/.tools/jmh/jmh-core-1.37.jar)
WARNING: Please consider reporting this to the maintainers of class org.openjdk.jmh.util.Utils
WARNING: sun.misc.Unsafe::objectFieldOffset will be removed in a future release
# Warmup Iteration   1: 618.658 ns/op
# Warmup Iteration   2: 273.080 ns/op
# Warmup Iteration   3: 265.167 ns/op
# Warmup Iteration   4: 262.161 ns/op
# Warmup Iteration   5: 268.717 ns/op
Iteration   1: 256.701 ns/op
Iteration   2: 237.000 ns/op
Iteration   3: 241.450 ns/op
Iteration   4: 223.179 ns/op
Iteration   5: 215.427 ns/op

# Run progress: 12.65% complete, ETA 00:04:38
# Fork: 3 of 3
WARNING: A terminally deprecated method in sun.misc.Unsafe has been called
WARNING: sun.misc.Unsafe::objectFieldOffset has been called by org.openjdk.jmh.util.Utils (file:/C:/Users/Hareram%20ray/AI/numJ/.tools/jmh/jmh-core-1.37.jar)
WARNING: Please consider reporting this to the maintainers of class org.openjdk.jmh.util.Utils
WARNING: sun.misc.Unsafe::objectFieldOffset will be removed in a future release
# Warmup Iteration   1: 796.162 ns/op
# Warmup Iteration   2: 297.471 ns/op
# Warmup Iteration   3: 274.727 ns/op
# Warmup Iteration   4: 255.715 ns/op
# Warmup Iteration   5: 268.346 ns/op
Iteration   1: 252.108 ns/op
Iteration   2: 278.620 ns/op
Iteration   3: 252.033 ns/op
Iteration   4: 254.785 ns/op
Iteration   5: 252.316 ns/op


Result "numj.AllocBench.addAlloc":
  241.443 ±(99.9%) 19.785 ns/op [Average]
  (min, avg, max) = (215.427, 241.443, 278.620), stdev = 18.507
  CI (99.9%): [221.658, 261.228] (assumes normal distribution)


# JMH version: 1.37
# VM version: JDK 25.0.4.1, OpenJDK 64-Bit Server VM, 25.0.4.1+1-LTS
# VM invoker: C:\Users\Hareram ray\AI\numJ\.tools\jdk\bin\java.exe
# VM options: --enable-native-access=ALL-UNNAMED --enable-native-access=ALL-UNNAMED -Xms1g -Xmx1g
# Blackhole mode: compiler (auto-detected, use -Djmh.blackhole.autoDetect=false to disable)
# Warmup: 5 iterations, 200 ms each
# Measurement: 5 iterations, 200 ms each
# Timeout: 10 min per iteration
# Threads: 1 thread, will synchronize iterations
# Benchmark mode: Average time, time/op
# Benchmark: numj.AllocBench.addAlloc
# Parameters: (n = 100000)

# Run progress: 13.39% complete, ETA 00:04:35
# Fork: 1 of 3
WARNING: A terminally deprecated method in sun.misc.Unsafe has been called
WARNING: sun.misc.Unsafe::objectFieldOffset has been called by org.openjdk.jmh.util.Utils (file:/C:/Users/Hareram%20ray/AI/numJ/.tools/jmh/jmh-core-1.37.jar)
WARNING: Please consider reporting this to the maintainers of class org.openjdk.jmh.util.Utils
WARNING: sun.misc.Unsafe::objectFieldOffset will be removed in a future release
# Warmup Iteration   1: 95916.340 ns/op
# Warmup Iteration   2: 51643.118 ns/op
# Warmup Iteration   3: 50535.312 ns/op
# Warmup Iteration   4: 50357.578 ns/op
# Warmup Iteration   5: 50361.949 ns/op
Iteration   1: 49863.600 ns/op
Iteration   2: 51834.098 ns/op
Iteration   3: 50918.203 ns/op
Iteration   4: 49534.899 ns/op
Iteration   5: 49769.828 ns/op

# Run progress: 14.14% complete, ETA 00:04:32
# Fork: 2 of 3
WARNING: A terminally deprecated method in sun.misc.Unsafe has been called
WARNING: sun.misc.Unsafe::objectFieldOffset has been called by org.openjdk.jmh.util.Utils (file:/C:/Users/Hareram%20ray/AI/numJ/.tools/jmh/jmh-core-1.37.jar)
WARNING: Please consider reporting this to the maintainers of class org.openjdk.jmh.util.Utils
WARNING: sun.misc.Unsafe::objectFieldOffset will be removed in a future release
# Warmup Iteration   1: 100725.263 ns/op
# Warmup Iteration   2: 51315.911 ns/op
# Warmup Iteration   3: 50785.678 ns/op
# Warmup Iteration   4: 48472.567 ns/op
# Warmup Iteration   5: 48289.687 ns/op
Iteration   1: 48489.314 ns/op
Iteration   2: 48482.789 ns/op
Iteration   3: 49923.433 ns/op
Iteration   4: 49545.290 ns/op
Iteration   5: 48911.674 ns/op

# Run progress: 14.88% complete, ETA 00:04:29
# Fork: 3 of 3
WARNING: A terminally deprecated method in sun.misc.Unsafe has been called
WARNING: sun.misc.Unsafe::objectFieldOffset has been called by org.openjdk.jmh.util.Utils (file:/C:/Users/Hareram%20ray/AI/numJ/.tools/jmh/jmh-core-1.37.jar)
WARNING: Please consider reporting this to the maintainers of class org.openjdk.jmh.util.Utils
WARNING: sun.misc.Unsafe::objectFieldOffset will be removed in a future release
# Warmup Iteration   1: 98034.456 ns/op
# Warmup Iteration   2: 52524.549 ns/op
# Warmup Iteration   3: 49774.585 ns/op
# Warmup Iteration   4: 48905.816 ns/op
# Warmup Iteration   5: 50712.712 ns/op
Iteration   1: 49355.118 ns/op
Iteration   2: 49167.477 ns/op
Iteration   3: 48606.122 ns/op
Iteration   4: 48894.151 ns/op
Iteration   5: 49001.393 ns/op


Result "numj.AllocBench.addAlloc":
  49486.493 ±(99.9%) 981.173 ns/op [Average]
  (min, avg, max) = (48482.789, 49486.493, 51834.098), stdev = 917.789
  CI (99.9%): [48505.320, 50467.665] (assumes normal distribution)


# JMH version: 1.37
# VM version: JDK 25.0.4.1, OpenJDK 64-Bit Server VM, 25.0.4.1+1-LTS
# VM invoker: C:\Users\Hareram ray\AI\numJ\.tools\jdk\bin\java.exe
# VM options: --enable-native-access=ALL-UNNAMED --enable-native-access=ALL-UNNAMED -Xms1g -Xmx1g
# Blackhole mode: compiler (auto-detected, use -Djmh.blackhole.autoDetect=false to disable)
# Warmup: 5 iterations, 200 ms each
# Measurement: 5 iterations, 200 ms each
# Timeout: 10 min per iteration
# Threads: 1 thread, will synchronize iterations
# Benchmark mode: Average time, time/op
# Benchmark: numj.AllocBench.addAlloc
# Parameters: (n = 10000000)

# Run progress: 15.63% complete, ETA 00:04:26
# Fork: 1 of 3
WARNING: A terminally deprecated method in sun.misc.Unsafe has been called
WARNING: sun.misc.Unsafe::objectFieldOffset has been called by org.openjdk.jmh.util.Utils (file:/C:/Users/Hareram%20ray/AI/numJ/.tools/jmh/jmh-core-1.37.jar)
WARNING: Please consider reporting this to the maintainers of class org.openjdk.jmh.util.Utils
WARNING: sun.misc.Unsafe::objectFieldOffset will be removed in a future release
# Warmup Iteration   1: 70515600.000 ns/op
# Warmup Iteration   2: 36425766.667 ns/op
# Warmup Iteration   3: 37110866.667 ns/op
# Warmup Iteration   4: 38766666.667 ns/op
# Warmup Iteration   5: 43725600.000 ns/op
Iteration   1: 36159116.667 ns/op
Iteration   2: 37599566.667 ns/op
Iteration   3: 39679766.667 ns/op
Iteration   4: 39747750.000 ns/op
Iteration   5: 38267166.667 ns/op

# Run progress: 16.37% complete, ETA 00:04:26
# Fork: 2 of 3
WARNING: A terminally deprecated method in sun.misc.Unsafe has been called
WARNING: sun.misc.Unsafe::objectFieldOffset has been called by org.openjdk.jmh.util.Utils (file:/C:/Users/Hareram%20ray/AI/numJ/.tools/jmh/jmh-core-1.37.jar)
WARNING: Please consider reporting this to the maintainers of class org.openjdk.jmh.util.Utils
WARNING: sun.misc.Unsafe::objectFieldOffset will be removed in a future release
# Warmup Iteration   1: 69793566.667 ns/op
# Warmup Iteration   2: 41620440.000 ns/op
# Warmup Iteration   3: 37707016.667 ns/op
# Warmup Iteration   4: 39484633.333 ns/op
# Warmup Iteration   5: 39991266.667 ns/op
Iteration   1: 40387783.333 ns/op
Iteration   2: 44654860.000 ns/op
Iteration   3: 36667716.667 ns/op
Iteration   4: 38003433.333 ns/op
Iteration   5: 40308320.000 ns/op

# Run progress: 17.11% complete, ETA 00:04:25
# Fork: 3 of 3
WARNING: A terminally deprecated method in sun.misc.Unsafe has been called
WARNING: sun.misc.Unsafe::objectFieldOffset has been called by org.openjdk.jmh.util.Utils (file:/C:/Users/Hareram%20ray/AI/numJ/.tools/jmh/jmh-core-1.37.jar)
WARNING: Please consider reporting this to the maintainers of class org.openjdk.jmh.util.Utils
WARNING: sun.misc.Unsafe::objectFieldOffset will be removed in a future release
# Warmup Iteration   1: 73501333.333 ns/op
# Warmup Iteration   2: 36602916.667 ns/op
# Warmup Iteration   3: 39659250.000 ns/op
# Warmup Iteration   4: 40569740.000 ns/op
# Warmup Iteration   5: 37464083.333 ns/op
Iteration   1: 37879800.000 ns/op
Iteration   2: 39689750.000 ns/op
Iteration   3: 43526700.000 ns/op
Iteration   4: 36553950.000 ns/op
Iteration   5: 38988266.667 ns/op


Result "numj.AllocBench.addAlloc":
  39207596.444 ±(99.9%) 2574580.896 ns/op [Average]
  (min, avg, max) = (36159116.667, 39207596.444, 44654860.000), stdev = 2408264.568
  CI (99.9%): [36633015.548, 41782177.341] (assumes normal distribution)


# JMH version: 1.37
# VM version: JDK 25.0.4.1, OpenJDK 64-Bit Server VM, 25.0.4.1+1-LTS
# VM invoker: C:\Users\Hareram ray\AI\numJ\.tools\jdk\bin\java.exe
# VM options: --enable-native-access=ALL-UNNAMED --enable-native-access=ALL-UNNAMED -Xms1g -Xmx1g
# Blackhole mode: compiler (auto-detected, use -Djmh.blackhole.autoDetect=false to disable)
# Warmup: 5 iterations, 200 ms each
# Measurement: 5 iterations, 200 ms each
# Timeout: 10 min per iteration
# Threads: 1 thread, will synchronize iterations
# Benchmark mode: Average time, time/op
# Benchmark: numj.AllocBench.addReuse
# Parameters: (n = 16)

# Run progress: 17.86% complete, ETA 00:04:23
# Fork: 1 of 3
WARNING: A terminally deprecated method in sun.misc.Unsafe has been called
WARNING: sun.misc.Unsafe::objectFieldOffset has been called by org.openjdk.jmh.util.Utils (file:/C:/Users/Hareram%20ray/AI/numJ/.tools/jmh/jmh-core-1.37.jar)
WARNING: Please consider reporting this to the maintainers of class org.openjdk.jmh.util.Utils
WARNING: sun.misc.Unsafe::objectFieldOffset will be removed in a future release
# Warmup Iteration   1: 27.698 ns/op
# Warmup Iteration   2: 22.135 ns/op
# Warmup Iteration   3: 22.180 ns/op
# Warmup Iteration   4: 21.993 ns/op
# Warmup Iteration   5: 21.960 ns/op
Iteration   1: 22.187 ns/op
Iteration   2: 22.195 ns/op
Iteration   3: 21.900 ns/op
Iteration   4: 21.935 ns/op
Iteration   5: 22.362 ns/op

# Run progress: 18.60% complete, ETA 00:04:21
# Fork: 2 of 3
WARNING: A terminally deprecated method in sun.misc.Unsafe has been called
WARNING: sun.misc.Unsafe::objectFieldOffset has been called by org.openjdk.jmh.util.Utils (file:/C:/Users/Hareram%20ray/AI/numJ/.tools/jmh/jmh-core-1.37.jar)
WARNING: Please consider reporting this to the maintainers of class org.openjdk.jmh.util.Utils
WARNING: sun.misc.Unsafe::objectFieldOffset will be removed in a future release
# Warmup Iteration   1: 25.883 ns/op
# Warmup Iteration   2: 21.996 ns/op
# Warmup Iteration   3: 22.038 ns/op
# Warmup Iteration   4: 22.068 ns/op
# Warmup Iteration   5: 21.877 ns/op
Iteration   1: 21.946 ns/op
Iteration   2: 22.075 ns/op
Iteration   3: 22.006 ns/op
Iteration   4: 22.392 ns/op
Iteration   5: 21.854 ns/op

# Run progress: 19.35% complete, ETA 00:04:18
# Fork: 3 of 3
WARNING: A terminally deprecated method in sun.misc.Unsafe has been called
WARNING: sun.misc.Unsafe::objectFieldOffset has been called by org.openjdk.jmh.util.Utils (file:/C:/Users/Hareram%20ray/AI/numJ/.tools/jmh/jmh-core-1.37.jar)
WARNING: Please consider reporting this to the maintainers of class org.openjdk.jmh.util.Utils
WARNING: sun.misc.Unsafe::objectFieldOffset will be removed in a future release
# Warmup Iteration   1: 25.404 ns/op
# Warmup Iteration   2: 22.295 ns/op
# Warmup Iteration   3: 22.026 ns/op
# Warmup Iteration   4: 21.633 ns/op
# Warmup Iteration   5: 22.196 ns/op
Iteration   1: 22.134 ns/op
Iteration   2: 22.121 ns/op
Iteration   3: 21.760 ns/op
Iteration   4: 21.976 ns/op
Iteration   5: 22.370 ns/op


Result "numj.AllocBench.addReuse":
  22.081 ±(99.9%) 0.208 ns/op [Average]
  (min, avg, max) = (21.760, 22.081, 22.392), stdev = 0.195
  CI (99.9%): [21.873, 22.289] (assumes normal distribution)


# JMH version: 1.37
# VM version: JDK 25.0.4.1, OpenJDK 64-Bit Server VM, 25.0.4.1+1-LTS
# VM invoker: C:\Users\Hareram ray\AI\numJ\.tools\jdk\bin\java.exe
# VM options: --enable-native-access=ALL-UNNAMED --enable-native-access=ALL-UNNAMED -Xms1g -Xmx1g
# Blackhole mode: compiler (auto-detected, use -Djmh.blackhole.autoDetect=false to disable)
# Warmup: 5 iterations, 200 ms each
# Measurement: 5 iterations, 200 ms each
# Timeout: 10 min per iteration
# Threads: 1 thread, will synchronize iterations
# Benchmark mode: Average time, time/op
# Benchmark: numj.AllocBench.addReuse
# Parameters: (n = 1000)

# Run progress: 20.09% complete, ETA 00:04:15
# Fork: 1 of 3
WARNING: A terminally deprecated method in sun.misc.Unsafe has been called
WARNING: sun.misc.Unsafe::objectFieldOffset has been called by org.openjdk.jmh.util.Utils (file:/C:/Users/Hareram%20ray/AI/numJ/.tools/jmh/jmh-core-1.37.jar)
WARNING: Please consider reporting this to the maintainers of class org.openjdk.jmh.util.Utils
WARNING: sun.misc.Unsafe::objectFieldOffset will be removed in a future release
# Warmup Iteration   1: 192.221 ns/op
# Warmup Iteration   2: 101.613 ns/op
# Warmup Iteration   3: 100.653 ns/op
# Warmup Iteration   4: 101.041 ns/op
# Warmup Iteration   5: 101.240 ns/op
Iteration   1: 101.364 ns/op
Iteration   2: 101.242 ns/op
Iteration   3: 100.905 ns/op
Iteration   4: 101.174 ns/op
Iteration   5: 102.510 ns/op

# Run progress: 20.83% complete, ETA 00:04:12
# Fork: 2 of 3
WARNING: A terminally deprecated method in sun.misc.Unsafe has been called
WARNING: sun.misc.Unsafe::objectFieldOffset has been called by org.openjdk.jmh.util.Utils (file:/C:/Users/Hareram%20ray/AI/numJ/.tools/jmh/jmh-core-1.37.jar)
WARNING: Please consider reporting this to the maintainers of class org.openjdk.jmh.util.Utils
WARNING: sun.misc.Unsafe::objectFieldOffset will be removed in a future release
# Warmup Iteration   1: 197.514 ns/op
# Warmup Iteration   2: 101.315 ns/op
# Warmup Iteration   3: 101.902 ns/op
# Warmup Iteration   4: 101.771 ns/op
# Warmup Iteration   5: 100.358 ns/op
Iteration   1: 100.717 ns/op
Iteration   2: 102.284 ns/op
Iteration   3: 103.131 ns/op
Iteration   4: 102.124 ns/op
Iteration   5: 120.595 ns/op

# Run progress: 21.58% complete, ETA 00:04:09
# Fork: 3 of 3
WARNING: A terminally deprecated method in sun.misc.Unsafe has been called
WARNING: sun.misc.Unsafe::objectFieldOffset has been called by org.openjdk.jmh.util.Utils (file:/C:/Users/Hareram%20ray/AI/numJ/.tools/jmh/jmh-core-1.37.jar)
WARNING: Please consider reporting this to the maintainers of class org.openjdk.jmh.util.Utils
WARNING: sun.misc.Unsafe::objectFieldOffset will be removed in a future release
# Warmup Iteration   1: 194.158 ns/op
# Warmup Iteration   2: 101.719 ns/op
# Warmup Iteration   3: 102.901 ns/op
# Warmup Iteration   4: 101.703 ns/op
# Warmup Iteration   5: 102.104 ns/op
Iteration   1: 102.584 ns/op
Iteration   2: 101.031 ns/op
Iteration   3: 101.290 ns/op
Iteration   4: 102.958 ns/op
Iteration   5: 100.872 ns/op


Result "numj.AllocBench.addReuse":
  102.985 ±(99.9%) 5.279 ns/op [Average]
  (min, avg, max) = (100.717, 102.985, 120.595), stdev = 4.938
  CI (99.9%): [97.707, 108.264] (assumes normal distribution)


# JMH version: 1.37
# VM version: JDK 25.0.4.1, OpenJDK 64-Bit Server VM, 25.0.4.1+1-LTS
# VM invoker: C:\Users\Hareram ray\AI\numJ\.tools\jdk\bin\java.exe
# VM options: --enable-native-access=ALL-UNNAMED --enable-native-access=ALL-UNNAMED -Xms1g -Xmx1g
# Blackhole mode: compiler (auto-detected, use -Djmh.blackhole.autoDetect=false to disable)
# Warmup: 5 iterations, 200 ms each
# Measurement: 5 iterations, 200 ms each
# Timeout: 10 min per iteration
# Threads: 1 thread, will synchronize iterations
# Benchmark mode: Average time, time/op
# Benchmark: numj.AllocBench.addReuse
# Parameters: (n = 100000)

# Run progress: 22.32% complete, ETA 00:04:06
# Fork: 1 of 3
WARNING: A terminally deprecated method in sun.misc.Unsafe has been called
WARNING: sun.misc.Unsafe::objectFieldOffset has been called by org.openjdk.jmh.util.Utils (file:/C:/Users/Hareram%20ray/AI/numJ/.tools/jmh/jmh-core-1.37.jar)
WARNING: Please consider reporting this to the maintainers of class org.openjdk.jmh.util.Utils
WARNING: sun.misc.Unsafe::objectFieldOffset will be removed in a future release
# Warmup Iteration   1: 67491.538 ns/op
# Warmup Iteration   2: 39104.502 ns/op
# Warmup Iteration   3: 37595.858 ns/op
# Warmup Iteration   4: 38209.408 ns/op
# Warmup Iteration   5: 37810.096 ns/op
Iteration   1: 37684.164 ns/op
Iteration   2: 37875.071 ns/op
Iteration   3: 37485.401 ns/op
Iteration   4: 37398.862 ns/op
Iteration   5: 37391.038 ns/op

# Run progress: 23.07% complete, ETA 00:04:04
# Fork: 2 of 3
WARNING: A terminally deprecated method in sun.misc.Unsafe has been called
WARNING: sun.misc.Unsafe::objectFieldOffset has been called by org.openjdk.jmh.util.Utils (file:/C:/Users/Hareram%20ray/AI/numJ/.tools/jmh/jmh-core-1.37.jar)
WARNING: Please consider reporting this to the maintainers of class org.openjdk.jmh.util.Utils
WARNING: sun.misc.Unsafe::objectFieldOffset will be removed in a future release
# Warmup Iteration   1: 74471.702 ns/op
# Warmup Iteration   2: 39648.893 ns/op
# Warmup Iteration   3: 38014.023 ns/op
# Warmup Iteration   4: 37827.994 ns/op
# Warmup Iteration   5: 37762.415 ns/op
Iteration   1: 37287.592 ns/op
Iteration   2: 38211.620 ns/op
Iteration   3: 37238.142 ns/op
Iteration   4: 37425.120 ns/op
Iteration   5: 37496.687 ns/op

# Run progress: 23.81% complete, ETA 00:04:01
# Fork: 3 of 3
WARNING: A terminally deprecated method in sun.misc.Unsafe has been called
WARNING: sun.misc.Unsafe::objectFieldOffset has been called by org.openjdk.jmh.util.Utils (file:/C:/Users/Hareram%20ray/AI/numJ/.tools/jmh/jmh-core-1.37.jar)
WARNING: Please consider reporting this to the maintainers of class org.openjdk.jmh.util.Utils
WARNING: sun.misc.Unsafe::objectFieldOffset will be removed in a future release
# Warmup Iteration   1: 82453.884 ns/op
# Warmup Iteration   2: 42054.780 ns/op
# Warmup Iteration   3: 37847.603 ns/op
# Warmup Iteration   4: 37289.127 ns/op
# Warmup Iteration   5: 37358.710 ns/op
Iteration   1: 37280.925 ns/op
Iteration   2: 40259.372 ns/op
Iteration   3: 40543.092 ns/op
Iteration   4: 37531.568 ns/op
Iteration   5: 37753.608 ns/op


Result "numj.AllocBench.addReuse":
  37924.151 ±(99.9%) 1110.703 ns/op [Average]
  (min, avg, max) = (37238.142, 37924.151, 40543.092), stdev = 1038.953
  CI (99.9%): [36813.448, 39034.854] (assumes normal distribution)


# JMH version: 1.37
# VM version: JDK 25.0.4.1, OpenJDK 64-Bit Server VM, 25.0.4.1+1-LTS
# VM invoker: C:\Users\Hareram ray\AI\numJ\.tools\jdk\bin\java.exe
# VM options: --enable-native-access=ALL-UNNAMED --enable-native-access=ALL-UNNAMED -Xms1g -Xmx1g
# Blackhole mode: compiler (auto-detected, use -Djmh.blackhole.autoDetect=false to disable)
# Warmup: 5 iterations, 200 ms each
# Measurement: 5 iterations, 200 ms each
# Timeout: 10 min per iteration
# Threads: 1 thread, will synchronize iterations
# Benchmark mode: Average time, time/op
# Benchmark: numj.AllocBench.addReuse
# Parameters: (n = 10000000)

# Run progress: 24.55% complete, ETA 00:03:58
# Fork: 1 of 3
WARNING: A terminally deprecated method in sun.misc.Unsafe has been called
WARNING: sun.misc.Unsafe::objectFieldOffset has been called by org.openjdk.jmh.util.Utils (file:/C:/Users/Hareram%20ray/AI/numJ/.tools/jmh/jmh-core-1.37.jar)
WARNING: Please consider reporting this to the maintainers of class org.openjdk.jmh.util.Utils
WARNING: sun.misc.Unsafe::objectFieldOffset will be removed in a future release
# Warmup Iteration   1: 36470883.333 ns/op
# Warmup Iteration   2: 20380960.000 ns/op
# Warmup Iteration   3: 20567080.000 ns/op
# Warmup Iteration   4: 20606930.000 ns/op
# Warmup Iteration   5: 20891420.000 ns/op
Iteration   1: 19617727.273 ns/op
Iteration   2: 20288090.000 ns/op
Iteration   3: 18133791.667 ns/op
Iteration   4: 18151266.667 ns/op
Iteration   5: 18300472.727 ns/op

# Run progress: 25.30% complete, ETA 00:03:57
# Fork: 2 of 3
WARNING: A terminally deprecated method in sun.misc.Unsafe has been called
WARNING: sun.misc.Unsafe::objectFieldOffset has been called by org.openjdk.jmh.util.Utils (file:/C:/Users/Hareram%20ray/AI/numJ/.tools/jmh/jmh-core-1.37.jar)
WARNING: Please consider reporting this to the maintainers of class org.openjdk.jmh.util.Utils
WARNING: sun.misc.Unsafe::objectFieldOffset will be removed in a future release
# Warmup Iteration   1: 33726316.667 ns/op
# Warmup Iteration   2: 17825375.000 ns/op
# Warmup Iteration   3: 17975291.667 ns/op
# Warmup Iteration   4: 17310416.667 ns/op
# Warmup Iteration   5: 18847745.455 ns/op
Iteration   1: 18262418.182 ns/op
Iteration   2: 17997541.667 ns/op
Iteration   3: 21410820.000 ns/op
Iteration   4: 17923341.667 ns/op
Iteration   5: 18479736.364 ns/op

# Run progress: 26.04% complete, ETA 00:03:55
# Fork: 3 of 3
WARNING: A terminally deprecated method in sun.misc.Unsafe has been called
WARNING: sun.misc.Unsafe::objectFieldOffset has been called by org.openjdk.jmh.util.Utils (file:/C:/Users/Hareram%20ray/AI/numJ/.tools/jmh/jmh-core-1.37.jar)
WARNING: Please consider reporting this to the maintainers of class org.openjdk.jmh.util.Utils
WARNING: sun.misc.Unsafe::objectFieldOffset will be removed in a future release
# Warmup Iteration   1: 33712416.667 ns/op
# Warmup Iteration   2: 17855966.667 ns/op
# Warmup Iteration   3: 18181708.333 ns/op
# Warmup Iteration   4: 17757925.000 ns/op
# Warmup Iteration   5: 18381454.545 ns/op
Iteration   1: 18163758.333 ns/op
Iteration   2: 17800333.333 ns/op
Iteration   3: 18242381.818 ns/op
Iteration   4: 17820391.667 ns/op
Iteration   5: 18162125.000 ns/op


Result "numj.AllocBench.addReuse":
  18583613.091 ±(99.9%) 1106470.825 ns/op [Average]
  (min, avg, max) = (17800333.333, 18583613.091, 21410820.000), stdev = 1034993.497
  CI (99.9%): [17477142.266, 19690083.916] (assumes normal distribution)


# JMH version: 1.37
# VM version: JDK 25.0.4.1, OpenJDK 64-Bit Server VM, 25.0.4.1+1-LTS
# VM invoker: C:\Users\Hareram ray\AI\numJ\.tools\jdk\bin\java.exe
# VM options: --enable-native-access=ALL-UNNAMED --enable-native-access=ALL-UNNAMED -Xms1g -Xmx1g
# Blackhole mode: compiler (auto-detected, use -Djmh.blackhole.autoDetect=false to disable)
# Warmup: 5 iterations, 200 ms each
# Measurement: 5 iterations, 200 ms each
# Timeout: 10 min per iteration
# Threads: 1 thread, will synchronize iterations
# Benchmark mode: Average time, time/op
# Benchmark: numj.AllocBench.allocClose
# Parameters: (n = 16)

# Run progress: 26.79% complete, ETA 00:03:53
# Fork: 1 of 3
WARNING: A terminally deprecated method in sun.misc.Unsafe has been called
WARNING: sun.misc.Unsafe::objectFieldOffset has been called by org.openjdk.jmh.util.Utils (file:/C:/Users/Hareram%20ray/AI/numJ/.tools/jmh/jmh-core-1.37.jar)
WARNING: Please consider reporting this to the maintainers of class org.openjdk.jmh.util.Utils
WARNING: sun.misc.Unsafe::objectFieldOffset will be removed in a future release
# Warmup Iteration   1: 106.129 ns/op
# Warmup Iteration   2: 71.864 ns/op
# Warmup Iteration   3: 65.125 ns/op
# Warmup Iteration   4: 65.514 ns/op
# Warmup Iteration   5: 64.608 ns/op
Iteration   1: 66.034 ns/op
Iteration   2: 64.329 ns/op
Iteration   3: 65.113 ns/op
Iteration   4: 66.304 ns/op
Iteration   5: 65.466 ns/op

# Run progress: 27.53% complete, ETA 00:03:50
# Fork: 2 of 3
WARNING: A terminally deprecated method in sun.misc.Unsafe has been called
WARNING: sun.misc.Unsafe::objectFieldOffset has been called by org.openjdk.jmh.util.Utils (file:/C:/Users/Hareram%20ray/AI/numJ/.tools/jmh/jmh-core-1.37.jar)
WARNING: Please consider reporting this to the maintainers of class org.openjdk.jmh.util.Utils
WARNING: sun.misc.Unsafe::objectFieldOffset will be removed in a future release
# Warmup Iteration   1: 109.305 ns/op
# Warmup Iteration   2: 72.596 ns/op
# Warmup Iteration   3: 65.887 ns/op
# Warmup Iteration   4: 64.965 ns/op
# Warmup Iteration   5: 62.395 ns/op
Iteration   1: 64.224 ns/op
Iteration   2: 64.037 ns/op
Iteration   3: 64.305 ns/op
Iteration   4: 62.506 ns/op
Iteration   5: 64.947 ns/op

# Run progress: 28.27% complete, ETA 00:03:48
# Fork: 3 of 3
WARNING: A terminally deprecated method in sun.misc.Unsafe has been called
WARNING: sun.misc.Unsafe::objectFieldOffset has been called by org.openjdk.jmh.util.Utils (file:/C:/Users/Hareram%20ray/AI/numJ/.tools/jmh/jmh-core-1.37.jar)
WARNING: Please consider reporting this to the maintainers of class org.openjdk.jmh.util.Utils
WARNING: sun.misc.Unsafe::objectFieldOffset will be removed in a future release
# Warmup Iteration   1: 126.572 ns/op
# Warmup Iteration   2: 70.313 ns/op
# Warmup Iteration   3: 69.005 ns/op
# Warmup Iteration   4: 64.774 ns/op
# Warmup Iteration   5: 63.219 ns/op
Iteration   1: 62.800 ns/op
Iteration   2: 63.577 ns/op
Iteration   3: 63.308 ns/op
Iteration   4: 63.315 ns/op
Iteration   5: 64.537 ns/op


Result "numj.AllocBench.allocClose":
  64.320 ±(99.9%) 1.196 ns/op [Average]
  (min, avg, max) = (62.506, 64.320, 66.304), stdev = 1.119
  CI (99.9%): [63.124, 65.516] (assumes normal distribution)


# JMH version: 1.37
# VM version: JDK 25.0.4.1, OpenJDK 64-Bit Server VM, 25.0.4.1+1-LTS
# VM invoker: C:\Users\Hareram ray\AI\numJ\.tools\jdk\bin\java.exe
# VM options: --enable-native-access=ALL-UNNAMED --enable-native-access=ALL-UNNAMED -Xms1g -Xmx1g
# Blackhole mode: compiler (auto-detected, use -Djmh.blackhole.autoDetect=false to disable)
# Warmup: 5 iterations, 200 ms each
# Measurement: 5 iterations, 200 ms each
# Timeout: 10 min per iteration
# Threads: 1 thread, will synchronize iterations
# Benchmark mode: Average time, time/op
# Benchmark: numj.AllocBench.allocClose
# Parameters: (n = 1000)

# Run progress: 29.02% complete, ETA 00:03:45
# Fork: 1 of 3
WARNING: A terminally deprecated method in sun.misc.Unsafe has been called
WARNING: sun.misc.Unsafe::objectFieldOffset has been called by org.openjdk.jmh.util.Utils (file:/C:/Users/Hareram%20ray/AI/numJ/.tools/jmh/jmh-core-1.37.jar)
WARNING: Please consider reporting this to the maintainers of class org.openjdk.jmh.util.Utils
WARNING: sun.misc.Unsafe::objectFieldOffset will be removed in a future release
# Warmup Iteration   1: 174.932 ns/op
# Warmup Iteration   2: 121.164 ns/op
# Warmup Iteration   3: 115.041 ns/op
# Warmup Iteration   4: 114.325 ns/op
# Warmup Iteration   5: 112.192 ns/op
Iteration   1: 111.241 ns/op
Iteration   2: 111.141 ns/op
Iteration   3: 110.272 ns/op
Iteration   4: 110.417 ns/op
Iteration   5: 110.245 ns/op

# Run progress: 29.76% complete, ETA 00:03:43
# Fork: 2 of 3
WARNING: A terminally deprecated method in sun.misc.Unsafe has been called
WARNING: sun.misc.Unsafe::objectFieldOffset has been called by org.openjdk.jmh.util.Utils (file:/C:/Users/Hareram%20ray/AI/numJ/.tools/jmh/jmh-core-1.37.jar)
WARNING: Please consider reporting this to the maintainers of class org.openjdk.jmh.util.Utils
WARNING: sun.misc.Unsafe::objectFieldOffset will be removed in a future release
# Warmup Iteration   1: 172.620 ns/op
# Warmup Iteration   2: 122.507 ns/op
# Warmup Iteration   3: 117.536 ns/op
# Warmup Iteration   4: 117.396 ns/op
# Warmup Iteration   5: 112.741 ns/op
Iteration   1: 113.749 ns/op
Iteration   2: 112.202 ns/op
Iteration   3: 132.962 ns/op
Iteration   4: 111.793 ns/op
Iteration   5: 111.058 ns/op

# Run progress: 30.51% complete, ETA 00:03:40
# Fork: 3 of 3
WARNING: A terminally deprecated method in sun.misc.Unsafe has been called
WARNING: sun.misc.Unsafe::objectFieldOffset has been called by org.openjdk.jmh.util.Utils (file:/C:/Users/Hareram%20ray/AI/numJ/.tools/jmh/jmh-core-1.37.jar)
WARNING: Please consider reporting this to the maintainers of class org.openjdk.jmh.util.Utils
WARNING: sun.misc.Unsafe::objectFieldOffset will be removed in a future release
# Warmup Iteration   1: 151.906 ns/op
# Warmup Iteration   2: 104.291 ns/op
# Warmup Iteration   3: 103.612 ns/op
# Warmup Iteration   4: 96.257 ns/op
# Warmup Iteration   5: 96.901 ns/op
Iteration   1: 96.568 ns/op
Iteration   2: 96.597 ns/op
Iteration   3: 95.952 ns/op
Iteration   4: 96.540 ns/op
Iteration   5: 98.248 ns/op


Result "numj.AllocBench.allocClose":
  107.932 ±(99.9%) 10.561 ns/op [Average]
  (min, avg, max) = (95.952, 107.932, 132.962), stdev = 9.879
  CI (99.9%): [97.371, 118.493] (assumes normal distribution)


# JMH version: 1.37
# VM version: JDK 25.0.4.1, OpenJDK 64-Bit Server VM, 25.0.4.1+1-LTS
# VM invoker: C:\Users\Hareram ray\AI\numJ\.tools\jdk\bin\java.exe
# VM options: --enable-native-access=ALL-UNNAMED --enable-native-access=ALL-UNNAMED -Xms1g -Xmx1g
# Blackhole mode: compiler (auto-detected, use -Djmh.blackhole.autoDetect=false to disable)
# Warmup: 5 iterations, 200 ms each
# Measurement: 5 iterations, 200 ms each
# Timeout: 10 min per iteration
# Threads: 1 thread, will synchronize iterations
# Benchmark mode: Average time, time/op
# Benchmark: numj.AllocBench.allocClose
# Parameters: (n = 100000)

# Run progress: 31.25% complete, ETA 00:03:38
# Fork: 1 of 3
WARNING: A terminally deprecated method in sun.misc.Unsafe has been called
WARNING: sun.misc.Unsafe::objectFieldOffset has been called by org.openjdk.jmh.util.Utils (file:/C:/Users/Hareram%20ray/AI/numJ/.tools/jmh/jmh-core-1.37.jar)
WARNING: Please consider reporting this to the maintainers of class org.openjdk.jmh.util.Utils
WARNING: sun.misc.Unsafe::objectFieldOffset will be removed in a future release
# Warmup Iteration   1: 14580.281 ns/op
# Warmup Iteration   2: 12548.588 ns/op
# Warmup Iteration   3: 12479.664 ns/op
# Warmup Iteration   4: 12428.947 ns/op
# Warmup Iteration   5: 12566.166 ns/op
Iteration   1: 12537.288 ns/op
Iteration   2: 13330.900 ns/op
Iteration   3: 14317.022 ns/op
Iteration   4: 14444.033 ns/op
Iteration   5: 14723.412 ns/op

# Run progress: 31.99% complete, ETA 00:03:35
# Fork: 2 of 3
WARNING: A terminally deprecated method in sun.misc.Unsafe has been called
WARNING: sun.misc.Unsafe::objectFieldOffset has been called by org.openjdk.jmh.util.Utils (file:/C:/Users/Hareram%20ray/AI/numJ/.tools/jmh/jmh-core-1.37.jar)
WARNING: Please consider reporting this to the maintainers of class org.openjdk.jmh.util.Utils
WARNING: sun.misc.Unsafe::objectFieldOffset will be removed in a future release
# Warmup Iteration   1: 15348.009 ns/op
# Warmup Iteration   2: 13513.050 ns/op
# Warmup Iteration   3: 13593.996 ns/op
# Warmup Iteration   4: 13642.116 ns/op
# Warmup Iteration   5: 14971.252 ns/op
Iteration   1: 15190.688 ns/op
Iteration   2: 14918.039 ns/op
Iteration   3: 15330.631 ns/op
Iteration   4: 14331.437 ns/op
Iteration   5: 14604.471 ns/op

# Run progress: 32.74% complete, ETA 00:03:32
# Fork: 3 of 3
WARNING: A terminally deprecated method in sun.misc.Unsafe has been called
WARNING: sun.misc.Unsafe::objectFieldOffset has been called by org.openjdk.jmh.util.Utils (file:/C:/Users/Hareram%20ray/AI/numJ/.tools/jmh/jmh-core-1.37.jar)
WARNING: Please consider reporting this to the maintainers of class org.openjdk.jmh.util.Utils
WARNING: sun.misc.Unsafe::objectFieldOffset will be removed in a future release
# Warmup Iteration   1: 16174.098 ns/op
# Warmup Iteration   2: 15884.157 ns/op
# Warmup Iteration   3: 15402.723 ns/op
# Warmup Iteration   4: 15719.768 ns/op
# Warmup Iteration   5: 15507.885 ns/op
Iteration   1: 14492.058 ns/op
Iteration   2: 15233.636 ns/op
Iteration   3: 14177.886 ns/op
Iteration   4: 13886.483 ns/op
Iteration   5: 14304.592 ns/op


Result "numj.AllocBench.allocClose":
  14388.172 ±(99.9%) 785.372 ns/op [Average]
  (min, avg, max) = (12537.288, 14388.172, 15330.631), stdev = 734.637
  CI (99.9%): [13602.800, 15173.544] (assumes normal distribution)


# JMH version: 1.37
# VM version: JDK 25.0.4.1, OpenJDK 64-Bit Server VM, 25.0.4.1+1-LTS
# VM invoker: C:\Users\Hareram ray\AI\numJ\.tools\jdk\bin\java.exe
# VM options: --enable-native-access=ALL-UNNAMED --enable-native-access=ALL-UNNAMED -Xms1g -Xmx1g
# Blackhole mode: compiler (auto-detected, use -Djmh.blackhole.autoDetect=false to disable)
# Warmup: 5 iterations, 200 ms each
# Measurement: 5 iterations, 200 ms each
# Timeout: 10 min per iteration
# Threads: 1 thread, will synchronize iterations
# Benchmark mode: Average time, time/op
# Benchmark: numj.AllocBench.allocClose
# Parameters: (n = 10000000)

# Run progress: 33.48% complete, ETA 00:03:30
# Fork: 1 of 3
WARNING: A terminally deprecated method in sun.misc.Unsafe has been called
WARNING: sun.misc.Unsafe::objectFieldOffset has been called by org.openjdk.jmh.util.Utils (file:/C:/Users/Hareram%20ray/AI/numJ/.tools/jmh/jmh-core-1.37.jar)
WARNING: Please consider reporting this to the maintainers of class org.openjdk.jmh.util.Utils
WARNING: sun.misc.Unsafe::objectFieldOffset will be removed in a future release
# Warmup Iteration   1: 18132366.667 ns/op
# Warmup Iteration   2: 20080763.636 ns/op
# Warmup Iteration   3: 20616990.000 ns/op
# Warmup Iteration   4: 20154670.000 ns/op
# Warmup Iteration   5: 19031127.273 ns/op
Iteration   1: 20548680.000 ns/op
Iteration   2: 20374080.000 ns/op
Iteration   3: 21003630.000 ns/op
Iteration   4: 20292780.000 ns/op
Iteration   5: 19452154.545 ns/op

# Run progress: 34.23% complete, ETA 00:03:28
# Fork: 2 of 3
WARNING: A terminally deprecated method in sun.misc.Unsafe has been called
WARNING: sun.misc.Unsafe::objectFieldOffset has been called by org.openjdk.jmh.util.Utils (file:/C:/Users/Hareram%20ray/AI/numJ/.tools/jmh/jmh-core-1.37.jar)
WARNING: Please consider reporting this to the maintainers of class org.openjdk.jmh.util.Utils
WARNING: sun.misc.Unsafe::objectFieldOffset will be removed in a future release
# Warmup Iteration   1: 20912760.000 ns/op
# Warmup Iteration   2: 20346560.000 ns/op
# Warmup Iteration   3: 20585160.000 ns/op
# Warmup Iteration   4: 20344530.000 ns/op
# Warmup Iteration   5: 20312380.000 ns/op
Iteration   1: 21289670.000 ns/op
Iteration   2: 23424120.000 ns/op
Iteration   3: 19268272.727 ns/op
Iteration   4: 20600410.000 ns/op
Iteration   5: 19946945.455 ns/op

# Run progress: 34.97% complete, ETA 00:03:26
# Fork: 3 of 3
WARNING: A terminally deprecated method in sun.misc.Unsafe has been called
WARNING: sun.misc.Unsafe::objectFieldOffset has been called by org.openjdk.jmh.util.Utils (file:/C:/Users/Hareram%20ray/AI/numJ/.tools/jmh/jmh-core-1.37.jar)
WARNING: Please consider reporting this to the maintainers of class org.openjdk.jmh.util.Utils
WARNING: sun.misc.Unsafe::objectFieldOffset will be removed in a future release
# Warmup Iteration   1: 18147158.333 ns/op
# Warmup Iteration   2: 19483145.455 ns/op
# Warmup Iteration   3: 21165690.000 ns/op
# Warmup Iteration   4: 18851209.091 ns/op
# Warmup Iteration   5: 20263310.000 ns/op
Iteration   1: 20770660.000 ns/op
Iteration   2: 19538081.818 ns/op
Iteration   3: 20354770.000 ns/op
Iteration   4: 20151830.000 ns/op
Iteration   5: 20880880.000 ns/op


Result "numj.AllocBench.allocClose":
  20526464.303 ±(99.9%) 1057365.718 ns/op [Average]
  (min, avg, max) = (19268272.727, 20526464.303, 23424120.000), stdev = 989060.548
  CI (99.9%): [19469098.585, 21583830.021] (assumes normal distribution)


# JMH version: 1.37
# VM version: JDK 25.0.4.1, OpenJDK 64-Bit Server VM, 25.0.4.1+1-LTS
# VM invoker: C:\Users\Hareram ray\AI\numJ\.tools\jdk\bin\java.exe
# VM options: --enable-native-access=ALL-UNNAMED --enable-native-access=ALL-UNNAMED -Xms1g -Xmx1g
# Blackhole mode: compiler (auto-detected, use -Djmh.blackhole.autoDetect=false to disable)
# Warmup: 4 iterations, 150 ms each
# Measurement: 5 iterations, 150 ms each
# Timeout: 10 min per iteration
# Threads: 1 thread, will synchronize iterations
# Benchmark mode: Average time, time/op
# Benchmark: numj.SmallBench.add
# Parameters: (n = 1, path = java)

# Run progress: 35.71% complete, ETA 00:03:24
# Fork: 1 of 2
WARNING: A terminally deprecated method in sun.misc.Unsafe has been called
WARNING: sun.misc.Unsafe::objectFieldOffset has been called by org.openjdk.jmh.util.Utils (file:/C:/Users/Hareram%20ray/AI/numJ/.tools/jmh/jmh-core-1.37.jar)
WARNING: Please consider reporting this to the maintainers of class org.openjdk.jmh.util.Utils
WARNING: sun.misc.Unsafe::objectFieldOffset will be removed in a future release
# Warmup Iteration   1: 12.399 ns/op
# Warmup Iteration   2: 11.008 ns/op
# Warmup Iteration   3: 10.638 ns/op
# Warmup Iteration   4: 10.683 ns/op
Iteration   1: 10.637 ns/op
Iteration   2: 10.784 ns/op
Iteration   3: 10.937 ns/op
Iteration   4: 10.735 ns/op
Iteration   5: 10.903 ns/op

# Run progress: 36.22% complete, ETA 00:03:22
# Fork: 2 of 2
WARNING: A terminally deprecated method in sun.misc.Unsafe has been called
WARNING: sun.misc.Unsafe::objectFieldOffset has been called by org.openjdk.jmh.util.Utils (file:/C:/Users/Hareram%20ray/AI/numJ/.tools/jmh/jmh-core-1.37.jar)
WARNING: Please consider reporting this to the maintainers of class org.openjdk.jmh.util.Utils
WARNING: sun.misc.Unsafe::objectFieldOffset will be removed in a future release
# Warmup Iteration   1: 12.172 ns/op
# Warmup Iteration   2: 10.706 ns/op
# Warmup Iteration   3: 10.371 ns/op
# Warmup Iteration   4: 10.453 ns/op
Iteration   1: 10.605 ns/op
Iteration   2: 10.574 ns/op
Iteration   3: 10.511 ns/op
Iteration   4: 10.532 ns/op
Iteration   5: 10.522 ns/op


Result "numj.SmallBench.add":
  10.674 ±(99.9%) 0.238 ns/op [Average]
  (min, avg, max) = (10.511, 10.674, 10.937), stdev = 0.157
  CI (99.9%): [10.436, 10.912] (assumes normal distribution)


# JMH version: 1.37
# VM version: JDK 25.0.4.1, OpenJDK 64-Bit Server VM, 25.0.4.1+1-LTS
# VM invoker: C:\Users\Hareram ray\AI\numJ\.tools\jdk\bin\java.exe
# VM options: --enable-native-access=ALL-UNNAMED --enable-native-access=ALL-UNNAMED -Xms1g -Xmx1g
# Blackhole mode: compiler (auto-detected, use -Djmh.blackhole.autoDetect=false to disable)
# Warmup: 4 iterations, 150 ms each
# Measurement: 5 iterations, 150 ms each
# Timeout: 10 min per iteration
# Threads: 1 thread, will synchronize iterations
# Benchmark mode: Average time, time/op
# Benchmark: numj.SmallBench.add
# Parameters: (n = 1, path = native)

# Run progress: 36.72% complete, ETA 00:03:21
# Fork: 1 of 2
WARNING: A terminally deprecated method in sun.misc.Unsafe has been called
WARNING: sun.misc.Unsafe::objectFieldOffset has been called by org.openjdk.jmh.util.Utils (file:/C:/Users/Hareram%20ray/AI/numJ/.tools/jmh/jmh-core-1.37.jar)
WARNING: Please consider reporting this to the maintainers of class org.openjdk.jmh.util.Utils
WARNING: sun.misc.Unsafe::objectFieldOffset will be removed in a future release
# Warmup Iteration   1: 42.385 ns/op
# Warmup Iteration   2: 15.867 ns/op
# Warmup Iteration   3: 16.090 ns/op
# Warmup Iteration   4: 16.210 ns/op
Iteration   1: 16.017 ns/op
Iteration   2: 16.378 ns/op
Iteration   3: 16.010 ns/op
Iteration   4: 16.152 ns/op
Iteration   5: 15.875 ns/op

# Run progress: 37.22% complete, ETA 00:03:19
# Fork: 2 of 2
WARNING: A terminally deprecated method in sun.misc.Unsafe has been called
WARNING: sun.misc.Unsafe::objectFieldOffset has been called by org.openjdk.jmh.util.Utils (file:/C:/Users/Hareram%20ray/AI/numJ/.tools/jmh/jmh-core-1.37.jar)
WARNING: Please consider reporting this to the maintainers of class org.openjdk.jmh.util.Utils
WARNING: sun.misc.Unsafe::objectFieldOffset will be removed in a future release
# Warmup Iteration   1: 41.223 ns/op
# Warmup Iteration   2: 16.223 ns/op
# Warmup Iteration   3: 16.006 ns/op
# Warmup Iteration   4: 15.825 ns/op
Iteration   1: 16.104 ns/op
Iteration   2: 16.023 ns/op
Iteration   3: 15.958 ns/op
Iteration   4: 16.063 ns/op
Iteration   5: 16.342 ns/op


Result "numj.SmallBench.add":
  16.092 ±(99.9%) 0.242 ns/op [Average]
  (min, avg, max) = (15.875, 16.092, 16.378), stdev = 0.160
  CI (99.9%): [15.850, 16.335] (assumes normal distribution)


# JMH version: 1.37
# VM version: JDK 25.0.4.1, OpenJDK 64-Bit Server VM, 25.0.4.1+1-LTS
# VM invoker: C:\Users\Hareram ray\AI\numJ\.tools\jdk\bin\java.exe
# VM options: --enable-native-access=ALL-UNNAMED --enable-native-access=ALL-UNNAMED -Xms1g -Xmx1g
# Blackhole mode: compiler (auto-detected, use -Djmh.blackhole.autoDetect=false to disable)
# Warmup: 4 iterations, 150 ms each
# Measurement: 5 iterations, 150 ms each
# Timeout: 10 min per iteration
# Threads: 1 thread, will synchronize iterations
# Benchmark mode: Average time, time/op
# Benchmark: numj.SmallBench.add
# Parameters: (n = 4, path = java)

# Run progress: 37.72% complete, ETA 00:03:18
# Fork: 1 of 2
WARNING: A terminally deprecated method in sun.misc.Unsafe has been called
WARNING: sun.misc.Unsafe::objectFieldOffset has been called by org.openjdk.jmh.util.Utils (file:/C:/Users/Hareram%20ray/AI/numJ/.tools/jmh/jmh-core-1.37.jar)
WARNING: Please consider reporting this to the maintainers of class org.openjdk.jmh.util.Utils
WARNING: sun.misc.Unsafe::objectFieldOffset will be removed in a future release
# Warmup Iteration   1: 20.195 ns/op
# Warmup Iteration   2: 16.930 ns/op
# Warmup Iteration   3: 16.694 ns/op
# Warmup Iteration   4: 16.665 ns/op
Iteration   1: 16.702 ns/op
Iteration   2: 16.465 ns/op
Iteration   3: 16.503 ns/op
Iteration   4: 17.002 ns/op
Iteration   5: 16.761 ns/op

# Run progress: 38.23% complete, ETA 00:03:16
# Fork: 2 of 2
WARNING: A terminally deprecated method in sun.misc.Unsafe has been called
WARNING: sun.misc.Unsafe::objectFieldOffset has been called by org.openjdk.jmh.util.Utils (file:/C:/Users/Hareram%20ray/AI/numJ/.tools/jmh/jmh-core-1.37.jar)
WARNING: Please consider reporting this to the maintainers of class org.openjdk.jmh.util.Utils
WARNING: sun.misc.Unsafe::objectFieldOffset will be removed in a future release
# Warmup Iteration   1: 20.290 ns/op
# Warmup Iteration   2: 16.944 ns/op
# Warmup Iteration   3: 17.278 ns/op
# Warmup Iteration   4: 17.123 ns/op
Iteration   1: 16.771 ns/op
Iteration   2: 16.770 ns/op
Iteration   3: 16.781 ns/op
Iteration   4: 16.937 ns/op
Iteration   5: 16.859 ns/op


Result "numj.SmallBench.add":
  16.755 ±(99.9%) 0.255 ns/op [Average]
  (min, avg, max) = (16.465, 16.755, 17.002), stdev = 0.169
  CI (99.9%): [16.500, 17.010] (assumes normal distribution)


# JMH version: 1.37
# VM version: JDK 25.0.4.1, OpenJDK 64-Bit Server VM, 25.0.4.1+1-LTS
# VM invoker: C:\Users\Hareram ray\AI\numJ\.tools\jdk\bin\java.exe
# VM options: --enable-native-access=ALL-UNNAMED --enable-native-access=ALL-UNNAMED -Xms1g -Xmx1g
# Blackhole mode: compiler (auto-detected, use -Djmh.blackhole.autoDetect=false to disable)
# Warmup: 4 iterations, 150 ms each
# Measurement: 5 iterations, 150 ms each
# Timeout: 10 min per iteration
# Threads: 1 thread, will synchronize iterations
# Benchmark mode: Average time, time/op
# Benchmark: numj.SmallBench.add
# Parameters: (n = 4, path = native)

# Run progress: 38.73% complete, ETA 00:03:14
# Fork: 1 of 2
WARNING: A terminally deprecated method in sun.misc.Unsafe has been called
WARNING: sun.misc.Unsafe::objectFieldOffset has been called by org.openjdk.jmh.util.Utils (file:/C:/Users/Hareram%20ray/AI/numJ/.tools/jmh/jmh-core-1.37.jar)
WARNING: Please consider reporting this to the maintainers of class org.openjdk.jmh.util.Utils
WARNING: sun.misc.Unsafe::objectFieldOffset will be removed in a future release
# Warmup Iteration   1: 64.103 ns/op
# Warmup Iteration   2: 16.165 ns/op
# Warmup Iteration   3: 15.734 ns/op
# Warmup Iteration   4: 15.897 ns/op
Iteration   1: 15.603 ns/op
Iteration   2: 15.630 ns/op
Iteration   3: 15.839 ns/op
Iteration   4: 15.763 ns/op
Iteration   5: 18.417 ns/op

# Run progress: 39.23% complete, ETA 00:03:13
# Fork: 2 of 2
WARNING: A terminally deprecated method in sun.misc.Unsafe has been called
WARNING: sun.misc.Unsafe::objectFieldOffset has been called by org.openjdk.jmh.util.Utils (file:/C:/Users/Hareram%20ray/AI/numJ/.tools/jmh/jmh-core-1.37.jar)
WARNING: Please consider reporting this to the maintainers of class org.openjdk.jmh.util.Utils
WARNING: sun.misc.Unsafe::objectFieldOffset will be removed in a future release
# Warmup Iteration   1: 53.730 ns/op
# Warmup Iteration   2: 16.775 ns/op
# Warmup Iteration   3: 16.579 ns/op
# Warmup Iteration   4: 16.186 ns/op
Iteration   1: 16.593 ns/op
Iteration   2: 16.383 ns/op
Iteration   3: 16.459 ns/op
Iteration   4: 16.195 ns/op
Iteration   5: 16.272 ns/op


Result "numj.SmallBench.add":
  16.315 ±(99.9%) 1.239 ns/op [Average]
  (min, avg, max) = (15.603, 16.315, 18.417), stdev = 0.820
  CI (99.9%): [15.076, 17.554] (assumes normal distribution)


# JMH version: 1.37
# VM version: JDK 25.0.4.1, OpenJDK 64-Bit Server VM, 25.0.4.1+1-LTS
# VM invoker: C:\Users\Hareram ray\AI\numJ\.tools\jdk\bin\java.exe
# VM options: --enable-native-access=ALL-UNNAMED --enable-native-access=ALL-UNNAMED -Xms1g -Xmx1g
# Blackhole mode: compiler (auto-detected, use -Djmh.blackhole.autoDetect=false to disable)
# Warmup: 4 iterations, 150 ms each
# Measurement: 5 iterations, 150 ms each
# Timeout: 10 min per iteration
# Threads: 1 thread, will synchronize iterations
# Benchmark mode: Average time, time/op
# Benchmark: numj.SmallBench.add
# Parameters: (n = 16, path = java)

# Run progress: 39.73% complete, ETA 00:03:11
# Fork: 1 of 2
WARNING: A terminally deprecated method in sun.misc.Unsafe has been called
WARNING: sun.misc.Unsafe::objectFieldOffset has been called by org.openjdk.jmh.util.Utils (file:/C:/Users/Hareram%20ray/AI/numJ/.tools/jmh/jmh-core-1.37.jar)
WARNING: Please consider reporting this to the maintainers of class org.openjdk.jmh.util.Utils
WARNING: sun.misc.Unsafe::objectFieldOffset will be removed in a future release
# Warmup Iteration   1: 27.336 ns/op
# Warmup Iteration   2: 22.294 ns/op
# Warmup Iteration   3: 22.285 ns/op
# Warmup Iteration   4: 21.792 ns/op
Iteration   1: 21.722 ns/op
Iteration   2: 21.873 ns/op
Iteration   3: 21.974 ns/op
Iteration   4: 22.128 ns/op
Iteration   5: 22.090 ns/op

# Run progress: 40.23% complete, ETA 00:03:10
# Fork: 2 of 2
WARNING: A terminally deprecated method in sun.misc.Unsafe has been called
WARNING: sun.misc.Unsafe::objectFieldOffset has been called by org.openjdk.jmh.util.Utils (file:/C:/Users/Hareram%20ray/AI/numJ/.tools/jmh/jmh-core-1.37.jar)
WARNING: Please consider reporting this to the maintainers of class org.openjdk.jmh.util.Utils
WARNING: sun.misc.Unsafe::objectFieldOffset will be removed in a future release
# Warmup Iteration   1: 27.116 ns/op
# Warmup Iteration   2: 22.032 ns/op
# Warmup Iteration   3: 21.854 ns/op
# Warmup Iteration   4: 22.110 ns/op
Iteration   1: 22.370 ns/op
Iteration   2: 21.650 ns/op
Iteration   3: 22.027 ns/op
Iteration   4: 21.912 ns/op
Iteration   5: 22.287 ns/op


Result "numj.SmallBench.add":
  22.003 ±(99.9%) 0.345 ns/op [Average]
  (min, avg, max) = (21.650, 22.003, 22.370), stdev = 0.228
  CI (99.9%): [21.658, 22.349] (assumes normal distribution)


# JMH version: 1.37
# VM version: JDK 25.0.4.1, OpenJDK 64-Bit Server VM, 25.0.4.1+1-LTS
# VM invoker: C:\Users\Hareram ray\AI\numJ\.tools\jdk\bin\java.exe
# VM options: --enable-native-access=ALL-UNNAMED --enable-native-access=ALL-UNNAMED -Xms1g -Xmx1g
# Blackhole mode: compiler (auto-detected, use -Djmh.blackhole.autoDetect=false to disable)
# Warmup: 4 iterations, 150 ms each
# Measurement: 5 iterations, 150 ms each
# Timeout: 10 min per iteration
# Threads: 1 thread, will synchronize iterations
# Benchmark mode: Average time, time/op
# Benchmark: numj.SmallBench.add
# Parameters: (n = 16, path = native)

# Run progress: 40.74% complete, ETA 00:03:08
# Fork: 1 of 2
WARNING: A terminally deprecated method in sun.misc.Unsafe has been called
WARNING: sun.misc.Unsafe::objectFieldOffset has been called by org.openjdk.jmh.util.Utils (file:/C:/Users/Hareram%20ray/AI/numJ/.tools/jmh/jmh-core-1.37.jar)
WARNING: Please consider reporting this to the maintainers of class org.openjdk.jmh.util.Utils
WARNING: sun.misc.Unsafe::objectFieldOffset will be removed in a future release
# Warmup Iteration   1: 40.975 ns/op
# Warmup Iteration   2: 17.254 ns/op
# Warmup Iteration   3: 16.857 ns/op
# Warmup Iteration   4: 16.953 ns/op
Iteration   1: 17.291 ns/op
Iteration   2: 17.228 ns/op
Iteration   3: 17.035 ns/op
Iteration   4: 16.996 ns/op
Iteration   5: 16.659 ns/op

# Run progress: 41.24% complete, ETA 00:03:06
# Fork: 2 of 2
WARNING: A terminally deprecated method in sun.misc.Unsafe has been called
WARNING: sun.misc.Unsafe::objectFieldOffset has been called by org.openjdk.jmh.util.Utils (file:/C:/Users/Hareram%20ray/AI/numJ/.tools/jmh/jmh-core-1.37.jar)
WARNING: Please consider reporting this to the maintainers of class org.openjdk.jmh.util.Utils
WARNING: sun.misc.Unsafe::objectFieldOffset will be removed in a future release
# Warmup Iteration   1: 45.390 ns/op
# Warmup Iteration   2: 16.819 ns/op
# Warmup Iteration   3: 16.731 ns/op
# Warmup Iteration   4: 16.866 ns/op
Iteration   1: 16.737 ns/op
Iteration   2: 16.852 ns/op
Iteration   3: 16.831 ns/op
Iteration   4: 16.437 ns/op
Iteration   5: 16.541 ns/op


Result "numj.SmallBench.add":
  16.861 ±(99.9%) 0.424 ns/op [Average]
  (min, avg, max) = (16.437, 16.861, 17.291), stdev = 0.281
  CI (99.9%): [16.437, 17.285] (assumes normal distribution)


# JMH version: 1.37
# VM version: JDK 25.0.4.1, OpenJDK 64-Bit Server VM, 25.0.4.1+1-LTS
# VM invoker: C:\Users\Hareram ray\AI\numJ\.tools\jdk\bin\java.exe
# VM options: --enable-native-access=ALL-UNNAMED --enable-native-access=ALL-UNNAMED -Xms1g -Xmx1g
# Blackhole mode: compiler (auto-detected, use -Djmh.blackhole.autoDetect=false to disable)
# Warmup: 4 iterations, 150 ms each
# Measurement: 5 iterations, 150 ms each
# Timeout: 10 min per iteration
# Threads: 1 thread, will synchronize iterations
# Benchmark mode: Average time, time/op
# Benchmark: numj.SmallBench.add
# Parameters: (n = 32, path = java)

# Run progress: 41.74% complete, ETA 00:03:05
# Fork: 1 of 2
WARNING: A terminally deprecated method in sun.misc.Unsafe has been called
WARNING: sun.misc.Unsafe::objectFieldOffset has been called by org.openjdk.jmh.util.Utils (file:/C:/Users/Hareram%20ray/AI/numJ/.tools/jmh/jmh-core-1.37.jar)
WARNING: Please consider reporting this to the maintainers of class org.openjdk.jmh.util.Utils
WARNING: sun.misc.Unsafe::objectFieldOffset will be removed in a future release
# Warmup Iteration   1: 39.570 ns/op
# Warmup Iteration   2: 30.397 ns/op
# Warmup Iteration   3: 30.402 ns/op
# Warmup Iteration   4: 30.072 ns/op
Iteration   1: 29.749 ns/op
Iteration   2: 30.097 ns/op
Iteration   3: 30.019 ns/op
Iteration   4: 30.047 ns/op
Iteration   5: 29.914 ns/op

# Run progress: 42.24% complete, ETA 00:03:03
# Fork: 2 of 2
WARNING: A terminally deprecated method in sun.misc.Unsafe has been called
WARNING: sun.misc.Unsafe::objectFieldOffset has been called by org.openjdk.jmh.util.Utils (file:/C:/Users/Hareram%20ray/AI/numJ/.tools/jmh/jmh-core-1.37.jar)
WARNING: Please consider reporting this to the maintainers of class org.openjdk.jmh.util.Utils
WARNING: sun.misc.Unsafe::objectFieldOffset will be removed in a future release
# Warmup Iteration   1: 37.565 ns/op
# Warmup Iteration   2: 30.364 ns/op
# Warmup Iteration   3: 33.751 ns/op
# Warmup Iteration   4: 29.256 ns/op
Iteration   1: 29.926 ns/op
Iteration   2: 29.130 ns/op
Iteration   3: 29.472 ns/op
Iteration   4: 29.584 ns/op
Iteration   5: 29.703 ns/op


Result "numj.SmallBench.add":
  29.764 ±(99.9%) 0.459 ns/op [Average]
  (min, avg, max) = (29.130, 29.764, 30.097), stdev = 0.303
  CI (99.9%): [29.306, 30.223] (assumes normal distribution)


# JMH version: 1.37
# VM version: JDK 25.0.4.1, OpenJDK 64-Bit Server VM, 25.0.4.1+1-LTS
# VM invoker: C:\Users\Hareram ray\AI\numJ\.tools\jdk\bin\java.exe
# VM options: --enable-native-access=ALL-UNNAMED --enable-native-access=ALL-UNNAMED -Xms1g -Xmx1g
# Blackhole mode: compiler (auto-detected, use -Djmh.blackhole.autoDetect=false to disable)
# Warmup: 4 iterations, 150 ms each
# Measurement: 5 iterations, 150 ms each
# Timeout: 10 min per iteration
# Threads: 1 thread, will synchronize iterations
# Benchmark mode: Average time, time/op
# Benchmark: numj.SmallBench.add
# Parameters: (n = 32, path = native)

# Run progress: 42.75% complete, ETA 00:03:02
# Fork: 1 of 2
WARNING: A terminally deprecated method in sun.misc.Unsafe has been called
WARNING: sun.misc.Unsafe::objectFieldOffset has been called by org.openjdk.jmh.util.Utils (file:/C:/Users/Hareram%20ray/AI/numJ/.tools/jmh/jmh-core-1.37.jar)
WARNING: Please consider reporting this to the maintainers of class org.openjdk.jmh.util.Utils
WARNING: sun.misc.Unsafe::objectFieldOffset will be removed in a future release
# Warmup Iteration   1: 54.640 ns/op
# Warmup Iteration   2: 18.749 ns/op
# Warmup Iteration   3: 18.570 ns/op
# Warmup Iteration   4: 18.674 ns/op
Iteration   1: 18.800 ns/op
Iteration   2: 27.366 ns/op
Iteration   3: 18.318 ns/op
Iteration   4: 18.877 ns/op
Iteration   5: 18.299 ns/op

# Run progress: 43.25% complete, ETA 00:03:00
# Fork: 2 of 2
WARNING: A terminally deprecated method in sun.misc.Unsafe has been called
WARNING: sun.misc.Unsafe::objectFieldOffset has been called by org.openjdk.jmh.util.Utils (file:/C:/Users/Hareram%20ray/AI/numJ/.tools/jmh/jmh-core-1.37.jar)
WARNING: Please consider reporting this to the maintainers of class org.openjdk.jmh.util.Utils
WARNING: sun.misc.Unsafe::objectFieldOffset will be removed in a future release
# Warmup Iteration   1: 48.162 ns/op
# Warmup Iteration   2: 19.374 ns/op
# Warmup Iteration   3: 18.922 ns/op
# Warmup Iteration   4: 18.462 ns/op
Iteration   1: 20.296 ns/op
Iteration   2: 21.110 ns/op
Iteration   3: 18.800 ns/op
Iteration   4: 18.623 ns/op
Iteration   5: 18.361 ns/op


Result "numj.SmallBench.add":
  19.885 ±(99.9%) 4.213 ns/op [Average]
  (min, avg, max) = (18.299, 19.885, 27.366), stdev = 2.787
  CI (99.9%): [15.672, 24.098] (assumes normal distribution)


# JMH version: 1.37
# VM version: JDK 25.0.4.1, OpenJDK 64-Bit Server VM, 25.0.4.1+1-LTS
# VM invoker: C:\Users\Hareram ray\AI\numJ\.tools\jdk\bin\java.exe
# VM options: --enable-native-access=ALL-UNNAMED --enable-native-access=ALL-UNNAMED -Xms1g -Xmx1g
# Blackhole mode: compiler (auto-detected, use -Djmh.blackhole.autoDetect=false to disable)
# Warmup: 4 iterations, 150 ms each
# Measurement: 5 iterations, 150 ms each
# Timeout: 10 min per iteration
# Threads: 1 thread, will synchronize iterations
# Benchmark mode: Average time, time/op
# Benchmark: numj.SmallBench.add
# Parameters: (n = 64, path = java)

# Run progress: 43.75% complete, ETA 00:02:59
# Fork: 1 of 2
WARNING: A terminally deprecated method in sun.misc.Unsafe has been called
WARNING: sun.misc.Unsafe::objectFieldOffset has been called by org.openjdk.jmh.util.Utils (file:/C:/Users/Hareram%20ray/AI/numJ/.tools/jmh/jmh-core-1.37.jar)
WARNING: Please consider reporting this to the maintainers of class org.openjdk.jmh.util.Utils
WARNING: sun.misc.Unsafe::objectFieldOffset will be removed in a future release
# Warmup Iteration   1: 66.512 ns/op
# Warmup Iteration   2: 51.156 ns/op
# Warmup Iteration   3: 53.055 ns/op
# Warmup Iteration   4: 52.035 ns/op
Iteration   1: 52.149 ns/op
Iteration   2: 55.306 ns/op
Iteration   3: 51.896 ns/op
Iteration   4: 50.759 ns/op
Iteration   5: 55.081 ns/op

# Run progress: 44.25% complete, ETA 00:02:57
# Fork: 2 of 2
WARNING: A terminally deprecated method in sun.misc.Unsafe has been called
WARNING: sun.misc.Unsafe::objectFieldOffset has been called by org.openjdk.jmh.util.Utils (file:/C:/Users/Hareram%20ray/AI/numJ/.tools/jmh/jmh-core-1.37.jar)
WARNING: Please consider reporting this to the maintainers of class org.openjdk.jmh.util.Utils
WARNING: sun.misc.Unsafe::objectFieldOffset will be removed in a future release
# Warmup Iteration   1: 70.122 ns/op
# Warmup Iteration   2: 51.579 ns/op
# Warmup Iteration   3: 49.530 ns/op
# Warmup Iteration   4: 53.749 ns/op
Iteration   1: 52.009 ns/op
Iteration   2: 52.504 ns/op
Iteration   3: 49.351 ns/op
Iteration   4: 51.578 ns/op
Iteration   5: 51.023 ns/op


Result "numj.SmallBench.add":
  52.166 ±(99.9%) 2.766 ns/op [Average]
  (min, avg, max) = (49.351, 52.166, 55.306), stdev = 1.830
  CI (99.9%): [49.400, 54.932] (assumes normal distribution)


# JMH version: 1.37
# VM version: JDK 25.0.4.1, OpenJDK 64-Bit Server VM, 25.0.4.1+1-LTS
# VM invoker: C:\Users\Hareram ray\AI\numJ\.tools\jdk\bin\java.exe
# VM options: --enable-native-access=ALL-UNNAMED --enable-native-access=ALL-UNNAMED -Xms1g -Xmx1g
# Blackhole mode: compiler (auto-detected, use -Djmh.blackhole.autoDetect=false to disable)
# Warmup: 4 iterations, 150 ms each
# Measurement: 5 iterations, 150 ms each
# Timeout: 10 min per iteration
# Threads: 1 thread, will synchronize iterations
# Benchmark mode: Average time, time/op
# Benchmark: numj.SmallBench.add
# Parameters: (n = 64, path = native)

# Run progress: 44.75% complete, ETA 00:02:55
# Fork: 1 of 2
WARNING: A terminally deprecated method in sun.misc.Unsafe has been called
WARNING: sun.misc.Unsafe::objectFieldOffset has been called by org.openjdk.jmh.util.Utils (file:/C:/Users/Hareram%20ray/AI/numJ/.tools/jmh/jmh-core-1.37.jar)
WARNING: Please consider reporting this to the maintainers of class org.openjdk.jmh.util.Utils
WARNING: sun.misc.Unsafe::objectFieldOffset will be removed in a future release
# Warmup Iteration   1: 55.413 ns/op
# Warmup Iteration   2: 21.878 ns/op
# Warmup Iteration   3: 21.208 ns/op
# Warmup Iteration   4: 21.762 ns/op
Iteration   1: 21.466 ns/op
Iteration   2: 21.400 ns/op
Iteration   3: 21.259 ns/op
Iteration   4: 21.538 ns/op
Iteration   5: 21.555 ns/op

# Run progress: 45.26% complete, ETA 00:02:54
# Fork: 2 of 2
WARNING: A terminally deprecated method in sun.misc.Unsafe has been called
WARNING: sun.misc.Unsafe::objectFieldOffset has been called by org.openjdk.jmh.util.Utils (file:/C:/Users/Hareram%20ray/AI/numJ/.tools/jmh/jmh-core-1.37.jar)
WARNING: Please consider reporting this to the maintainers of class org.openjdk.jmh.util.Utils
WARNING: sun.misc.Unsafe::objectFieldOffset will be removed in a future release
# Warmup Iteration   1: 62.074 ns/op
# Warmup Iteration   2: 29.877 ns/op
# Warmup Iteration   3: 21.053 ns/op
# Warmup Iteration   4: 21.709 ns/op
Iteration   1: 21.311 ns/op
Iteration   2: 21.411 ns/op
Iteration   3: 21.254 ns/op
Iteration   4: 21.735 ns/op
Iteration   5: 22.015 ns/op


Result "numj.SmallBench.add":
  21.494 ±(99.9%) 0.356 ns/op [Average]
  (min, avg, max) = (21.254, 21.494, 22.015), stdev = 0.235
  CI (99.9%): [21.139, 21.850] (assumes normal distribution)


# JMH version: 1.37
# VM version: JDK 25.0.4.1, OpenJDK 64-Bit Server VM, 25.0.4.1+1-LTS
# VM invoker: C:\Users\Hareram ray\AI\numJ\.tools\jdk\bin\java.exe
# VM options: --enable-native-access=ALL-UNNAMED --enable-native-access=ALL-UNNAMED -Xms1g -Xmx1g
# Blackhole mode: compiler (auto-detected, use -Djmh.blackhole.autoDetect=false to disable)
# Warmup: 4 iterations, 150 ms each
# Measurement: 5 iterations, 150 ms each
# Timeout: 10 min per iteration
# Threads: 1 thread, will synchronize iterations
# Benchmark mode: Average time, time/op
# Benchmark: numj.SmallBench.add
# Parameters: (n = 128, path = java)

# Run progress: 45.76% complete, ETA 00:02:52
# Fork: 1 of 2
WARNING: A terminally deprecated method in sun.misc.Unsafe has been called
WARNING: sun.misc.Unsafe::objectFieldOffset has been called by org.openjdk.jmh.util.Utils (file:/C:/Users/Hareram%20ray/AI/numJ/.tools/jmh/jmh-core-1.37.jar)
WARNING: Please consider reporting this to the maintainers of class org.openjdk.jmh.util.Utils
WARNING: sun.misc.Unsafe::objectFieldOffset will be removed in a future release
# Warmup Iteration   1: 114.735 ns/op
# Warmup Iteration   2: 91.308 ns/op
# Warmup Iteration   3: 89.197 ns/op
# Warmup Iteration   4: 89.471 ns/op
Iteration   1: 87.311 ns/op
Iteration   2: 89.708 ns/op
Iteration   3: 90.536 ns/op
Iteration   4: 88.203 ns/op
Iteration   5: 90.399 ns/op

# Run progress: 46.26% complete, ETA 00:02:51
# Fork: 2 of 2
WARNING: A terminally deprecated method in sun.misc.Unsafe has been called
WARNING: sun.misc.Unsafe::objectFieldOffset has been called by org.openjdk.jmh.util.Utils (file:/C:/Users/Hareram%20ray/AI/numJ/.tools/jmh/jmh-core-1.37.jar)
WARNING: Please consider reporting this to the maintainers of class org.openjdk.jmh.util.Utils
WARNING: sun.misc.Unsafe::objectFieldOffset will be removed in a future release
# Warmup Iteration   1: 112.181 ns/op
# Warmup Iteration   2: 89.453 ns/op
# Warmup Iteration   3: 93.523 ns/op
# Warmup Iteration   4: 89.742 ns/op
Iteration   1: 88.434 ns/op
Iteration   2: 90.530 ns/op
Iteration   3: 88.044 ns/op
Iteration   4: 90.494 ns/op
Iteration   5: 90.058 ns/op


Result "numj.SmallBench.add":
  89.372 ±(99.9%) 1.876 ns/op [Average]
  (min, avg, max) = (87.311, 89.372, 90.536), stdev = 1.241
  CI (99.9%): [87.496, 91.247] (assumes normal distribution)


# JMH version: 1.37
# VM version: JDK 25.0.4.1, OpenJDK 64-Bit Server VM, 25.0.4.1+1-LTS
# VM invoker: C:\Users\Hareram ray\AI\numJ\.tools\jdk\bin\java.exe
# VM options: --enable-native-access=ALL-UNNAMED --enable-native-access=ALL-UNNAMED -Xms1g -Xmx1g
# Blackhole mode: compiler (auto-detected, use -Djmh.blackhole.autoDetect=false to disable)
# Warmup: 4 iterations, 150 ms each
# Measurement: 5 iterations, 150 ms each
# Timeout: 10 min per iteration
# Threads: 1 thread, will synchronize iterations
# Benchmark mode: Average time, time/op
# Benchmark: numj.SmallBench.add
# Parameters: (n = 128, path = native)

# Run progress: 46.76% complete, ETA 00:02:49
# Fork: 1 of 2
WARNING: A terminally deprecated method in sun.misc.Unsafe has been called
WARNING: sun.misc.Unsafe::objectFieldOffset has been called by org.openjdk.jmh.util.Utils (file:/C:/Users/Hareram%20ray/AI/numJ/.tools/jmh/jmh-core-1.37.jar)
WARNING: Please consider reporting this to the maintainers of class org.openjdk.jmh.util.Utils
WARNING: sun.misc.Unsafe::objectFieldOffset will be removed in a future release
# Warmup Iteration   1: 64.030 ns/op
# Warmup Iteration   2: 26.164 ns/op
# Warmup Iteration   3: 25.996 ns/op
# Warmup Iteration   4: 25.750 ns/op
Iteration   1: 26.683 ns/op
Iteration   2: 26.084 ns/op
Iteration   3: 25.789 ns/op
Iteration   4: 25.928 ns/op
Iteration   5: 25.969 ns/op

# Run progress: 47.27% complete, ETA 00:02:48
# Fork: 2 of 2
WARNING: A terminally deprecated method in sun.misc.Unsafe has been called
WARNING: sun.misc.Unsafe::objectFieldOffset has been called by org.openjdk.jmh.util.Utils (file:/C:/Users/Hareram%20ray/AI/numJ/.tools/jmh/jmh-core-1.37.jar)
WARNING: Please consider reporting this to the maintainers of class org.openjdk.jmh.util.Utils
WARNING: sun.misc.Unsafe::objectFieldOffset will be removed in a future release
# Warmup Iteration   1: 67.135 ns/op
# Warmup Iteration   2: 26.183 ns/op
# Warmup Iteration   3: 25.554 ns/op
# Warmup Iteration   4: 25.924 ns/op
Iteration   1: 26.794 ns/op
Iteration   2: 25.847 ns/op
Iteration   3: 25.873 ns/op
Iteration   4: 26.064 ns/op
Iteration   5: 26.034 ns/op


Result "numj.SmallBench.add":
  26.106 ±(99.9%) 0.525 ns/op [Average]
  (min, avg, max) = (25.789, 26.106, 26.794), stdev = 0.347
  CI (99.9%): [25.581, 26.632] (assumes normal distribution)


# JMH version: 1.37
# VM version: JDK 25.0.4.1, OpenJDK 64-Bit Server VM, 25.0.4.1+1-LTS
# VM invoker: C:\Users\Hareram ray\AI\numJ\.tools\jdk\bin\java.exe
# VM options: --enable-native-access=ALL-UNNAMED --enable-native-access=ALL-UNNAMED -Xms1g -Xmx1g
# Blackhole mode: compiler (auto-detected, use -Djmh.blackhole.autoDetect=false to disable)
# Warmup: 4 iterations, 150 ms each
# Measurement: 5 iterations, 150 ms each
# Timeout: 10 min per iteration
# Threads: 1 thread, will synchronize iterations
# Benchmark mode: Average time, time/op
# Benchmark: numj.SmallBench.add
# Parameters: (n = 256, path = java)

# Run progress: 47.77% complete, ETA 00:02:46
# Fork: 1 of 2
WARNING: A terminally deprecated method in sun.misc.Unsafe has been called
WARNING: sun.misc.Unsafe::objectFieldOffset has been called by org.openjdk.jmh.util.Utils (file:/C:/Users/Hareram%20ray/AI/numJ/.tools/jmh/jmh-core-1.37.jar)
WARNING: Please consider reporting this to the maintainers of class org.openjdk.jmh.util.Utils
WARNING: sun.misc.Unsafe::objectFieldOffset will be removed in a future release
# Warmup Iteration   1: 248.840 ns/op
# Warmup Iteration   2: 156.930 ns/op
# Warmup Iteration   3: 152.375 ns/op
# Warmup Iteration   4: 159.433 ns/op
Iteration   1: 159.382 ns/op
Iteration   2: 153.884 ns/op
Iteration   3: 155.790 ns/op
Iteration   4: 157.186 ns/op
Iteration   5: 154.879 ns/op

# Run progress: 48.27% complete, ETA 00:02:44
# Fork: 2 of 2
WARNING: A terminally deprecated method in sun.misc.Unsafe has been called
WARNING: sun.misc.Unsafe::objectFieldOffset has been called by org.openjdk.jmh.util.Utils (file:/C:/Users/Hareram%20ray/AI/numJ/.tools/jmh/jmh-core-1.37.jar)
WARNING: Please consider reporting this to the maintainers of class org.openjdk.jmh.util.Utils
WARNING: sun.misc.Unsafe::objectFieldOffset will be removed in a future release
# Warmup Iteration   1: 195.084 ns/op
# Warmup Iteration   2: 153.015 ns/op
# Warmup Iteration   3: 153.064 ns/op
# Warmup Iteration   4: 160.810 ns/op
Iteration   1: 155.328 ns/op
Iteration   2: 154.199 ns/op
Iteration   3: 158.655 ns/op
Iteration   4: 153.258 ns/op
Iteration   5: 152.237 ns/op


Result "numj.SmallBench.add":
  155.480 ±(99.9%) 3.504 ns/op [Average]
  (min, avg, max) = (152.237, 155.480, 159.382), stdev = 2.318
  CI (99.9%): [151.976, 158.984] (assumes normal distribution)


# JMH version: 1.37
# VM version: JDK 25.0.4.1, OpenJDK 64-Bit Server VM, 25.0.4.1+1-LTS
# VM invoker: C:\Users\Hareram ray\AI\numJ\.tools\jdk\bin\java.exe
# VM options: --enable-native-access=ALL-UNNAMED --enable-native-access=ALL-UNNAMED -Xms1g -Xmx1g
# Blackhole mode: compiler (auto-detected, use -Djmh.blackhole.autoDetect=false to disable)
# Warmup: 4 iterations, 150 ms each
# Measurement: 5 iterations, 150 ms each
# Timeout: 10 min per iteration
# Threads: 1 thread, will synchronize iterations
# Benchmark mode: Average time, time/op
# Benchmark: numj.SmallBench.add
# Parameters: (n = 256, path = native)

# Run progress: 48.77% complete, ETA 00:02:43
# Fork: 1 of 2
WARNING: A terminally deprecated method in sun.misc.Unsafe has been called
WARNING: sun.misc.Unsafe::objectFieldOffset has been called by org.openjdk.jmh.util.Utils (file:/C:/Users/Hareram%20ray/AI/numJ/.tools/jmh/jmh-core-1.37.jar)
WARNING: Please consider reporting this to the maintainers of class org.openjdk.jmh.util.Utils
WARNING: sun.misc.Unsafe::objectFieldOffset will be removed in a future release
# Warmup Iteration   1: 89.085 ns/op
# Warmup Iteration   2: 36.024 ns/op
# Warmup Iteration   3: 36.721 ns/op
# Warmup Iteration   4: 36.440 ns/op
Iteration   1: 36.738 ns/op
Iteration   2: 38.106 ns/op
Iteration   3: 36.691 ns/op
Iteration   4: 36.541 ns/op
Iteration   5: 38.398 ns/op

# Run progress: 49.27% complete, ETA 00:02:41
# Fork: 2 of 2
WARNING: A terminally deprecated method in sun.misc.Unsafe has been called
WARNING: sun.misc.Unsafe::objectFieldOffset has been called by org.openjdk.jmh.util.Utils (file:/C:/Users/Hareram%20ray/AI/numJ/.tools/jmh/jmh-core-1.37.jar)
WARNING: Please consider reporting this to the maintainers of class org.openjdk.jmh.util.Utils
WARNING: sun.misc.Unsafe::objectFieldOffset will be removed in a future release
# Warmup Iteration   1: 89.312 ns/op
# Warmup Iteration   2: 35.984 ns/op
# Warmup Iteration   3: 35.040 ns/op
# Warmup Iteration   4: 35.992 ns/op
Iteration   1: 37.749 ns/op
Iteration   2: 35.682 ns/op
Iteration   3: 35.659 ns/op
Iteration   4: 36.983 ns/op
Iteration   5: 36.104 ns/op


Result "numj.SmallBench.add":
  36.865 ±(99.9%) 1.449 ns/op [Average]
  (min, avg, max) = (35.659, 36.865, 38.398), stdev = 0.959
  CI (99.9%): [35.416, 38.315] (assumes normal distribution)


# JMH version: 1.37
# VM version: JDK 25.0.4.1, OpenJDK 64-Bit Server VM, 25.0.4.1+1-LTS
# VM invoker: C:\Users\Hareram ray\AI\numJ\.tools\jdk\bin\java.exe
# VM options: --enable-native-access=ALL-UNNAMED --enable-native-access=ALL-UNNAMED -Xms1g -Xmx1g
# Blackhole mode: compiler (auto-detected, use -Djmh.blackhole.autoDetect=false to disable)
# Warmup: 4 iterations, 150 ms each
# Measurement: 5 iterations, 150 ms each
# Timeout: 10 min per iteration
# Threads: 1 thread, will synchronize iterations
# Benchmark mode: Average time, time/op
# Benchmark: numj.SmallBench.add
# Parameters: (n = 1024, path = java)

# Run progress: 49.78% complete, ETA 00:02:40
# Fork: 1 of 2
WARNING: A terminally deprecated method in sun.misc.Unsafe has been called
WARNING: sun.misc.Unsafe::objectFieldOffset has been called by org.openjdk.jmh.util.Utils (file:/C:/Users/Hareram%20ray/AI/numJ/.tools/jmh/jmh-core-1.37.jar)
WARNING: Please consider reporting this to the maintainers of class org.openjdk.jmh.util.Utils
WARNING: sun.misc.Unsafe::objectFieldOffset will be removed in a future release
# Warmup Iteration   1: 721.505 ns/op
# Warmup Iteration   2: 543.869 ns/op
# Warmup Iteration   3: 543.069 ns/op
# Warmup Iteration   4: 554.602 ns/op
Iteration   1: 543.701 ns/op
Iteration   2: 564.644 ns/op
Iteration   3: 541.405 ns/op
Iteration   4: 556.486 ns/op
Iteration   5: 556.157 ns/op

# Run progress: 50.28% complete, ETA 00:02:38
# Fork: 2 of 2
WARNING: A terminally deprecated method in sun.misc.Unsafe has been called
WARNING: sun.misc.Unsafe::objectFieldOffset has been called by org.openjdk.jmh.util.Utils (file:/C:/Users/Hareram%20ray/AI/numJ/.tools/jmh/jmh-core-1.37.jar)
WARNING: Please consider reporting this to the maintainers of class org.openjdk.jmh.util.Utils
WARNING: sun.misc.Unsafe::objectFieldOffset will be removed in a future release
# Warmup Iteration   1: 721.924 ns/op
# Warmup Iteration   2: 545.837 ns/op
# Warmup Iteration   3: 547.856 ns/op
# Warmup Iteration   4: 545.769 ns/op
Iteration   1: 543.761 ns/op
Iteration   2: 543.931 ns/op
Iteration   3: 541.995 ns/op
Iteration   4: 541.954 ns/op
Iteration   5: 546.333 ns/op


Result "numj.SmallBench.add":
  548.037 ±(99.9%) 12.215 ns/op [Average]
  (min, avg, max) = (541.405, 548.037, 564.644), stdev = 8.079
  CI (99.9%): [535.822, 560.251] (assumes normal distribution)


# JMH version: 1.37
# VM version: JDK 25.0.4.1, OpenJDK 64-Bit Server VM, 25.0.4.1+1-LTS
# VM invoker: C:\Users\Hareram ray\AI\numJ\.tools\jdk\bin\java.exe
# VM options: --enable-native-access=ALL-UNNAMED --enable-native-access=ALL-UNNAMED -Xms1g -Xmx1g
# Blackhole mode: compiler (auto-detected, use -Djmh.blackhole.autoDetect=false to disable)
# Warmup: 4 iterations, 150 ms each
# Measurement: 5 iterations, 150 ms each
# Timeout: 10 min per iteration
# Threads: 1 thread, will synchronize iterations
# Benchmark mode: Average time, time/op
# Benchmark: numj.SmallBench.add
# Parameters: (n = 1024, path = native)

# Run progress: 50.78% complete, ETA 00:02:36
# Fork: 1 of 2
WARNING: A terminally deprecated method in sun.misc.Unsafe has been called
WARNING: sun.misc.Unsafe::objectFieldOffset has been called by org.openjdk.jmh.util.Utils (file:/C:/Users/Hareram%20ray/AI/numJ/.tools/jmh/jmh-core-1.37.jar)
WARNING: Please consider reporting this to the maintainers of class org.openjdk.jmh.util.Utils
WARNING: sun.misc.Unsafe::objectFieldOffset will be removed in a future release
# Warmup Iteration   1: 244.885 ns/op
# Warmup Iteration   2: 105.236 ns/op
# Warmup Iteration   3: 102.154 ns/op
# Warmup Iteration   4: 104.727 ns/op
Iteration   1: 104.762 ns/op
Iteration   2: 103.681 ns/op
Iteration   3: 102.683 ns/op
Iteration   4: 102.515 ns/op
Iteration   5: 102.418 ns/op

# Run progress: 51.28% complete, ETA 00:02:35
# Fork: 2 of 2
WARNING: A terminally deprecated method in sun.misc.Unsafe has been called
WARNING: sun.misc.Unsafe::objectFieldOffset has been called by org.openjdk.jmh.util.Utils (file:/C:/Users/Hareram%20ray/AI/numJ/.tools/jmh/jmh-core-1.37.jar)
WARNING: Please consider reporting this to the maintainers of class org.openjdk.jmh.util.Utils
WARNING: sun.misc.Unsafe::objectFieldOffset will be removed in a future release
# Warmup Iteration   1: 265.559 ns/op
# Warmup Iteration   2: 105.829 ns/op
# Warmup Iteration   3: 106.635 ns/op
# Warmup Iteration   4: 103.548 ns/op
Iteration   1: 102.080 ns/op
Iteration   2: 105.473 ns/op
Iteration   3: 107.856 ns/op
Iteration   4: 105.367 ns/op
Iteration   5: 104.430 ns/op


Result "numj.SmallBench.add":
  104.126 ±(99.9%) 2.749 ns/op [Average]
  (min, avg, max) = (102.080, 104.126, 107.856), stdev = 1.818
  CI (99.9%): [101.378, 106.875] (assumes normal distribution)


# JMH version: 1.37
# VM version: JDK 25.0.4.1, OpenJDK 64-Bit Server VM, 25.0.4.1+1-LTS
# VM invoker: C:\Users\Hareram ray\AI\numJ\.tools\jdk\bin\java.exe
# VM options: --enable-native-access=ALL-UNNAMED --enable-native-access=ALL-UNNAMED -Xms1g -Xmx1g
# Blackhole mode: compiler (auto-detected, use -Djmh.blackhole.autoDetect=false to disable)
# Warmup: 4 iterations, 150 ms each
# Measurement: 5 iterations, 150 ms each
# Timeout: 10 min per iteration
# Threads: 1 thread, will synchronize iterations
# Benchmark mode: Average time, time/op
# Benchmark: numj.SmallBench.addStrided
# Parameters: (n = 1, path = java)

# Run progress: 51.79% complete, ETA 00:02:33
# Fork: 1 of 2
WARNING: A terminally deprecated method in sun.misc.Unsafe has been called
WARNING: sun.misc.Unsafe::objectFieldOffset has been called by org.openjdk.jmh.util.Utils (file:/C:/Users/Hareram%20ray/AI/numJ/.tools/jmh/jmh-core-1.37.jar)
WARNING: Please consider reporting this to the maintainers of class org.openjdk.jmh.util.Utils
WARNING: sun.misc.Unsafe::objectFieldOffset will be removed in a future release
# Warmup Iteration   1: 12.524 ns/op
# Warmup Iteration   2: 10.734 ns/op
# Warmup Iteration   3: 10.675 ns/op
# Warmup Iteration   4: 10.922 ns/op
Iteration   1: 10.940 ns/op
Iteration   2: 10.713 ns/op
Iteration   3: 10.640 ns/op
Iteration   4: 10.666 ns/op
Iteration   5: 10.652 ns/op

# Run progress: 52.29% complete, ETA 00:02:32
# Fork: 2 of 2
WARNING: A terminally deprecated method in sun.misc.Unsafe has been called
WARNING: sun.misc.Unsafe::objectFieldOffset has been called by org.openjdk.jmh.util.Utils (file:/C:/Users/Hareram%20ray/AI/numJ/.tools/jmh/jmh-core-1.37.jar)
WARNING: Please consider reporting this to the maintainers of class org.openjdk.jmh.util.Utils
WARNING: sun.misc.Unsafe::objectFieldOffset will be removed in a future release
# Warmup Iteration   1: 13.110 ns/op
# Warmup Iteration   2: 10.614 ns/op
# Warmup Iteration   3: 10.782 ns/op
# Warmup Iteration   4: 10.698 ns/op
Iteration   1: 11.169 ns/op
Iteration   2: 10.901 ns/op
Iteration   3: 10.830 ns/op
Iteration   4: 10.772 ns/op
Iteration   5: 10.834 ns/op


Result "numj.SmallBench.addStrided":
  10.812 ±(99.9%) 0.247 ns/op [Average]
  (min, avg, max) = (10.640, 10.812, 11.169), stdev = 0.164
  CI (99.9%): [10.564, 11.059] (assumes normal distribution)


# JMH version: 1.37
# VM version: JDK 25.0.4.1, OpenJDK 64-Bit Server VM, 25.0.4.1+1-LTS
# VM invoker: C:\Users\Hareram ray\AI\numJ\.tools\jdk\bin\java.exe
# VM options: --enable-native-access=ALL-UNNAMED --enable-native-access=ALL-UNNAMED -Xms1g -Xmx1g
# Blackhole mode: compiler (auto-detected, use -Djmh.blackhole.autoDetect=false to disable)
# Warmup: 4 iterations, 150 ms each
# Measurement: 5 iterations, 150 ms each
# Timeout: 10 min per iteration
# Threads: 1 thread, will synchronize iterations
# Benchmark mode: Average time, time/op
# Benchmark: numj.SmallBench.addStrided
# Parameters: (n = 1, path = native)

# Run progress: 52.79% complete, ETA 00:02:30
# Fork: 1 of 2
WARNING: A terminally deprecated method in sun.misc.Unsafe has been called
WARNING: sun.misc.Unsafe::objectFieldOffset has been called by org.openjdk.jmh.util.Utils (file:/C:/Users/Hareram%20ray/AI/numJ/.tools/jmh/jmh-core-1.37.jar)
WARNING: Please consider reporting this to the maintainers of class org.openjdk.jmh.util.Utils
WARNING: sun.misc.Unsafe::objectFieldOffset will be removed in a future release
# Warmup Iteration   1: 40.312 ns/op
# Warmup Iteration   2: 16.553 ns/op
# Warmup Iteration   3: 16.850 ns/op
# Warmup Iteration   4: 16.390 ns/op
Iteration   1: 16.175 ns/op
Iteration   2: 16.009 ns/op
Iteration   3: 15.896 ns/op
Iteration   4: 16.211 ns/op
Iteration   5: 16.345 ns/op

# Run progress: 53.29% complete, ETA 00:02:28
# Fork: 2 of 2
WARNING: A terminally deprecated method in sun.misc.Unsafe has been called
WARNING: sun.misc.Unsafe::objectFieldOffset has been called by org.openjdk.jmh.util.Utils (file:/C:/Users/Hareram%20ray/AI/numJ/.tools/jmh/jmh-core-1.37.jar)
WARNING: Please consider reporting this to the maintainers of class org.openjdk.jmh.util.Utils
WARNING: sun.misc.Unsafe::objectFieldOffset will be removed in a future release
# Warmup Iteration   1: 43.851 ns/op
# Warmup Iteration   2: 16.282 ns/op
# Warmup Iteration   3: 15.920 ns/op
# Warmup Iteration   4: 16.004 ns/op
Iteration   1: 15.961 ns/op
Iteration   2: 16.011 ns/op
Iteration   3: 15.982 ns/op
Iteration   4: 15.768 ns/op
Iteration   5: 16.543 ns/op


Result "numj.SmallBench.addStrided":
  16.090 ±(99.9%) 0.347 ns/op [Average]
  (min, avg, max) = (15.768, 16.090, 16.543), stdev = 0.230
  CI (99.9%): [15.743, 16.437] (assumes normal distribution)


# JMH version: 1.37
# VM version: JDK 25.0.4.1, OpenJDK 64-Bit Server VM, 25.0.4.1+1-LTS
# VM invoker: C:\Users\Hareram ray\AI\numJ\.tools\jdk\bin\java.exe
# VM options: --enable-native-access=ALL-UNNAMED --enable-native-access=ALL-UNNAMED -Xms1g -Xmx1g
# Blackhole mode: compiler (auto-detected, use -Djmh.blackhole.autoDetect=false to disable)
# Warmup: 4 iterations, 150 ms each
# Measurement: 5 iterations, 150 ms each
# Timeout: 10 min per iteration
# Threads: 1 thread, will synchronize iterations
# Benchmark mode: Average time, time/op
# Benchmark: numj.SmallBench.addStrided
# Parameters: (n = 4, path = java)

# Run progress: 53.79% complete, ETA 00:02:27
# Fork: 1 of 2
WARNING: A terminally deprecated method in sun.misc.Unsafe has been called
WARNING: sun.misc.Unsafe::objectFieldOffset has been called by org.openjdk.jmh.util.Utils (file:/C:/Users/Hareram%20ray/AI/numJ/.tools/jmh/jmh-core-1.37.jar)
WARNING: Please consider reporting this to the maintainers of class org.openjdk.jmh.util.Utils
WARNING: sun.misc.Unsafe::objectFieldOffset will be removed in a future release
# Warmup Iteration   1: 229.631 ns/op
# Warmup Iteration   2: 142.975 ns/op
# Warmup Iteration   3: 142.182 ns/op
# Warmup Iteration   4: 140.900 ns/op
Iteration   1: 132.290 ns/op
Iteration   2: 137.380 ns/op
Iteration   3: 128.994 ns/op
Iteration   4: 131.192 ns/op
Iteration   5: 126.023 ns/op

# Run progress: 54.30% complete, ETA 00:02:25
# Fork: 2 of 2
WARNING: A terminally deprecated method in sun.misc.Unsafe has been called
WARNING: sun.misc.Unsafe::objectFieldOffset has been called by org.openjdk.jmh.util.Utils (file:/C:/Users/Hareram%20ray/AI/numJ/.tools/jmh/jmh-core-1.37.jar)
WARNING: Please consider reporting this to the maintainers of class org.openjdk.jmh.util.Utils
WARNING: sun.misc.Unsafe::objectFieldOffset will be removed in a future release
# Warmup Iteration   1: 225.033 ns/op
# Warmup Iteration   2: 142.947 ns/op
# Warmup Iteration   3: 138.765 ns/op
# Warmup Iteration   4: 138.312 ns/op
Iteration   1: 123.348 ns/op
Iteration   2: 126.148 ns/op
Iteration   3: 129.118 ns/op
Iteration   4: 125.179 ns/op
Iteration   5: 131.172 ns/op


Result "numj.SmallBench.addStrided":
  129.084 ±(99.9%) 6.255 ns/op [Average]
  (min, avg, max) = (123.348, 129.084, 137.380), stdev = 4.137
  CI (99.9%): [122.829, 135.339] (assumes normal distribution)


# JMH version: 1.37
# VM version: JDK 25.0.4.1, OpenJDK 64-Bit Server VM, 25.0.4.1+1-LTS
# VM invoker: C:\Users\Hareram ray\AI\numJ\.tools\jdk\bin\java.exe
# VM options: --enable-native-access=ALL-UNNAMED --enable-native-access=ALL-UNNAMED -Xms1g -Xmx1g
# Blackhole mode: compiler (auto-detected, use -Djmh.blackhole.autoDetect=false to disable)
# Warmup: 4 iterations, 150 ms each
# Measurement: 5 iterations, 150 ms each
# Timeout: 10 min per iteration
# Threads: 1 thread, will synchronize iterations
# Benchmark mode: Average time, time/op
# Benchmark: numj.SmallBench.addStrided
# Parameters: (n = 4, path = native)

# Run progress: 54.80% complete, ETA 00:02:24
# Fork: 1 of 2
WARNING: A terminally deprecated method in sun.misc.Unsafe has been called
WARNING: sun.misc.Unsafe::objectFieldOffset has been called by org.openjdk.jmh.util.Utils (file:/C:/Users/Hareram%20ray/AI/numJ/.tools/jmh/jmh-core-1.37.jar)
WARNING: Please consider reporting this to the maintainers of class org.openjdk.jmh.util.Utils
WARNING: sun.misc.Unsafe::objectFieldOffset will be removed in a future release
# Warmup Iteration   1: 1801.858 ns/op
# Warmup Iteration   2: 236.776 ns/op
# Warmup Iteration   3: 211.563 ns/op
# Warmup Iteration   4: 180.361 ns/op
Iteration   1: 201.227 ns/op
Iteration   2: 184.444 ns/op
Iteration   3: 199.668 ns/op
Iteration   4: 181.764 ns/op
Iteration   5: 188.203 ns/op

# Run progress: 55.30% complete, ETA 00:02:22
# Fork: 2 of 2
WARNING: A terminally deprecated method in sun.misc.Unsafe has been called
WARNING: sun.misc.Unsafe::objectFieldOffset has been called by org.openjdk.jmh.util.Utils (file:/C:/Users/Hareram%20ray/AI/numJ/.tools/jmh/jmh-core-1.37.jar)
WARNING: Please consider reporting this to the maintainers of class org.openjdk.jmh.util.Utils
WARNING: sun.misc.Unsafe::objectFieldOffset will be removed in a future release
# Warmup Iteration   1: 2148.988 ns/op
# Warmup Iteration   2: 237.863 ns/op
# Warmup Iteration   3: 208.848 ns/op
# Warmup Iteration   4: 177.526 ns/op
Iteration   1: 193.910 ns/op
Iteration   2: 181.181 ns/op
Iteration   3: 198.976 ns/op
Iteration   4: 180.971 ns/op
Iteration   5: 182.245 ns/op


Result "numj.SmallBench.addStrided":
  189.259 ±(99.9%) 12.661 ns/op [Average]
  (min, avg, max) = (180.971, 189.259, 201.227), stdev = 8.375
  CI (99.9%): [176.598, 201.920] (assumes normal distribution)


# JMH version: 1.37
# VM version: JDK 25.0.4.1, OpenJDK 64-Bit Server VM, 25.0.4.1+1-LTS
# VM invoker: C:\Users\Hareram ray\AI\numJ\.tools\jdk\bin\java.exe
# VM options: --enable-native-access=ALL-UNNAMED --enable-native-access=ALL-UNNAMED -Xms1g -Xmx1g
# Blackhole mode: compiler (auto-detected, use -Djmh.blackhole.autoDetect=false to disable)
# Warmup: 4 iterations, 150 ms each
# Measurement: 5 iterations, 150 ms each
# Timeout: 10 min per iteration
# Threads: 1 thread, will synchronize iterations
# Benchmark mode: Average time, time/op
# Benchmark: numj.SmallBench.addStrided
# Parameters: (n = 16, path = java)

# Run progress: 55.80% complete, ETA 00:02:21
# Fork: 1 of 2
WARNING: A terminally deprecated method in sun.misc.Unsafe has been called
WARNING: sun.misc.Unsafe::objectFieldOffset has been called by org.openjdk.jmh.util.Utils (file:/C:/Users/Hareram%20ray/AI/numJ/.tools/jmh/jmh-core-1.37.jar)
WARNING: Please consider reporting this to the maintainers of class org.openjdk.jmh.util.Utils
WARNING: sun.misc.Unsafe::objectFieldOffset will be removed in a future release
# Warmup Iteration   1: 253.087 ns/op
# Warmup Iteration   2: 158.214 ns/op
# Warmup Iteration   3: 151.702 ns/op
# Warmup Iteration   4: 151.874 ns/op
Iteration   1: 135.052 ns/op
Iteration   2: 139.848 ns/op
Iteration   3: 136.593 ns/op
Iteration   4: 140.433 ns/op
Iteration   5: 143.496 ns/op

# Run progress: 56.31% complete, ETA 00:02:19
# Fork: 2 of 2
WARNING: A terminally deprecated method in sun.misc.Unsafe has been called
WARNING: sun.misc.Unsafe::objectFieldOffset has been called by org.openjdk.jmh.util.Utils (file:/C:/Users/Hareram%20ray/AI/numJ/.tools/jmh/jmh-core-1.37.jar)
WARNING: Please consider reporting this to the maintainers of class org.openjdk.jmh.util.Utils
WARNING: sun.misc.Unsafe::objectFieldOffset will be removed in a future release
# Warmup Iteration   1: 255.895 ns/op
# Warmup Iteration   2: 161.002 ns/op
# Warmup Iteration   3: 147.338 ns/op
# Warmup Iteration   4: 155.655 ns/op
Iteration   1: 135.971 ns/op
Iteration   2: 136.891 ns/op
Iteration   3: 139.504 ns/op
Iteration   4: 137.075 ns/op
Iteration   5: 156.086 ns/op


Result "numj.SmallBench.addStrided":
  140.095 ±(99.9%) 9.318 ns/op [Average]
  (min, avg, max) = (135.052, 140.095, 156.086), stdev = 6.164
  CI (99.9%): [130.777, 149.413] (assumes normal distribution)


# JMH version: 1.37
# VM version: JDK 25.0.4.1, OpenJDK 64-Bit Server VM, 25.0.4.1+1-LTS
# VM invoker: C:\Users\Hareram ray\AI\numJ\.tools\jdk\bin\java.exe
# VM options: --enable-native-access=ALL-UNNAMED --enable-native-access=ALL-UNNAMED -Xms1g -Xmx1g
# Blackhole mode: compiler (auto-detected, use -Djmh.blackhole.autoDetect=false to disable)
# Warmup: 4 iterations, 150 ms each
# Measurement: 5 iterations, 150 ms each
# Timeout: 10 min per iteration
# Threads: 1 thread, will synchronize iterations
# Benchmark mode: Average time, time/op
# Benchmark: numj.SmallBench.addStrided
# Parameters: (n = 16, path = native)

# Run progress: 56.81% complete, ETA 00:02:17
# Fork: 1 of 2
WARNING: A terminally deprecated method in sun.misc.Unsafe has been called
WARNING: sun.misc.Unsafe::objectFieldOffset has been called by org.openjdk.jmh.util.Utils (file:/C:/Users/Hareram%20ray/AI/numJ/.tools/jmh/jmh-core-1.37.jar)
WARNING: Please consider reporting this to the maintainers of class org.openjdk.jmh.util.Utils
WARNING: sun.misc.Unsafe::objectFieldOffset will be removed in a future release
# Warmup Iteration   1: 1606.476 ns/op
# Warmup Iteration   2: 251.101 ns/op
# Warmup Iteration   3: 214.532 ns/op
# Warmup Iteration   4: 185.049 ns/op
Iteration   1: 197.823 ns/op
Iteration   2: 185.825 ns/op
Iteration   3: 201.627 ns/op
Iteration   4: 184.367 ns/op
Iteration   5: 194.386 ns/op

# Run progress: 57.31% complete, ETA 00:02:16
# Fork: 2 of 2
WARNING: A terminally deprecated method in sun.misc.Unsafe has been called
WARNING: sun.misc.Unsafe::objectFieldOffset has been called by org.openjdk.jmh.util.Utils (file:/C:/Users/Hareram%20ray/AI/numJ/.tools/jmh/jmh-core-1.37.jar)
WARNING: Please consider reporting this to the maintainers of class org.openjdk.jmh.util.Utils
WARNING: sun.misc.Unsafe::objectFieldOffset will be removed in a future release
# Warmup Iteration   1: 2331.776 ns/op
# Warmup Iteration   2: 257.225 ns/op
# Warmup Iteration   3: 216.227 ns/op
# Warmup Iteration   4: 180.947 ns/op
Iteration   1: 208.086 ns/op
Iteration   2: 185.961 ns/op
Iteration   3: 204.206 ns/op
Iteration   4: 179.460 ns/op
Iteration   5: 182.250 ns/op


Result "numj.SmallBench.addStrided":
  192.399 ±(99.9%) 15.316 ns/op [Average]
  (min, avg, max) = (179.460, 192.399, 208.086), stdev = 10.130
  CI (99.9%): [177.083, 207.715] (assumes normal distribution)


# JMH version: 1.37
# VM version: JDK 25.0.4.1, OpenJDK 64-Bit Server VM, 25.0.4.1+1-LTS
# VM invoker: C:\Users\Hareram ray\AI\numJ\.tools\jdk\bin\java.exe
# VM options: --enable-native-access=ALL-UNNAMED --enable-native-access=ALL-UNNAMED -Xms1g -Xmx1g
# Blackhole mode: compiler (auto-detected, use -Djmh.blackhole.autoDetect=false to disable)
# Warmup: 4 iterations, 150 ms each
# Measurement: 5 iterations, 150 ms each
# Timeout: 10 min per iteration
# Threads: 1 thread, will synchronize iterations
# Benchmark mode: Average time, time/op
# Benchmark: numj.SmallBench.addStrided
# Parameters: (n = 32, path = java)

# Run progress: 57.81% complete, ETA 00:02:14
# Fork: 1 of 2
WARNING: A terminally deprecated method in sun.misc.Unsafe has been called
WARNING: sun.misc.Unsafe::objectFieldOffset has been called by org.openjdk.jmh.util.Utils (file:/C:/Users/Hareram%20ray/AI/numJ/.tools/jmh/jmh-core-1.37.jar)
WARNING: Please consider reporting this to the maintainers of class org.openjdk.jmh.util.Utils
WARNING: sun.misc.Unsafe::objectFieldOffset will be removed in a future release
# Warmup Iteration   1: 287.692 ns/op
# Warmup Iteration   2: 181.921 ns/op
# Warmup Iteration   3: 166.501 ns/op
# Warmup Iteration   4: 163.549 ns/op
Iteration   1: 155.918 ns/op
Iteration   2: 159.185 ns/op
Iteration   3: 150.576 ns/op
Iteration   4: 154.560 ns/op
Iteration   5: 151.960 ns/op

# Run progress: 58.31% complete, ETA 00:02:13
# Fork: 2 of 2
WARNING: A terminally deprecated method in sun.misc.Unsafe has been called
WARNING: sun.misc.Unsafe::objectFieldOffset has been called by org.openjdk.jmh.util.Utils (file:/C:/Users/Hareram%20ray/AI/numJ/.tools/jmh/jmh-core-1.37.jar)
WARNING: Please consider reporting this to the maintainers of class org.openjdk.jmh.util.Utils
WARNING: sun.misc.Unsafe::objectFieldOffset will be removed in a future release
# Warmup Iteration   1: 276.176 ns/op
# Warmup Iteration   2: 182.598 ns/op
# Warmup Iteration   3: 162.755 ns/op
# Warmup Iteration   4: 163.796 ns/op
Iteration   1: 151.814 ns/op
Iteration   2: 158.235 ns/op
Iteration   3: 152.802 ns/op
Iteration   4: 151.629 ns/op
Iteration   5: 149.068 ns/op


Result "numj.SmallBench.addStrided":
  153.575 ±(99.9%) 5.016 ns/op [Average]
  (min, avg, max) = (149.068, 153.575, 159.185), stdev = 3.318
  CI (99.9%): [148.559, 158.590] (assumes normal distribution)


# JMH version: 1.37
# VM version: JDK 25.0.4.1, OpenJDK 64-Bit Server VM, 25.0.4.1+1-LTS
# VM invoker: C:\Users\Hareram ray\AI\numJ\.tools\jdk\bin\java.exe
# VM options: --enable-native-access=ALL-UNNAMED --enable-native-access=ALL-UNNAMED -Xms1g -Xmx1g
# Blackhole mode: compiler (auto-detected, use -Djmh.blackhole.autoDetect=false to disable)
# Warmup: 4 iterations, 150 ms each
# Measurement: 5 iterations, 150 ms each
# Timeout: 10 min per iteration
# Threads: 1 thread, will synchronize iterations
# Benchmark mode: Average time, time/op
# Benchmark: numj.SmallBench.addStrided
# Parameters: (n = 32, path = native)

# Run progress: 58.82% complete, ETA 00:02:11
# Fork: 1 of 2
WARNING: A terminally deprecated method in sun.misc.Unsafe has been called
WARNING: sun.misc.Unsafe::objectFieldOffset has been called by org.openjdk.jmh.util.Utils (file:/C:/Users/Hareram%20ray/AI/numJ/.tools/jmh/jmh-core-1.37.jar)
WARNING: Please consider reporting this to the maintainers of class org.openjdk.jmh.util.Utils
WARNING: sun.misc.Unsafe::objectFieldOffset will be removed in a future release
# Warmup Iteration   1: 2157.897 ns/op
# Warmup Iteration   2: 257.919 ns/op
# Warmup Iteration   3: 227.126 ns/op
# Warmup Iteration   4: 197.583 ns/op
Iteration   1: 212.390 ns/op
Iteration   2: 189.888 ns/op
Iteration   3: 205.479 ns/op
Iteration   4: 192.834 ns/op
Iteration   5: 200.528 ns/op

# Run progress: 59.32% complete, ETA 00:02:09
# Fork: 2 of 2
WARNING: A terminally deprecated method in sun.misc.Unsafe has been called
WARNING: sun.misc.Unsafe::objectFieldOffset has been called by org.openjdk.jmh.util.Utils (file:/C:/Users/Hareram%20ray/AI/numJ/.tools/jmh/jmh-core-1.37.jar)
WARNING: Please consider reporting this to the maintainers of class org.openjdk.jmh.util.Utils
WARNING: sun.misc.Unsafe::objectFieldOffset will be removed in a future release
# Warmup Iteration   1: 1440.803 ns/op
# Warmup Iteration   2: 241.706 ns/op
# Warmup Iteration   3: 219.429 ns/op
# Warmup Iteration   4: 191.226 ns/op
Iteration   1: 208.795 ns/op
Iteration   2: 186.545 ns/op
Iteration   3: 213.125 ns/op
Iteration   4: 189.789 ns/op
Iteration   5: 189.917 ns/op


Result "numj.SmallBench.addStrided":
  198.929 ±(99.9%) 15.635 ns/op [Average]
  (min, avg, max) = (186.545, 198.929, 213.125), stdev = 10.342
  CI (99.9%): [183.294, 214.564] (assumes normal distribution)


# JMH version: 1.37
# VM version: JDK 25.0.4.1, OpenJDK 64-Bit Server VM, 25.0.4.1+1-LTS
# VM invoker: C:\Users\Hareram ray\AI\numJ\.tools\jdk\bin\java.exe
# VM options: --enable-native-access=ALL-UNNAMED --enable-native-access=ALL-UNNAMED -Xms1g -Xmx1g
# Blackhole mode: compiler (auto-detected, use -Djmh.blackhole.autoDetect=false to disable)
# Warmup: 4 iterations, 150 ms each
# Measurement: 5 iterations, 150 ms each
# Timeout: 10 min per iteration
# Threads: 1 thread, will synchronize iterations
# Benchmark mode: Average time, time/op
# Benchmark: numj.SmallBench.addStrided
# Parameters: (n = 64, path = java)

# Run progress: 59.82% complete, ETA 00:02:08
# Fork: 1 of 2
WARNING: A terminally deprecated method in sun.misc.Unsafe has been called
WARNING: sun.misc.Unsafe::objectFieldOffset has been called by org.openjdk.jmh.util.Utils (file:/C:/Users/Hareram%20ray/AI/numJ/.tools/jmh/jmh-core-1.37.jar)
WARNING: Please consider reporting this to the maintainers of class org.openjdk.jmh.util.Utils
WARNING: sun.misc.Unsafe::objectFieldOffset will be removed in a future release
# Warmup Iteration   1: 346.590 ns/op
# Warmup Iteration   2: 234.780 ns/op
# Warmup Iteration   3: 199.298 ns/op
# Warmup Iteration   4: 201.594 ns/op
Iteration   1: 208.683 ns/op
Iteration   2: 187.987 ns/op
Iteration   3: 199.986 ns/op
Iteration   4: 191.146 ns/op
Iteration   5: 208.213 ns/op

# Run progress: 60.32% complete, ETA 00:02:06
# Fork: 2 of 2
WARNING: A terminally deprecated method in sun.misc.Unsafe has been called
WARNING: sun.misc.Unsafe::objectFieldOffset has been called by org.openjdk.jmh.util.Utils (file:/C:/Users/Hareram%20ray/AI/numJ/.tools/jmh/jmh-core-1.37.jar)
WARNING: Please consider reporting this to the maintainers of class org.openjdk.jmh.util.Utils
WARNING: sun.misc.Unsafe::objectFieldOffset will be removed in a future release
# Warmup Iteration   1: 345.458 ns/op
# Warmup Iteration   2: 237.149 ns/op
# Warmup Iteration   3: 195.285 ns/op
# Warmup Iteration   4: 203.080 ns/op
Iteration   1: 206.574 ns/op
Iteration   2: 194.853 ns/op
Iteration   3: 191.854 ns/op
Iteration   4: 191.133 ns/op
Iteration   5: 197.469 ns/op


Result "numj.SmallBench.addStrided":
  197.790 ±(99.9%) 11.687 ns/op [Average]
  (min, avg, max) = (187.987, 197.790, 208.683), stdev = 7.730
  CI (99.9%): [186.103, 209.477] (assumes normal distribution)


# JMH version: 1.37
# VM version: JDK 25.0.4.1, OpenJDK 64-Bit Server VM, 25.0.4.1+1-LTS
# VM invoker: C:\Users\Hareram ray\AI\numJ\.tools\jdk\bin\java.exe
# VM options: --enable-native-access=ALL-UNNAMED --enable-native-access=ALL-UNNAMED -Xms1g -Xmx1g
# Blackhole mode: compiler (auto-detected, use -Djmh.blackhole.autoDetect=false to disable)
# Warmup: 4 iterations, 150 ms each
# Measurement: 5 iterations, 150 ms each
# Timeout: 10 min per iteration
# Threads: 1 thread, will synchronize iterations
# Benchmark mode: Average time, time/op
# Benchmark: numj.SmallBench.addStrided
# Parameters: (n = 64, path = native)

# Run progress: 60.83% complete, ETA 00:02:05
# Fork: 1 of 2
WARNING: A terminally deprecated method in sun.misc.Unsafe has been called
WARNING: sun.misc.Unsafe::objectFieldOffset has been called by org.openjdk.jmh.util.Utils (file:/C:/Users/Hareram%20ray/AI/numJ/.tools/jmh/jmh-core-1.37.jar)
WARNING: Please consider reporting this to the maintainers of class org.openjdk.jmh.util.Utils
WARNING: sun.misc.Unsafe::objectFieldOffset will be removed in a future release
# Warmup Iteration   1: 1490.402 ns/op
# Warmup Iteration   2: 267.585 ns/op
# Warmup Iteration   3: 249.903 ns/op
# Warmup Iteration   4: 206.936 ns/op
Iteration   1: 224.979 ns/op
Iteration   2: 210.463 ns/op
Iteration   3: 212.717 ns/op
Iteration   4: 224.264 ns/op
Iteration   5: 254.051 ns/op

# Run progress: 61.33% complete, ETA 00:02:03
# Fork: 2 of 2
WARNING: A terminally deprecated method in sun.misc.Unsafe has been called
WARNING: sun.misc.Unsafe::objectFieldOffset has been called by org.openjdk.jmh.util.Utils (file:/C:/Users/Hareram%20ray/AI/numJ/.tools/jmh/jmh-core-1.37.jar)
WARNING: Please consider reporting this to the maintainers of class org.openjdk.jmh.util.Utils
WARNING: sun.misc.Unsafe::objectFieldOffset will be removed in a future release
# Warmup Iteration   1: 1645.818 ns/op
# Warmup Iteration   2: 269.475 ns/op
# Warmup Iteration   3: 249.712 ns/op
# Warmup Iteration   4: 211.790 ns/op
Iteration   1: 226.563 ns/op
Iteration   2: 209.420 ns/op
Iteration   3: 208.366 ns/op
Iteration   4: 227.774 ns/op
Iteration   5: 207.997 ns/op


Result "numj.SmallBench.addStrided":
  220.659 ±(99.9%) 21.599 ns/op [Average]
  (min, avg, max) = (207.997, 220.659, 254.051), stdev = 14.287
  CI (99.9%): [199.060, 242.259] (assumes normal distribution)


# JMH version: 1.37
# VM version: JDK 25.0.4.1, OpenJDK 64-Bit Server VM, 25.0.4.1+1-LTS
# VM invoker: C:\Users\Hareram ray\AI\numJ\.tools\jdk\bin\java.exe
# VM options: --enable-native-access=ALL-UNNAMED --enable-native-access=ALL-UNNAMED -Xms1g -Xmx1g
# Blackhole mode: compiler (auto-detected, use -Djmh.blackhole.autoDetect=false to disable)
# Warmup: 4 iterations, 150 ms each
# Measurement: 5 iterations, 150 ms each
# Timeout: 10 min per iteration
# Threads: 1 thread, will synchronize iterations
# Benchmark mode: Average time, time/op
# Benchmark: numj.SmallBench.addStrided
# Parameters: (n = 128, path = java)

# Run progress: 61.83% complete, ETA 00:02:02
# Fork: 1 of 2
WARNING: A terminally deprecated method in sun.misc.Unsafe has been called
WARNING: sun.misc.Unsafe::objectFieldOffset has been called by org.openjdk.jmh.util.Utils (file:/C:/Users/Hareram%20ray/AI/numJ/.tools/jmh/jmh-core-1.37.jar)
WARNING: Please consider reporting this to the maintainers of class org.openjdk.jmh.util.Utils
WARNING: sun.misc.Unsafe::objectFieldOffset will be removed in a future release
# Warmup Iteration   1: 452.306 ns/op
# Warmup Iteration   2: 323.782 ns/op
# Warmup Iteration   3: 268.759 ns/op
# Warmup Iteration   4: 261.639 ns/op
Iteration   1: 252.434 ns/op
Iteration   2: 271.304 ns/op
Iteration   3: 271.751 ns/op
Iteration   4: 252.387 ns/op
Iteration   5: 265.005 ns/op

# Run progress: 62.33% complete, ETA 00:02:00
# Fork: 2 of 2
WARNING: A terminally deprecated method in sun.misc.Unsafe has been called
WARNING: sun.misc.Unsafe::objectFieldOffset has been called by org.openjdk.jmh.util.Utils (file:/C:/Users/Hareram%20ray/AI/numJ/.tools/jmh/jmh-core-1.37.jar)
WARNING: Please consider reporting this to the maintainers of class org.openjdk.jmh.util.Utils
WARNING: sun.misc.Unsafe::objectFieldOffset will be removed in a future release
# Warmup Iteration   1: 488.822 ns/op
# Warmup Iteration   2: 314.421 ns/op
# Warmup Iteration   3: 266.511 ns/op
# Warmup Iteration   4: 265.030 ns/op
Iteration   1: 266.747 ns/op
Iteration   2: 254.181 ns/op
Iteration   3: 282.850 ns/op
Iteration   4: 255.633 ns/op
Iteration   5: 254.242 ns/op


Result "numj.SmallBench.addStrided":
  262.653 ±(99.9%) 15.852 ns/op [Average]
  (min, avg, max) = (252.387, 262.653, 282.850), stdev = 10.485
  CI (99.9%): [246.801, 278.506] (assumes normal distribution)


# JMH version: 1.37
# VM version: JDK 25.0.4.1, OpenJDK 64-Bit Server VM, 25.0.4.1+1-LTS
# VM invoker: C:\Users\Hareram ray\AI\numJ\.tools\jdk\bin\java.exe
# VM options: --enable-native-access=ALL-UNNAMED --enable-native-access=ALL-UNNAMED -Xms1g -Xmx1g
# Blackhole mode: compiler (auto-detected, use -Djmh.blackhole.autoDetect=false to disable)
# Warmup: 4 iterations, 150 ms each
# Measurement: 5 iterations, 150 ms each
# Timeout: 10 min per iteration
# Threads: 1 thread, will synchronize iterations
# Benchmark mode: Average time, time/op
# Benchmark: numj.SmallBench.addStrided
# Parameters: (n = 128, path = native)

# Run progress: 62.83% complete, ETA 00:01:58
# Fork: 1 of 2
WARNING: A terminally deprecated method in sun.misc.Unsafe has been called
WARNING: sun.misc.Unsafe::objectFieldOffset has been called by org.openjdk.jmh.util.Utils (file:/C:/Users/Hareram%20ray/AI/numJ/.tools/jmh/jmh-core-1.37.jar)
WARNING: Please consider reporting this to the maintainers of class org.openjdk.jmh.util.Utils
WARNING: sun.misc.Unsafe::objectFieldOffset will be removed in a future release
# Warmup Iteration   1: 2211.706 ns/op
# Warmup Iteration   2: 297.688 ns/op
# Warmup Iteration   3: 239.876 ns/op
# Warmup Iteration   4: 252.504 ns/op
Iteration   1: 247.430 ns/op
Iteration   2: 223.943 ns/op
Iteration   3: 241.728 ns/op
Iteration   4: 245.411 ns/op
Iteration   5: 222.515 ns/op

# Run progress: 63.34% complete, ETA 00:01:57
# Fork: 2 of 2
WARNING: A terminally deprecated method in sun.misc.Unsafe has been called
WARNING: sun.misc.Unsafe::objectFieldOffset has been called by org.openjdk.jmh.util.Utils (file:/C:/Users/Hareram%20ray/AI/numJ/.tools/jmh/jmh-core-1.37.jar)
WARNING: Please consider reporting this to the maintainers of class org.openjdk.jmh.util.Utils
WARNING: sun.misc.Unsafe::objectFieldOffset will be removed in a future release
# Warmup Iteration   1: 1873.063 ns/op
# Warmup Iteration   2: 296.425 ns/op
# Warmup Iteration   3: 248.412 ns/op
# Warmup Iteration   4: 227.948 ns/op
Iteration   1: 268.108 ns/op
Iteration   2: 236.145 ns/op
Iteration   3: 225.859 ns/op
Iteration   4: 257.426 ns/op
Iteration   5: 227.301 ns/op


Result "numj.SmallBench.addStrided":
  239.587 ±(99.9%) 23.199 ns/op [Average]
  (min, avg, max) = (222.515, 239.587, 268.108), stdev = 15.345
  CI (99.9%): [216.388, 262.785] (assumes normal distribution)


# JMH version: 1.37
# VM version: JDK 25.0.4.1, OpenJDK 64-Bit Server VM, 25.0.4.1+1-LTS
# VM invoker: C:\Users\Hareram ray\AI\numJ\.tools\jdk\bin\java.exe
# VM options: --enable-native-access=ALL-UNNAMED --enable-native-access=ALL-UNNAMED -Xms1g -Xmx1g
# Blackhole mode: compiler (auto-detected, use -Djmh.blackhole.autoDetect=false to disable)
# Warmup: 4 iterations, 150 ms each
# Measurement: 5 iterations, 150 ms each
# Timeout: 10 min per iteration
# Threads: 1 thread, will synchronize iterations
# Benchmark mode: Average time, time/op
# Benchmark: numj.SmallBench.addStrided
# Parameters: (n = 256, path = java)

# Run progress: 63.84% complete, ETA 00:01:55
# Fork: 1 of 2
WARNING: A terminally deprecated method in sun.misc.Unsafe has been called
WARNING: sun.misc.Unsafe::objectFieldOffset has been called by org.openjdk.jmh.util.Utils (file:/C:/Users/Hareram%20ray/AI/numJ/.tools/jmh/jmh-core-1.37.jar)
WARNING: Please consider reporting this to the maintainers of class org.openjdk.jmh.util.Utils
WARNING: sun.misc.Unsafe::objectFieldOffset will be removed in a future release
# Warmup Iteration   1: 654.381 ns/op
# Warmup Iteration   2: 428.252 ns/op
# Warmup Iteration   3: 429.449 ns/op
# Warmup Iteration   4: 367.940 ns/op
Iteration   1: 368.334 ns/op
Iteration   2: 412.891 ns/op
Iteration   3: 369.353 ns/op
Iteration   4: 365.878 ns/op
Iteration   5: 417.776 ns/op

# Run progress: 64.34% complete, ETA 00:01:54
# Fork: 2 of 2
WARNING: A terminally deprecated method in sun.misc.Unsafe has been called
WARNING: sun.misc.Unsafe::objectFieldOffset has been called by org.openjdk.jmh.util.Utils (file:/C:/Users/Hareram%20ray/AI/numJ/.tools/jmh/jmh-core-1.37.jar)
WARNING: Please consider reporting this to the maintainers of class org.openjdk.jmh.util.Utils
WARNING: sun.misc.Unsafe::objectFieldOffset will be removed in a future release
# Warmup Iteration   1: 645.907 ns/op
# Warmup Iteration   2: 415.890 ns/op
# Warmup Iteration   3: 430.286 ns/op
# Warmup Iteration   4: 412.330 ns/op
Iteration   1: 368.032 ns/op
Iteration   2: 402.443 ns/op
Iteration   3: 372.124 ns/op
Iteration   4: 365.414 ns/op
Iteration   5: 410.386 ns/op


Result "numj.SmallBench.addStrided":
  385.263 ±(99.9%) 33.903 ns/op [Average]
  (min, avg, max) = (365.414, 385.263, 417.776), stdev = 22.425
  CI (99.9%): [351.360, 419.166] (assumes normal distribution)


# JMH version: 1.37
# VM version: JDK 25.0.4.1, OpenJDK 64-Bit Server VM, 25.0.4.1+1-LTS
# VM invoker: C:\Users\Hareram ray\AI\numJ\.tools\jdk\bin\java.exe
# VM options: --enable-native-access=ALL-UNNAMED --enable-native-access=ALL-UNNAMED -Xms1g -Xmx1g
# Blackhole mode: compiler (auto-detected, use -Djmh.blackhole.autoDetect=false to disable)
# Warmup: 4 iterations, 150 ms each
# Measurement: 5 iterations, 150 ms each
# Timeout: 10 min per iteration
# Threads: 1 thread, will synchronize iterations
# Benchmark mode: Average time, time/op
# Benchmark: numj.SmallBench.addStrided
# Parameters: (n = 256, path = native)

# Run progress: 64.84% complete, ETA 00:01:52
# Fork: 1 of 2
WARNING: A terminally deprecated method in sun.misc.Unsafe has been called
WARNING: sun.misc.Unsafe::objectFieldOffset has been called by org.openjdk.jmh.util.Utils (file:/C:/Users/Hareram%20ray/AI/numJ/.tools/jmh/jmh-core-1.37.jar)
WARNING: Please consider reporting this to the maintainers of class org.openjdk.jmh.util.Utils
WARNING: sun.misc.Unsafe::objectFieldOffset will be removed in a future release
# Warmup Iteration   1: 2230.038 ns/op
# Warmup Iteration   2: 312.705 ns/op
# Warmup Iteration   3: 312.153 ns/op
# Warmup Iteration   4: 275.776 ns/op
Iteration   1: 275.428 ns/op
Iteration   2: 308.130 ns/op
Iteration   3: 269.537 ns/op
Iteration   4: 274.168 ns/op
Iteration   5: 293.133 ns/op

# Run progress: 65.35% complete, ETA 00:01:50
# Fork: 2 of 2
WARNING: A terminally deprecated method in sun.misc.Unsafe has been called
WARNING: sun.misc.Unsafe::objectFieldOffset has been called by org.openjdk.jmh.util.Utils (file:/C:/Users/Hareram%20ray/AI/numJ/.tools/jmh/jmh-core-1.37.jar)
WARNING: Please consider reporting this to the maintainers of class org.openjdk.jmh.util.Utils
WARNING: sun.misc.Unsafe::objectFieldOffset will be removed in a future release
# Warmup Iteration   1: 2756.676 ns/op
# Warmup Iteration   2: 340.641 ns/op
# Warmup Iteration   3: 310.139 ns/op
# Warmup Iteration   4: 293.019 ns/op
Iteration   1: 263.486 ns/op
Iteration   2: 334.404 ns/op
Iteration   3: 267.735 ns/op
Iteration   4: 264.877 ns/op
Iteration   5: 284.268 ns/op


Result "numj.SmallBench.addStrided":
  283.517 ±(99.9%) 34.307 ns/op [Average]
  (min, avg, max) = (263.486, 283.517, 334.404), stdev = 22.692
  CI (99.9%): [249.209, 317.824] (assumes normal distribution)


# JMH version: 1.37
# VM version: JDK 25.0.4.1, OpenJDK 64-Bit Server VM, 25.0.4.1+1-LTS
# VM invoker: C:\Users\Hareram ray\AI\numJ\.tools\jdk\bin\java.exe
# VM options: --enable-native-access=ALL-UNNAMED --enable-native-access=ALL-UNNAMED -Xms1g -Xmx1g
# Blackhole mode: compiler (auto-detected, use -Djmh.blackhole.autoDetect=false to disable)
# Warmup: 4 iterations, 150 ms each
# Measurement: 5 iterations, 150 ms each
# Timeout: 10 min per iteration
# Threads: 1 thread, will synchronize iterations
# Benchmark mode: Average time, time/op
# Benchmark: numj.SmallBench.addStrided
# Parameters: (n = 1024, path = java)

# Run progress: 65.85% complete, ETA 00:01:49
# Fork: 1 of 2
WARNING: A terminally deprecated method in sun.misc.Unsafe has been called
WARNING: sun.misc.Unsafe::objectFieldOffset has been called by org.openjdk.jmh.util.Utils (file:/C:/Users/Hareram%20ray/AI/numJ/.tools/jmh/jmh-core-1.37.jar)
WARNING: Please consider reporting this to the maintainers of class org.openjdk.jmh.util.Utils
WARNING: sun.misc.Unsafe::objectFieldOffset will be removed in a future release
# Warmup Iteration   1: 2026.219 ns/op
# Warmup Iteration   2: 1116.348 ns/op
# Warmup Iteration   3: 1121.813 ns/op
# Warmup Iteration   4: 1120.736 ns/op
Iteration   1: 1121.954 ns/op
Iteration   2: 1119.738 ns/op
Iteration   3: 1133.084 ns/op
Iteration   4: 1135.390 ns/op
Iteration   5: 1097.578 ns/op

# Run progress: 66.35% complete, ETA 00:01:47
# Fork: 2 of 2
WARNING: A terminally deprecated method in sun.misc.Unsafe has been called
WARNING: sun.misc.Unsafe::objectFieldOffset has been called by org.openjdk.jmh.util.Utils (file:/C:/Users/Hareram%20ray/AI/numJ/.tools/jmh/jmh-core-1.37.jar)
WARNING: Please consider reporting this to the maintainers of class org.openjdk.jmh.util.Utils
WARNING: sun.misc.Unsafe::objectFieldOffset will be removed in a future release
# Warmup Iteration   1: 1896.249 ns/op
# Warmup Iteration   2: 1129.064 ns/op
# Warmup Iteration   3: 1134.490 ns/op
# Warmup Iteration   4: 1133.351 ns/op
Iteration   1: 1145.171 ns/op
Iteration   2: 1134.308 ns/op
Iteration   3: 1194.725 ns/op
Iteration   4: 1127.379 ns/op
Iteration   5: 1075.642 ns/op


Result "numj.SmallBench.addStrided":
  1128.497 ±(99.9%) 46.835 ns/op [Average]
  (min, avg, max) = (1075.642, 1128.497, 1194.725), stdev = 30.978
  CI (99.9%): [1081.662, 1175.331] (assumes normal distribution)


# JMH version: 1.37
# VM version: JDK 25.0.4.1, OpenJDK 64-Bit Server VM, 25.0.4.1+1-LTS
# VM invoker: C:\Users\Hareram ray\AI\numJ\.tools\jdk\bin\java.exe
# VM options: --enable-native-access=ALL-UNNAMED --enable-native-access=ALL-UNNAMED -Xms1g -Xmx1g
# Blackhole mode: compiler (auto-detected, use -Djmh.blackhole.autoDetect=false to disable)
# Warmup: 4 iterations, 150 ms each
# Measurement: 5 iterations, 150 ms each
# Timeout: 10 min per iteration
# Threads: 1 thread, will synchronize iterations
# Benchmark mode: Average time, time/op
# Benchmark: numj.SmallBench.addStrided
# Parameters: (n = 1024, path = native)

# Run progress: 66.85% complete, ETA 00:01:46
# Fork: 1 of 2
WARNING: A terminally deprecated method in sun.misc.Unsafe has been called
WARNING: sun.misc.Unsafe::objectFieldOffset has been called by org.openjdk.jmh.util.Utils (file:/C:/Users/Hareram%20ray/AI/numJ/.tools/jmh/jmh-core-1.37.jar)
WARNING: Please consider reporting this to the maintainers of class org.openjdk.jmh.util.Utils
WARNING: sun.misc.Unsafe::objectFieldOffset will be removed in a future release
# Warmup Iteration   1: 2677.996 ns/op
# Warmup Iteration   2: 588.220 ns/op
# Warmup Iteration   3: 554.104 ns/op
# Warmup Iteration   4: 582.866 ns/op
Iteration   1: 579.947 ns/op
Iteration   2: 537.157 ns/op
Iteration   3: 513.648 ns/op
Iteration   4: 511.887 ns/op
Iteration   5: 523.876 ns/op

# Run progress: 67.35% complete, ETA 00:01:44
# Fork: 2 of 2
WARNING: A terminally deprecated method in sun.misc.Unsafe has been called
WARNING: sun.misc.Unsafe::objectFieldOffset has been called by org.openjdk.jmh.util.Utils (file:/C:/Users/Hareram%20ray/AI/numJ/.tools/jmh/jmh-core-1.37.jar)
WARNING: Please consider reporting this to the maintainers of class org.openjdk.jmh.util.Utils
WARNING: sun.misc.Unsafe::objectFieldOffset will be removed in a future release
# Warmup Iteration   1: 3223.010 ns/op
# Warmup Iteration   2: 589.897 ns/op
# Warmup Iteration   3: 550.721 ns/op
# Warmup Iteration   4: 553.536 ns/op
Iteration   1: 567.209 ns/op
Iteration   2: 516.109 ns/op
Iteration   3: 501.020 ns/op
Iteration   4: 520.839 ns/op
Iteration   5: 551.986 ns/op


Result "numj.SmallBench.addStrided":
  532.368 ±(99.9%) 39.384 ns/op [Average]
  (min, avg, max) = (501.020, 532.368, 579.947), stdev = 26.050
  CI (99.9%): [492.984, 571.752] (assumes normal distribution)


# JMH version: 1.37
# VM version: JDK 25.0.4.1, OpenJDK 64-Bit Server VM, 25.0.4.1+1-LTS
# VM invoker: C:\Users\Hareram ray\AI\numJ\.tools\jdk\bin\java.exe
# VM options: --enable-native-access=ALL-UNNAMED --enable-native-access=ALL-UNNAMED -Xms1g -Xmx1g
# Blackhole mode: compiler (auto-detected, use -Djmh.blackhole.autoDetect=false to disable)
# Warmup: 4 iterations, 150 ms each
# Measurement: 5 iterations, 150 ms each
# Timeout: 10 min per iteration
# Threads: 1 thread, will synchronize iterations
# Benchmark mode: Average time, time/op
# Benchmark: numj.SmallBench.sqdist
# Parameters: (n = 1, path = java)

# Run progress: 67.86% complete, ETA 00:01:42
# Fork: 1 of 2
WARNING: A terminally deprecated method in sun.misc.Unsafe has been called
WARNING: sun.misc.Unsafe::objectFieldOffset has been called by org.openjdk.jmh.util.Utils (file:/C:/Users/Hareram%20ray/AI/numJ/.tools/jmh/jmh-core-1.37.jar)
WARNING: Please consider reporting this to the maintainers of class org.openjdk.jmh.util.Utils
WARNING: sun.misc.Unsafe::objectFieldOffset will be removed in a future release
# Warmup Iteration   1: 43.253 ns/op
# Warmup Iteration   2: 33.827 ns/op
# Warmup Iteration   3: 27.713 ns/op
# Warmup Iteration   4: 28.723 ns/op
Iteration   1: 29.846 ns/op
Iteration   2: 26.770 ns/op
Iteration   3: 27.035 ns/op
Iteration   4: 27.937 ns/op
Iteration   5: 29.901 ns/op

# Run progress: 68.36% complete, ETA 00:01:41
# Fork: 2 of 2
WARNING: A terminally deprecated method in sun.misc.Unsafe has been called
WARNING: sun.misc.Unsafe::objectFieldOffset has been called by org.openjdk.jmh.util.Utils (file:/C:/Users/Hareram%20ray/AI/numJ/.tools/jmh/jmh-core-1.37.jar)
WARNING: Please consider reporting this to the maintainers of class org.openjdk.jmh.util.Utils
WARNING: sun.misc.Unsafe::objectFieldOffset will be removed in a future release
# Warmup Iteration   1: 61.800 ns/op
# Warmup Iteration   2: 33.513 ns/op
# Warmup Iteration   3: 28.831 ns/op
# Warmup Iteration   4: 28.876 ns/op
Iteration   1: 29.775 ns/op
Iteration   2: 28.527 ns/op
Iteration   3: 29.075 ns/op
Iteration   4: 28.049 ns/op
Iteration   5: 28.450 ns/op


Result "numj.SmallBench.sqdist":
  28.536 ±(99.9%) 1.700 ns/op [Average]
  (min, avg, max) = (26.770, 28.536, 29.901), stdev = 1.125
  CI (99.9%): [26.836, 30.237] (assumes normal distribution)


# JMH version: 1.37
# VM version: JDK 25.0.4.1, OpenJDK 64-Bit Server VM, 25.0.4.1+1-LTS
# VM invoker: C:\Users\Hareram ray\AI\numJ\.tools\jdk\bin\java.exe
# VM options: --enable-native-access=ALL-UNNAMED --enable-native-access=ALL-UNNAMED -Xms1g -Xmx1g
# Blackhole mode: compiler (auto-detected, use -Djmh.blackhole.autoDetect=false to disable)
# Warmup: 4 iterations, 150 ms each
# Measurement: 5 iterations, 150 ms each
# Timeout: 10 min per iteration
# Threads: 1 thread, will synchronize iterations
# Benchmark mode: Average time, time/op
# Benchmark: numj.SmallBench.sqdist
# Parameters: (n = 1, path = native)

# Run progress: 68.86% complete, ETA 00:01:39
# Fork: 1 of 2
WARNING: A terminally deprecated method in sun.misc.Unsafe has been called
WARNING: sun.misc.Unsafe::objectFieldOffset has been called by org.openjdk.jmh.util.Utils (file:/C:/Users/Hareram%20ray/AI/numJ/.tools/jmh/jmh-core-1.37.jar)
WARNING: Please consider reporting this to the maintainers of class org.openjdk.jmh.util.Utils
WARNING: sun.misc.Unsafe::objectFieldOffset will be removed in a future release
# Warmup Iteration   1: 55.844 ns/op
# Warmup Iteration   2: 23.397 ns/op
# Warmup Iteration   3: 23.635 ns/op
# Warmup Iteration   4: 23.496 ns/op
Iteration   1: 24.203 ns/op
Iteration   2: 23.430 ns/op
Iteration   3: 23.551 ns/op
Iteration   4: 24.606 ns/op
Iteration   5: 24.790 ns/op

# Run progress: 69.36% complete, ETA 00:01:38
# Fork: 2 of 2
WARNING: A terminally deprecated method in sun.misc.Unsafe has been called
WARNING: sun.misc.Unsafe::objectFieldOffset has been called by org.openjdk.jmh.util.Utils (file:/C:/Users/Hareram%20ray/AI/numJ/.tools/jmh/jmh-core-1.37.jar)
WARNING: Please consider reporting this to the maintainers of class org.openjdk.jmh.util.Utils
WARNING: sun.misc.Unsafe::objectFieldOffset will be removed in a future release
# Warmup Iteration   1: 59.978 ns/op
# Warmup Iteration   2: 25.646 ns/op
# Warmup Iteration   3: 25.330 ns/op
# Warmup Iteration   4: 25.127 ns/op
Iteration   1: 25.071 ns/op
Iteration   2: 24.905 ns/op
Iteration   3: 26.469 ns/op
Iteration   4: 25.508 ns/op
Iteration   5: 25.003 ns/op


Result "numj.SmallBench.sqdist":
  24.753 ±(99.9%) 1.354 ns/op [Average]
  (min, avg, max) = (23.430, 24.753, 26.469), stdev = 0.896
  CI (99.9%): [23.399, 26.108] (assumes normal distribution)


# JMH version: 1.37
# VM version: JDK 25.0.4.1, OpenJDK 64-Bit Server VM, 25.0.4.1+1-LTS
# VM invoker: C:\Users\Hareram ray\AI\numJ\.tools\jdk\bin\java.exe
# VM options: --enable-native-access=ALL-UNNAMED --enable-native-access=ALL-UNNAMED -Xms1g -Xmx1g
# Blackhole mode: compiler (auto-detected, use -Djmh.blackhole.autoDetect=false to disable)
# Warmup: 4 iterations, 150 ms each
# Measurement: 5 iterations, 150 ms each
# Timeout: 10 min per iteration
# Threads: 1 thread, will synchronize iterations
# Benchmark mode: Average time, time/op
# Benchmark: numj.SmallBench.sqdist
# Parameters: (n = 4, path = java)

# Run progress: 69.87% complete, ETA 00:01:36
# Fork: 1 of 2
WARNING: A terminally deprecated method in sun.misc.Unsafe has been called
WARNING: sun.misc.Unsafe::objectFieldOffset has been called by org.openjdk.jmh.util.Utils (file:/C:/Users/Hareram%20ray/AI/numJ/.tools/jmh/jmh-core-1.37.jar)
WARNING: Please consider reporting this to the maintainers of class org.openjdk.jmh.util.Utils
WARNING: sun.misc.Unsafe::objectFieldOffset will be removed in a future release
# Warmup Iteration   1: 49.169 ns/op
# Warmup Iteration   2: 36.509 ns/op
# Warmup Iteration   3: 29.487 ns/op
# Warmup Iteration   4: 34.109 ns/op
Iteration   1: 31.675 ns/op
Iteration   2: 28.315 ns/op
Iteration   3: 29.404 ns/op
Iteration   4: 29.238 ns/op
Iteration   5: 29.090 ns/op

# Run progress: 70.37% complete, ETA 00:01:34
# Fork: 2 of 2
WARNING: A terminally deprecated method in sun.misc.Unsafe has been called
WARNING: sun.misc.Unsafe::objectFieldOffset has been called by org.openjdk.jmh.util.Utils (file:/C:/Users/Hareram%20ray/AI/numJ/.tools/jmh/jmh-core-1.37.jar)
WARNING: Please consider reporting this to the maintainers of class org.openjdk.jmh.util.Utils
WARNING: sun.misc.Unsafe::objectFieldOffset will be removed in a future release
# Warmup Iteration   1: 49.915 ns/op
# Warmup Iteration   2: 33.531 ns/op
# Warmup Iteration   3: 29.001 ns/op
# Warmup Iteration   4: 29.928 ns/op
Iteration   1: 29.670 ns/op
Iteration   2: 29.831 ns/op
Iteration   3: 29.344 ns/op
Iteration   4: 28.672 ns/op
Iteration   5: 29.071 ns/op


Result "numj.SmallBench.sqdist":
  29.431 ±(99.9%) 1.368 ns/op [Average]
  (min, avg, max) = (28.315, 29.431, 31.675), stdev = 0.905
  CI (99.9%): [28.063, 30.799] (assumes normal distribution)


# JMH version: 1.37
# VM version: JDK 25.0.4.1, OpenJDK 64-Bit Server VM, 25.0.4.1+1-LTS
# VM invoker: C:\Users\Hareram ray\AI\numJ\.tools\jdk\bin\java.exe
# VM options: --enable-native-access=ALL-UNNAMED --enable-native-access=ALL-UNNAMED -Xms1g -Xmx1g
# Blackhole mode: compiler (auto-detected, use -Djmh.blackhole.autoDetect=false to disable)
# Warmup: 4 iterations, 150 ms each
# Measurement: 5 iterations, 150 ms each
# Timeout: 10 min per iteration
# Threads: 1 thread, will synchronize iterations
# Benchmark mode: Average time, time/op
# Benchmark: numj.SmallBench.sqdist
# Parameters: (n = 4, path = native)

# Run progress: 70.87% complete, ETA 00:01:33
# Fork: 1 of 2
WARNING: A terminally deprecated method in sun.misc.Unsafe has been called
WARNING: sun.misc.Unsafe::objectFieldOffset has been called by org.openjdk.jmh.util.Utils (file:/C:/Users/Hareram%20ray/AI/numJ/.tools/jmh/jmh-core-1.37.jar)
WARNING: Please consider reporting this to the maintainers of class org.openjdk.jmh.util.Utils
WARNING: sun.misc.Unsafe::objectFieldOffset will be removed in a future release
# Warmup Iteration   1: 47.297 ns/op
# Warmup Iteration   2: 16.386 ns/op
# Warmup Iteration   3: 17.162 ns/op
# Warmup Iteration   4: 16.886 ns/op
Iteration   1: 16.550 ns/op
Iteration   2: 17.143 ns/op
Iteration   3: 16.750 ns/op
Iteration   4: 16.691 ns/op
Iteration   5: 16.676 ns/op

# Run progress: 71.37% complete, ETA 00:01:31
# Fork: 2 of 2
WARNING: A terminally deprecated method in sun.misc.Unsafe has been called
WARNING: sun.misc.Unsafe::objectFieldOffset has been called by org.openjdk.jmh.util.Utils (file:/C:/Users/Hareram%20ray/AI/numJ/.tools/jmh/jmh-core-1.37.jar)
WARNING: Please consider reporting this to the maintainers of class org.openjdk.jmh.util.Utils
WARNING: sun.misc.Unsafe::objectFieldOffset will be removed in a future release
# Warmup Iteration   1: 31.765 ns/op
# Warmup Iteration   2: 15.063 ns/op
# Warmup Iteration   3: 13.375 ns/op
# Warmup Iteration   4: 13.452 ns/op
Iteration   1: 13.366 ns/op
Iteration   2: 13.391 ns/op
Iteration   3: 13.860 ns/op
Iteration   4: 13.753 ns/op
Iteration   5: 13.631 ns/op


Result "numj.SmallBench.sqdist":
  15.181 ±(99.9%) 2.539 ns/op [Average]
  (min, avg, max) = (13.366, 15.181, 17.143), stdev = 1.679
  CI (99.9%): [12.642, 17.720] (assumes normal distribution)


# JMH version: 1.37
# VM version: JDK 25.0.4.1, OpenJDK 64-Bit Server VM, 25.0.4.1+1-LTS
# VM invoker: C:\Users\Hareram ray\AI\numJ\.tools\jdk\bin\java.exe
# VM options: --enable-native-access=ALL-UNNAMED --enable-native-access=ALL-UNNAMED -Xms1g -Xmx1g
# Blackhole mode: compiler (auto-detected, use -Djmh.blackhole.autoDetect=false to disable)
# Warmup: 4 iterations, 150 ms each
# Measurement: 5 iterations, 150 ms each
# Timeout: 10 min per iteration
# Threads: 1 thread, will synchronize iterations
# Benchmark mode: Average time, time/op
# Benchmark: numj.SmallBench.sqdist
# Parameters: (n = 16, path = java)

# Run progress: 71.88% complete, ETA 00:01:30
# Fork: 1 of 2
WARNING: A terminally deprecated method in sun.misc.Unsafe has been called
WARNING: sun.misc.Unsafe::objectFieldOffset has been called by org.openjdk.jmh.util.Utils (file:/C:/Users/Hareram%20ray/AI/numJ/.tools/jmh/jmh-core-1.37.jar)
WARNING: Please consider reporting this to the maintainers of class org.openjdk.jmh.util.Utils
WARNING: sun.misc.Unsafe::objectFieldOffset will be removed in a future release
# Warmup Iteration   1: 61.450 ns/op
# Warmup Iteration   2: 33.037 ns/op
# Warmup Iteration   3: 32.152 ns/op
# Warmup Iteration   4: 30.104 ns/op
Iteration   1: 31.337 ns/op
Iteration   2: 29.753 ns/op
Iteration   3: 32.514 ns/op
Iteration   4: 29.514 ns/op
Iteration   5: 31.414 ns/op

# Run progress: 72.38% complete, ETA 00:01:28
# Fork: 2 of 2
WARNING: A terminally deprecated method in sun.misc.Unsafe has been called
WARNING: sun.misc.Unsafe::objectFieldOffset has been called by org.openjdk.jmh.util.Utils (file:/C:/Users/Hareram%20ray/AI/numJ/.tools/jmh/jmh-core-1.37.jar)
WARNING: Please consider reporting this to the maintainers of class org.openjdk.jmh.util.Utils
WARNING: sun.misc.Unsafe::objectFieldOffset will be removed in a future release
# Warmup Iteration   1: 62.356 ns/op
# Warmup Iteration   2: 34.090 ns/op
# Warmup Iteration   3: 32.370 ns/op
# Warmup Iteration   4: 29.801 ns/op
Iteration   1: 30.300 ns/op
Iteration   2: 30.038 ns/op
Iteration   3: 30.035 ns/op
Iteration   4: 30.911 ns/op
Iteration   5: 28.829 ns/op


Result "numj.SmallBench.sqdist":
  30.464 ±(99.9%) 1.636 ns/op [Average]
  (min, avg, max) = (28.829, 30.464, 32.514), stdev = 1.082
  CI (99.9%): [28.828, 32.101] (assumes normal distribution)


# JMH version: 1.37
# VM version: JDK 25.0.4.1, OpenJDK 64-Bit Server VM, 25.0.4.1+1-LTS
# VM invoker: C:\Users\Hareram ray\AI\numJ\.tools\jdk\bin\java.exe
# VM options: --enable-native-access=ALL-UNNAMED --enable-native-access=ALL-UNNAMED -Xms1g -Xmx1g
# Blackhole mode: compiler (auto-detected, use -Djmh.blackhole.autoDetect=false to disable)
# Warmup: 4 iterations, 150 ms each
# Measurement: 5 iterations, 150 ms each
# Timeout: 10 min per iteration
# Threads: 1 thread, will synchronize iterations
# Benchmark mode: Average time, time/op
# Benchmark: numj.SmallBench.sqdist
# Parameters: (n = 16, path = native)

# Run progress: 72.88% complete, ETA 00:01:26
# Fork: 1 of 2
WARNING: A terminally deprecated method in sun.misc.Unsafe has been called
WARNING: sun.misc.Unsafe::objectFieldOffset has been called by org.openjdk.jmh.util.Utils (file:/C:/Users/Hareram%20ray/AI/numJ/.tools/jmh/jmh-core-1.37.jar)
WARNING: Please consider reporting this to the maintainers of class org.openjdk.jmh.util.Utils
WARNING: sun.misc.Unsafe::objectFieldOffset will be removed in a future release
# Warmup Iteration   1: 41.392 ns/op
# Warmup Iteration   2: 14.744 ns/op
# Warmup Iteration   3: 15.731 ns/op
# Warmup Iteration   4: 14.744 ns/op
Iteration   1: 14.886 ns/op
Iteration   2: 14.850 ns/op
Iteration   3: 14.962 ns/op
Iteration   4: 15.260 ns/op
Iteration   5: 15.172 ns/op

# Run progress: 73.38% complete, ETA 00:01:25
# Fork: 2 of 2
WARNING: A terminally deprecated method in sun.misc.Unsafe has been called
WARNING: sun.misc.Unsafe::objectFieldOffset has been called by org.openjdk.jmh.util.Utils (file:/C:/Users/Hareram%20ray/AI/numJ/.tools/jmh/jmh-core-1.37.jar)
WARNING: Please consider reporting this to the maintainers of class org.openjdk.jmh.util.Utils
WARNING: sun.misc.Unsafe::objectFieldOffset will be removed in a future release
# Warmup Iteration   1: 31.753 ns/op
# Warmup Iteration   2: 13.375 ns/op
# Warmup Iteration   3: 13.707 ns/op
# Warmup Iteration   4: 13.418 ns/op
Iteration   1: 13.390 ns/op
Iteration   2: 13.509 ns/op
Iteration   3: 13.554 ns/op
Iteration   4: 13.987 ns/op
Iteration   5: 13.374 ns/op


Result "numj.SmallBench.sqdist":
  14.294 ±(99.9%) 1.206 ns/op [Average]
  (min, avg, max) = (13.374, 14.294, 15.260), stdev = 0.798
  CI (99.9%): [13.088, 15.501] (assumes normal distribution)


# JMH version: 1.37
# VM version: JDK 25.0.4.1, OpenJDK 64-Bit Server VM, 25.0.4.1+1-LTS
# VM invoker: C:\Users\Hareram ray\AI\numJ\.tools\jdk\bin\java.exe
# VM options: --enable-native-access=ALL-UNNAMED --enable-native-access=ALL-UNNAMED -Xms1g -Xmx1g
# Blackhole mode: compiler (auto-detected, use -Djmh.blackhole.autoDetect=false to disable)
# Warmup: 4 iterations, 150 ms each
# Measurement: 5 iterations, 150 ms each
# Timeout: 10 min per iteration
# Threads: 1 thread, will synchronize iterations
# Benchmark mode: Average time, time/op
# Benchmark: numj.SmallBench.sqdist
# Parameters: (n = 32, path = java)

# Run progress: 73.88% complete, ETA 00:01:23
# Fork: 1 of 2
WARNING: A terminally deprecated method in sun.misc.Unsafe has been called
WARNING: sun.misc.Unsafe::objectFieldOffset has been called by org.openjdk.jmh.util.Utils (file:/C:/Users/Hareram%20ray/AI/numJ/.tools/jmh/jmh-core-1.37.jar)
WARNING: Please consider reporting this to the maintainers of class org.openjdk.jmh.util.Utils
WARNING: sun.misc.Unsafe::objectFieldOffset will be removed in a future release
# Warmup Iteration   1: 70.200 ns/op
# Warmup Iteration   2: 36.491 ns/op
# Warmup Iteration   3: 37.061 ns/op
# Warmup Iteration   4: 32.469 ns/op
Iteration   1: 33.976 ns/op
Iteration   2: 32.734 ns/op
Iteration   3: 32.283 ns/op
Iteration   4: 33.758 ns/op
Iteration   5: 32.758 ns/op

# Run progress: 74.39% complete, ETA 00:01:22
# Fork: 2 of 2
WARNING: A terminally deprecated method in sun.misc.Unsafe has been called
WARNING: sun.misc.Unsafe::objectFieldOffset has been called by org.openjdk.jmh.util.Utils (file:/C:/Users/Hareram%20ray/AI/numJ/.tools/jmh/jmh-core-1.37.jar)
WARNING: Please consider reporting this to the maintainers of class org.openjdk.jmh.util.Utils
WARNING: sun.misc.Unsafe::objectFieldOffset will be removed in a future release
# Warmup Iteration   1: 70.291 ns/op
# Warmup Iteration   2: 35.970 ns/op
# Warmup Iteration   3: 37.238 ns/op
# Warmup Iteration   4: 32.803 ns/op
Iteration   1: 46.514 ns/op
Iteration   2: 37.113 ns/op
Iteration   3: 32.735 ns/op
Iteration   4: 32.629 ns/op
Iteration   5: 33.449 ns/op


Result "numj.SmallBench.sqdist":
  34.795 ±(99.9%) 6.569 ns/op [Average]
  (min, avg, max) = (32.283, 34.795, 46.514), stdev = 4.345
  CI (99.9%): [28.226, 41.364] (assumes normal distribution)


# JMH version: 1.37
# VM version: JDK 25.0.4.1, OpenJDK 64-Bit Server VM, 25.0.4.1+1-LTS
# VM invoker: C:\Users\Hareram ray\AI\numJ\.tools\jdk\bin\java.exe
# VM options: --enable-native-access=ALL-UNNAMED --enable-native-access=ALL-UNNAMED -Xms1g -Xmx1g
# Blackhole mode: compiler (auto-detected, use -Djmh.blackhole.autoDetect=false to disable)
# Warmup: 4 iterations, 150 ms each
# Measurement: 5 iterations, 150 ms each
# Timeout: 10 min per iteration
# Threads: 1 thread, will synchronize iterations
# Benchmark mode: Average time, time/op
# Benchmark: numj.SmallBench.sqdist
# Parameters: (n = 32, path = native)

# Run progress: 74.89% complete, ETA 00:01:20
# Fork: 1 of 2
WARNING: A terminally deprecated method in sun.misc.Unsafe has been called
WARNING: sun.misc.Unsafe::objectFieldOffset has been called by org.openjdk.jmh.util.Utils (file:/C:/Users/Hareram%20ray/AI/numJ/.tools/jmh/jmh-core-1.37.jar)
WARNING: Please consider reporting this to the maintainers of class org.openjdk.jmh.util.Utils
WARNING: sun.misc.Unsafe::objectFieldOffset will be removed in a future release
# Warmup Iteration   1: 33.940 ns/op
# Warmup Iteration   2: 14.012 ns/op
# Warmup Iteration   3: 13.521 ns/op
# Warmup Iteration   4: 13.786 ns/op
Iteration   1: 14.057 ns/op
Iteration   2: 13.848 ns/op
Iteration   3: 13.713 ns/op
Iteration   4: 13.464 ns/op
Iteration   5: 13.802 ns/op

# Run progress: 75.39% complete, ETA 00:01:18
# Fork: 2 of 2
WARNING: A terminally deprecated method in sun.misc.Unsafe has been called
WARNING: sun.misc.Unsafe::objectFieldOffset has been called by org.openjdk.jmh.util.Utils (file:/C:/Users/Hareram%20ray/AI/numJ/.tools/jmh/jmh-core-1.37.jar)
WARNING: Please consider reporting this to the maintainers of class org.openjdk.jmh.util.Utils
WARNING: sun.misc.Unsafe::objectFieldOffset will be removed in a future release
# Warmup Iteration   1: 36.022 ns/op
# Warmup Iteration   2: 15.072 ns/op
# Warmup Iteration   3: 15.427 ns/op
# Warmup Iteration   4: 14.838 ns/op
Iteration   1: 15.346 ns/op
Iteration   2: 14.992 ns/op
Iteration   3: 15.034 ns/op
Iteration   4: 14.929 ns/op
Iteration   5: 15.093 ns/op


Result "numj.SmallBench.sqdist":
  14.428 ±(99.9%) 1.072 ns/op [Average]
  (min, avg, max) = (13.464, 14.428, 15.346), stdev = 0.709
  CI (99.9%): [13.356, 15.500] (assumes normal distribution)


# JMH version: 1.37
# VM version: JDK 25.0.4.1, OpenJDK 64-Bit Server VM, 25.0.4.1+1-LTS
# VM invoker: C:\Users\Hareram ray\AI\numJ\.tools\jdk\bin\java.exe
# VM options: --enable-native-access=ALL-UNNAMED --enable-native-access=ALL-UNNAMED -Xms1g -Xmx1g
# Blackhole mode: compiler (auto-detected, use -Djmh.blackhole.autoDetect=false to disable)
# Warmup: 4 iterations, 150 ms each
# Measurement: 5 iterations, 150 ms each
# Timeout: 10 min per iteration
# Threads: 1 thread, will synchronize iterations
# Benchmark mode: Average time, time/op
# Benchmark: numj.SmallBench.sqdist
# Parameters: (n = 64, path = java)

# Run progress: 75.89% complete, ETA 00:01:17
# Fork: 1 of 2
WARNING: A terminally deprecated method in sun.misc.Unsafe has been called
WARNING: sun.misc.Unsafe::objectFieldOffset has been called by org.openjdk.jmh.util.Utils (file:/C:/Users/Hareram%20ray/AI/numJ/.tools/jmh/jmh-core-1.37.jar)
WARNING: Please consider reporting this to the maintainers of class org.openjdk.jmh.util.Utils
WARNING: sun.misc.Unsafe::objectFieldOffset will be removed in a future release
# Warmup Iteration   1: 86.566 ns/op
# Warmup Iteration   2: 52.951 ns/op
# Warmup Iteration   3: 49.620 ns/op
# Warmup Iteration   4: 44.393 ns/op
Iteration   1: 44.792 ns/op
Iteration   2: 45.048 ns/op
Iteration   3: 43.545 ns/op
Iteration   4: 44.522 ns/op
Iteration   5: 43.376 ns/op

# Run progress: 76.40% complete, ETA 00:01:15
# Fork: 2 of 2
WARNING: A terminally deprecated method in sun.misc.Unsafe has been called
WARNING: sun.misc.Unsafe::objectFieldOffset has been called by org.openjdk.jmh.util.Utils (file:/C:/Users/Hareram%20ray/AI/numJ/.tools/jmh/jmh-core-1.37.jar)
WARNING: Please consider reporting this to the maintainers of class org.openjdk.jmh.util.Utils
WARNING: sun.misc.Unsafe::objectFieldOffset will be removed in a future release
# Warmup Iteration   1: 87.945 ns/op
# Warmup Iteration   2: 55.298 ns/op
# Warmup Iteration   3: 48.642 ns/op
# Warmup Iteration   4: 43.005 ns/op
Iteration   1: 44.166 ns/op
Iteration   2: 42.755 ns/op
Iteration   3: 42.061 ns/op
Iteration   4: 44.074 ns/op
Iteration   5: 44.625 ns/op


Result "numj.SmallBench.sqdist":
  43.896 ±(99.9%) 1.445 ns/op [Average]
  (min, avg, max) = (42.061, 43.896, 45.048), stdev = 0.956
  CI (99.9%): [42.452, 45.341] (assumes normal distribution)


# JMH version: 1.37
# VM version: JDK 25.0.4.1, OpenJDK 64-Bit Server VM, 25.0.4.1+1-LTS
# VM invoker: C:\Users\Hareram ray\AI\numJ\.tools\jdk\bin\java.exe
# VM options: --enable-native-access=ALL-UNNAMED --enable-native-access=ALL-UNNAMED -Xms1g -Xmx1g
# Blackhole mode: compiler (auto-detected, use -Djmh.blackhole.autoDetect=false to disable)
# Warmup: 4 iterations, 150 ms each
# Measurement: 5 iterations, 150 ms each
# Timeout: 10 min per iteration
# Threads: 1 thread, will synchronize iterations
# Benchmark mode: Average time, time/op
# Benchmark: numj.SmallBench.sqdist
# Parameters: (n = 64, path = native)

# Run progress: 76.90% complete, ETA 00:01:14
# Fork: 1 of 2
WARNING: A terminally deprecated method in sun.misc.Unsafe has been called
WARNING: sun.misc.Unsafe::objectFieldOffset has been called by org.openjdk.jmh.util.Utils (file:/C:/Users/Hareram%20ray/AI/numJ/.tools/jmh/jmh-core-1.37.jar)
WARNING: Please consider reporting this to the maintainers of class org.openjdk.jmh.util.Utils
WARNING: sun.misc.Unsafe::objectFieldOffset will be removed in a future release
# Warmup Iteration   1: 34.043 ns/op
# Warmup Iteration   2: 17.690 ns/op
# Warmup Iteration   3: 15.761 ns/op
# Warmup Iteration   4: 15.199 ns/op
Iteration   1: 14.937 ns/op
Iteration   2: 15.361 ns/op
Iteration   3: 14.730 ns/op
Iteration   4: 15.132 ns/op
Iteration   5: 15.446 ns/op

# Run progress: 77.40% complete, ETA 00:01:12
# Fork: 2 of 2
WARNING: A terminally deprecated method in sun.misc.Unsafe has been called
WARNING: sun.misc.Unsafe::objectFieldOffset has been called by org.openjdk.jmh.util.Utils (file:/C:/Users/Hareram%20ray/AI/numJ/.tools/jmh/jmh-core-1.37.jar)
WARNING: Please consider reporting this to the maintainers of class org.openjdk.jmh.util.Utils
WARNING: sun.misc.Unsafe::objectFieldOffset will be removed in a future release
# Warmup Iteration   1: 35.595 ns/op
# Warmup Iteration   2: 15.445 ns/op
# Warmup Iteration   3: 15.495 ns/op
# Warmup Iteration   4: 15.575 ns/op
Iteration   1: 15.495 ns/op
Iteration   2: 15.342 ns/op
Iteration   3: 15.545 ns/op
Iteration   4: 15.205 ns/op
Iteration   5: 15.464 ns/op


Result "numj.SmallBench.sqdist":
  15.266 ±(99.9%) 0.401 ns/op [Average]
  (min, avg, max) = (14.730, 15.266, 15.545), stdev = 0.265
  CI (99.9%): [14.865, 15.667] (assumes normal distribution)


# JMH version: 1.37
# VM version: JDK 25.0.4.1, OpenJDK 64-Bit Server VM, 25.0.4.1+1-LTS
# VM invoker: C:\Users\Hareram ray\AI\numJ\.tools\jdk\bin\java.exe
# VM options: --enable-native-access=ALL-UNNAMED --enable-native-access=ALL-UNNAMED -Xms1g -Xmx1g
# Blackhole mode: compiler (auto-detected, use -Djmh.blackhole.autoDetect=false to disable)
# Warmup: 4 iterations, 150 ms each
# Measurement: 5 iterations, 150 ms each
# Timeout: 10 min per iteration
# Threads: 1 thread, will synchronize iterations
# Benchmark mode: Average time, time/op
# Benchmark: numj.SmallBench.sqdist
# Parameters: (n = 128, path = java)

# Run progress: 77.90% complete, ETA 00:01:10
# Fork: 1 of 2
WARNING: A terminally deprecated method in sun.misc.Unsafe has been called
WARNING: sun.misc.Unsafe::objectFieldOffset has been called by org.openjdk.jmh.util.Utils (file:/C:/Users/Hareram%20ray/AI/numJ/.tools/jmh/jmh-core-1.37.jar)
WARNING: Please consider reporting this to the maintainers of class org.openjdk.jmh.util.Utils
WARNING: sun.misc.Unsafe::objectFieldOffset will be removed in a future release
# Warmup Iteration   1: 116.586 ns/op
# Warmup Iteration   2: 83.744 ns/op
# Warmup Iteration   3: 76.896 ns/op
# Warmup Iteration   4: 72.382 ns/op
Iteration   1: 70.998 ns/op
Iteration   2: 70.445 ns/op
Iteration   3: 69.331 ns/op
Iteration   4: 67.780 ns/op
Iteration   5: 66.376 ns/op

# Run progress: 78.40% complete, ETA 00:01:09
# Fork: 2 of 2
WARNING: A terminally deprecated method in sun.misc.Unsafe has been called
WARNING: sun.misc.Unsafe::objectFieldOffset has been called by org.openjdk.jmh.util.Utils (file:/C:/Users/Hareram%20ray/AI/numJ/.tools/jmh/jmh-core-1.37.jar)
WARNING: Please consider reporting this to the maintainers of class org.openjdk.jmh.util.Utils
WARNING: sun.misc.Unsafe::objectFieldOffset will be removed in a future release
# Warmup Iteration   1: 115.752 ns/op
# Warmup Iteration   2: 79.550 ns/op
# Warmup Iteration   3: 76.649 ns/op
# Warmup Iteration   4: 74.979 ns/op
Iteration   1: 68.902 ns/op
Iteration   2: 71.177 ns/op
Iteration   3: 71.947 ns/op
Iteration   4: 67.918 ns/op
Iteration   5: 71.316 ns/op


Result "numj.SmallBench.sqdist":
  69.619 ±(99.9%) 2.792 ns/op [Average]
  (min, avg, max) = (66.376, 69.619, 71.947), stdev = 1.847
  CI (99.9%): [66.827, 72.411] (assumes normal distribution)


# JMH version: 1.37
# VM version: JDK 25.0.4.1, OpenJDK 64-Bit Server VM, 25.0.4.1+1-LTS
# VM invoker: C:\Users\Hareram ray\AI\numJ\.tools\jdk\bin\java.exe
# VM options: --enable-native-access=ALL-UNNAMED --enable-native-access=ALL-UNNAMED -Xms1g -Xmx1g
# Blackhole mode: compiler (auto-detected, use -Djmh.blackhole.autoDetect=false to disable)
# Warmup: 4 iterations, 150 ms each
# Measurement: 5 iterations, 150 ms each
# Timeout: 10 min per iteration
# Threads: 1 thread, will synchronize iterations
# Benchmark mode: Average time, time/op
# Benchmark: numj.SmallBench.sqdist
# Parameters: (n = 128, path = native)

# Run progress: 78.91% complete, ETA 00:01:07
# Fork: 1 of 2
WARNING: A terminally deprecated method in sun.misc.Unsafe has been called
WARNING: sun.misc.Unsafe::objectFieldOffset has been called by org.openjdk.jmh.util.Utils (file:/C:/Users/Hareram%20ray/AI/numJ/.tools/jmh/jmh-core-1.37.jar)
WARNING: Please consider reporting this to the maintainers of class org.openjdk.jmh.util.Utils
WARNING: sun.misc.Unsafe::objectFieldOffset will be removed in a future release
# Warmup Iteration   1: 55.028 ns/op
# Warmup Iteration   2: 18.661 ns/op
# Warmup Iteration   3: 18.308 ns/op
# Warmup Iteration   4: 17.754 ns/op
Iteration   1: 21.856 ns/op
Iteration   2: 18.506 ns/op
Iteration   3: 18.157 ns/op
Iteration   4: 18.566 ns/op
Iteration   5: 17.927 ns/op

# Run progress: 79.41% complete, ETA 00:01:06
# Fork: 2 of 2
WARNING: A terminally deprecated method in sun.misc.Unsafe has been called
WARNING: sun.misc.Unsafe::objectFieldOffset has been called by org.openjdk.jmh.util.Utils (file:/C:/Users/Hareram%20ray/AI/numJ/.tools/jmh/jmh-core-1.37.jar)
WARNING: Please consider reporting this to the maintainers of class org.openjdk.jmh.util.Utils
WARNING: sun.misc.Unsafe::objectFieldOffset will be removed in a future release
# Warmup Iteration   1: 46.340 ns/op
# Warmup Iteration   2: 17.844 ns/op
# Warmup Iteration   3: 19.042 ns/op
# Warmup Iteration   4: 19.419 ns/op
Iteration   1: 18.618 ns/op
Iteration   2: 18.816 ns/op
Iteration   3: 19.524 ns/op
Iteration   4: 19.068 ns/op
Iteration   5: 18.842 ns/op


Result "numj.SmallBench.sqdist":
  18.988 ±(99.9%) 1.666 ns/op [Average]
  (min, avg, max) = (17.927, 18.988, 21.856), stdev = 1.102
  CI (99.9%): [17.322, 20.654] (assumes normal distribution)


# JMH version: 1.37
# VM version: JDK 25.0.4.1, OpenJDK 64-Bit Server VM, 25.0.4.1+1-LTS
# VM invoker: C:\Users\Hareram ray\AI\numJ\.tools\jdk\bin\java.exe
# VM options: --enable-native-access=ALL-UNNAMED --enable-native-access=ALL-UNNAMED -Xms1g -Xmx1g
# Blackhole mode: compiler (auto-detected, use -Djmh.blackhole.autoDetect=false to disable)
# Warmup: 4 iterations, 150 ms each
# Measurement: 5 iterations, 150 ms each
# Timeout: 10 min per iteration
# Threads: 1 thread, will synchronize iterations
# Benchmark mode: Average time, time/op
# Benchmark: numj.SmallBench.sqdist
# Parameters: (n = 256, path = java)

# Run progress: 79.91% complete, ETA 00:01:04
# Fork: 1 of 2
WARNING: A terminally deprecated method in sun.misc.Unsafe has been called
WARNING: sun.misc.Unsafe::objectFieldOffset has been called by org.openjdk.jmh.util.Utils (file:/C:/Users/Hareram%20ray/AI/numJ/.tools/jmh/jmh-core-1.37.jar)
WARNING: Please consider reporting this to the maintainers of class org.openjdk.jmh.util.Utils
WARNING: sun.misc.Unsafe::objectFieldOffset will be removed in a future release
# Warmup Iteration   1: 182.624 ns/op
# Warmup Iteration   2: 148.613 ns/op
# Warmup Iteration   3: 125.845 ns/op
# Warmup Iteration   4: 124.829 ns/op
Iteration   1: 123.162 ns/op
Iteration   2: 123.606 ns/op
Iteration   3: 133.162 ns/op
Iteration   4: 117.507 ns/op
Iteration   5: 123.672 ns/op

# Run progress: 80.41% complete, ETA 00:01:02
# Fork: 2 of 2
WARNING: A terminally deprecated method in sun.misc.Unsafe has been called
WARNING: sun.misc.Unsafe::objectFieldOffset has been called by org.openjdk.jmh.util.Utils (file:/C:/Users/Hareram%20ray/AI/numJ/.tools/jmh/jmh-core-1.37.jar)
WARNING: Please consider reporting this to the maintainers of class org.openjdk.jmh.util.Utils
WARNING: sun.misc.Unsafe::objectFieldOffset will be removed in a future release
# Warmup Iteration   1: 171.611 ns/op
# Warmup Iteration   2: 145.381 ns/op
# Warmup Iteration   3: 122.937 ns/op
# Warmup Iteration   4: 129.779 ns/op
Iteration   1: 123.066 ns/op
Iteration   2: 120.097 ns/op
Iteration   3: 131.685 ns/op
Iteration   4: 116.514 ns/op
Iteration   5: 121.391 ns/op


Result "numj.SmallBench.sqdist":
  123.386 ±(99.9%) 8.146 ns/op [Average]
  (min, avg, max) = (116.514, 123.386, 133.162), stdev = 5.388
  CI (99.9%): [115.240, 131.532] (assumes normal distribution)


# JMH version: 1.37
# VM version: JDK 25.0.4.1, OpenJDK 64-Bit Server VM, 25.0.4.1+1-LTS
# VM invoker: C:\Users\Hareram ray\AI\numJ\.tools\jdk\bin\java.exe
# VM options: --enable-native-access=ALL-UNNAMED --enable-native-access=ALL-UNNAMED -Xms1g -Xmx1g
# Blackhole mode: compiler (auto-detected, use -Djmh.blackhole.autoDetect=false to disable)
# Warmup: 4 iterations, 150 ms each
# Measurement: 5 iterations, 150 ms each
# Timeout: 10 min per iteration
# Threads: 1 thread, will synchronize iterations
# Benchmark mode: Average time, time/op
# Benchmark: numj.SmallBench.sqdist
# Parameters: (n = 256, path = native)

# Run progress: 80.92% complete, ETA 00:01:01
# Fork: 1 of 2
WARNING: A terminally deprecated method in sun.misc.Unsafe has been called
WARNING: sun.misc.Unsafe::objectFieldOffset has been called by org.openjdk.jmh.util.Utils (file:/C:/Users/Hareram%20ray/AI/numJ/.tools/jmh/jmh-core-1.37.jar)
WARNING: Please consider reporting this to the maintainers of class org.openjdk.jmh.util.Utils
WARNING: sun.misc.Unsafe::objectFieldOffset will be removed in a future release
# Warmup Iteration   1: 69.957 ns/op
# Warmup Iteration   2: 25.385 ns/op
# Warmup Iteration   3: 26.048 ns/op
# Warmup Iteration   4: 25.703 ns/op
Iteration   1: 25.678 ns/op
Iteration   2: 26.749 ns/op
Iteration   3: 25.230 ns/op
Iteration   4: 25.316 ns/op
Iteration   5: 26.261 ns/op

# Run progress: 81.42% complete, ETA 00:00:59
# Fork: 2 of 2
WARNING: A terminally deprecated method in sun.misc.Unsafe has been called
WARNING: sun.misc.Unsafe::objectFieldOffset has been called by org.openjdk.jmh.util.Utils (file:/C:/Users/Hareram%20ray/AI/numJ/.tools/jmh/jmh-core-1.37.jar)
WARNING: Please consider reporting this to the maintainers of class org.openjdk.jmh.util.Utils
WARNING: sun.misc.Unsafe::objectFieldOffset will be removed in a future release
# Warmup Iteration   1: 58.128 ns/op
# Warmup Iteration   2: 26.391 ns/op
# Warmup Iteration   3: 26.042 ns/op
# Warmup Iteration   4: 25.775 ns/op
Iteration   1: 26.949 ns/op
Iteration   2: 25.379 ns/op
Iteration   3: 25.528 ns/op
Iteration   4: 26.501 ns/op
Iteration   5: 26.079 ns/op


Result "numj.SmallBench.sqdist":
  25.967 ±(99.9%) 0.949 ns/op [Average]
  (min, avg, max) = (25.230, 25.967, 26.949), stdev = 0.628
  CI (99.9%): [25.018, 26.916] (assumes normal distribution)


# JMH version: 1.37
# VM version: JDK 25.0.4.1, OpenJDK 64-Bit Server VM, 25.0.4.1+1-LTS
# VM invoker: C:\Users\Hareram ray\AI\numJ\.tools\jdk\bin\java.exe
# VM options: --enable-native-access=ALL-UNNAMED --enable-native-access=ALL-UNNAMED -Xms1g -Xmx1g
# Blackhole mode: compiler (auto-detected, use -Djmh.blackhole.autoDetect=false to disable)
# Warmup: 4 iterations, 150 ms each
# Measurement: 5 iterations, 150 ms each
# Timeout: 10 min per iteration
# Threads: 1 thread, will synchronize iterations
# Benchmark mode: Average time, time/op
# Benchmark: numj.SmallBench.sqdist
# Parameters: (n = 1024, path = java)

# Run progress: 81.92% complete, ETA 00:00:58
# Fork: 1 of 2
WARNING: A terminally deprecated method in sun.misc.Unsafe has been called
WARNING: sun.misc.Unsafe::objectFieldOffset has been called by org.openjdk.jmh.util.Utils (file:/C:/Users/Hareram%20ray/AI/numJ/.tools/jmh/jmh-core-1.37.jar)
WARNING: Please consider reporting this to the maintainers of class org.openjdk.jmh.util.Utils
WARNING: sun.misc.Unsafe::objectFieldOffset will be removed in a future release
# Warmup Iteration   1: 637.995 ns/op
# Warmup Iteration   2: 451.277 ns/op
# Warmup Iteration   3: 474.211 ns/op
# Warmup Iteration   4: 499.767 ns/op
Iteration   1: 475.194 ns/op
Iteration   2: 460.470 ns/op
Iteration   3: 455.851 ns/op
Iteration   4: 435.866 ns/op
Iteration   5: 429.037 ns/op

# Run progress: 82.42% complete, ETA 00:00:56
# Fork: 2 of 2
WARNING: A terminally deprecated method in sun.misc.Unsafe has been called
WARNING: sun.misc.Unsafe::objectFieldOffset has been called by org.openjdk.jmh.util.Utils (file:/C:/Users/Hareram%20ray/AI/numJ/.tools/jmh/jmh-core-1.37.jar)
WARNING: Please consider reporting this to the maintainers of class org.openjdk.jmh.util.Utils
WARNING: sun.misc.Unsafe::objectFieldOffset will be removed in a future release
# Warmup Iteration   1: 619.775 ns/op
# Warmup Iteration   2: 448.910 ns/op
# Warmup Iteration   3: 449.861 ns/op
# Warmup Iteration   4: 453.304 ns/op
Iteration   1: 454.269 ns/op
Iteration   2: 457.008 ns/op
Iteration   3: 457.435 ns/op
Iteration   4: 433.754 ns/op
Iteration   5: 427.905 ns/op


Result "numj.SmallBench.sqdist":
  448.679 ±(99.9%) 24.038 ns/op [Average]
  (min, avg, max) = (427.905, 448.679, 475.194), stdev = 15.900
  CI (99.9%): [424.641, 472.717] (assumes normal distribution)


# JMH version: 1.37
# VM version: JDK 25.0.4.1, OpenJDK 64-Bit Server VM, 25.0.4.1+1-LTS
# VM invoker: C:\Users\Hareram ray\AI\numJ\.tools\jdk\bin\java.exe
# VM options: --enable-native-access=ALL-UNNAMED --enable-native-access=ALL-UNNAMED -Xms1g -Xmx1g
# Blackhole mode: compiler (auto-detected, use -Djmh.blackhole.autoDetect=false to disable)
# Warmup: 4 iterations, 150 ms each
# Measurement: 5 iterations, 150 ms each
# Timeout: 10 min per iteration
# Threads: 1 thread, will synchronize iterations
# Benchmark mode: Average time, time/op
# Benchmark: numj.SmallBench.sqdist
# Parameters: (n = 1024, path = native)

# Run progress: 82.92% complete, ETA 00:00:54
# Fork: 1 of 2
WARNING: A terminally deprecated method in sun.misc.Unsafe has been called
WARNING: sun.misc.Unsafe::objectFieldOffset has been called by org.openjdk.jmh.util.Utils (file:/C:/Users/Hareram%20ray/AI/numJ/.tools/jmh/jmh-core-1.37.jar)
WARNING: Please consider reporting this to the maintainers of class org.openjdk.jmh.util.Utils
WARNING: sun.misc.Unsafe::objectFieldOffset will be removed in a future release
# Warmup Iteration   1: 178.534 ns/op
# Warmup Iteration   2: 75.232 ns/op
# Warmup Iteration   3: 74.408 ns/op
# Warmup Iteration   4: 75.691 ns/op
Iteration   1: 74.864 ns/op
Iteration   2: 73.978 ns/op
Iteration   3: 75.605 ns/op
Iteration   4: 73.998 ns/op
Iteration   5: 73.266 ns/op

# Run progress: 83.43% complete, ETA 00:00:53
# Fork: 2 of 2
WARNING: A terminally deprecated method in sun.misc.Unsafe has been called
WARNING: sun.misc.Unsafe::objectFieldOffset has been called by org.openjdk.jmh.util.Utils (file:/C:/Users/Hareram%20ray/AI/numJ/.tools/jmh/jmh-core-1.37.jar)
WARNING: Please consider reporting this to the maintainers of class org.openjdk.jmh.util.Utils
WARNING: sun.misc.Unsafe::objectFieldOffset will be removed in a future release
# Warmup Iteration   1: 211.790 ns/op
# Warmup Iteration   2: 75.891 ns/op
# Warmup Iteration   3: 92.826 ns/op
# Warmup Iteration   4: 73.772 ns/op
Iteration   1: 73.719 ns/op
Iteration   2: 73.798 ns/op
Iteration   3: 76.607 ns/op
Iteration   4: 74.731 ns/op
Iteration   5: 78.541 ns/op


Result "numj.SmallBench.sqdist":
  74.911 ±(99.9%) 2.450 ns/op [Average]
  (min, avg, max) = (73.266, 74.911, 78.541), stdev = 1.621
  CI (99.9%): [72.460, 77.361] (assumes normal distribution)


# JMH version: 1.37
# VM version: JDK 25.0.4.1, OpenJDK 64-Bit Server VM, 25.0.4.1+1-LTS
# VM invoker: C:\Users\Hareram ray\AI\numJ\.tools\jdk\bin\java.exe
# VM options: --enable-native-access=ALL-UNNAMED --enable-native-access=ALL-UNNAMED -Xms1g -Xmx1g
# Blackhole mode: compiler (auto-detected, use -Djmh.blackhole.autoDetect=false to disable)
# Warmup: 4 iterations, 150 ms each
# Measurement: 5 iterations, 150 ms each
# Timeout: 10 min per iteration
# Threads: 1 thread, will synchronize iterations
# Benchmark mode: Average time, time/op
# Benchmark: numj.SmallBench.sum
# Parameters: (n = 1, path = java)

# Run progress: 83.93% complete, ETA 00:00:51
# Fork: 1 of 2
WARNING: A terminally deprecated method in sun.misc.Unsafe has been called
WARNING: sun.misc.Unsafe::objectFieldOffset has been called by org.openjdk.jmh.util.Utils (file:/C:/Users/Hareram%20ray/AI/numJ/.tools/jmh/jmh-core-1.37.jar)
WARNING: Please consider reporting this to the maintainers of class org.openjdk.jmh.util.Utils
WARNING: sun.misc.Unsafe::objectFieldOffset will be removed in a future release
# Warmup Iteration   1: 41.581 ns/op
# Warmup Iteration   2: 33.878 ns/op
# Warmup Iteration   3: 29.572 ns/op
# Warmup Iteration   4: 28.778 ns/op
Iteration   1: 31.508 ns/op
Iteration   2: 29.168 ns/op
Iteration   3: 34.990 ns/op
Iteration   4: 30.899 ns/op
Iteration   5: 33.159 ns/op

# Run progress: 84.43% complete, ETA 00:00:50
# Fork: 2 of 2
WARNING: A terminally deprecated method in sun.misc.Unsafe has been called
WARNING: sun.misc.Unsafe::objectFieldOffset has been called by org.openjdk.jmh.util.Utils (file:/C:/Users/Hareram%20ray/AI/numJ/.tools/jmh/jmh-core-1.37.jar)
WARNING: Please consider reporting this to the maintainers of class org.openjdk.jmh.util.Utils
WARNING: sun.misc.Unsafe::objectFieldOffset will be removed in a future release
# Warmup Iteration   1: 46.275 ns/op
# Warmup Iteration   2: 31.027 ns/op
# Warmup Iteration   3: 27.466 ns/op
# Warmup Iteration   4: 27.745 ns/op
Iteration   1: 29.180 ns/op
Iteration   2: 29.211 ns/op
Iteration   3: 29.537 ns/op
Iteration   4: 29.997 ns/op
Iteration   5: 28.795 ns/op


Result "numj.SmallBench.sum":
  30.644 ±(99.9%) 3.084 ns/op [Average]
  (min, avg, max) = (28.795, 30.644, 34.990), stdev = 2.040
  CI (99.9%): [27.560, 33.729] (assumes normal distribution)


# JMH version: 1.37
# VM version: JDK 25.0.4.1, OpenJDK 64-Bit Server VM, 25.0.4.1+1-LTS
# VM invoker: C:\Users\Hareram ray\AI\numJ\.tools\jdk\bin\java.exe
# VM options: --enable-native-access=ALL-UNNAMED --enable-native-access=ALL-UNNAMED -Xms1g -Xmx1g
# Blackhole mode: compiler (auto-detected, use -Djmh.blackhole.autoDetect=false to disable)
# Warmup: 4 iterations, 150 ms each
# Measurement: 5 iterations, 150 ms each
# Timeout: 10 min per iteration
# Threads: 1 thread, will synchronize iterations
# Benchmark mode: Average time, time/op
# Benchmark: numj.SmallBench.sum
# Parameters: (n = 1, path = native)

# Run progress: 84.93% complete, ETA 00:00:48
# Fork: 1 of 2
WARNING: A terminally deprecated method in sun.misc.Unsafe has been called
WARNING: sun.misc.Unsafe::objectFieldOffset has been called by org.openjdk.jmh.util.Utils (file:/C:/Users/Hareram%20ray/AI/numJ/.tools/jmh/jmh-core-1.37.jar)
WARNING: Please consider reporting this to the maintainers of class org.openjdk.jmh.util.Utils
WARNING: sun.misc.Unsafe::objectFieldOffset will be removed in a future release
# Warmup Iteration   1: 53.576 ns/op
# Warmup Iteration   2: 22.187 ns/op
# Warmup Iteration   3: 23.019 ns/op
# Warmup Iteration   4: 23.276 ns/op
Iteration   1: 22.812 ns/op
Iteration   2: 23.313 ns/op
Iteration   3: 22.947 ns/op
Iteration   4: 23.702 ns/op
Iteration   5: 22.604 ns/op

# Run progress: 85.44% complete, ETA 00:00:46
# Fork: 2 of 2
WARNING: A terminally deprecated method in sun.misc.Unsafe has been called
WARNING: sun.misc.Unsafe::objectFieldOffset has been called by org.openjdk.jmh.util.Utils (file:/C:/Users/Hareram%20ray/AI/numJ/.tools/jmh/jmh-core-1.37.jar)
WARNING: Please consider reporting this to the maintainers of class org.openjdk.jmh.util.Utils
WARNING: sun.misc.Unsafe::objectFieldOffset will be removed in a future release
# Warmup Iteration   1: 43.184 ns/op
# Warmup Iteration   2: 19.755 ns/op
# Warmup Iteration   3: 19.979 ns/op
# Warmup Iteration   4: 20.275 ns/op
Iteration   1: 20.079 ns/op
Iteration   2: 20.622 ns/op
Iteration   3: 20.039 ns/op
Iteration   4: 19.984 ns/op
Iteration   5: 20.187 ns/op


Result "numj.SmallBench.sum":
  21.629 ±(99.9%) 2.361 ns/op [Average]
  (min, avg, max) = (19.984, 21.629, 23.702), stdev = 1.562
  CI (99.9%): [19.268, 23.990] (assumes normal distribution)


# JMH version: 1.37
# VM version: JDK 25.0.4.1, OpenJDK 64-Bit Server VM, 25.0.4.1+1-LTS
# VM invoker: C:\Users\Hareram ray\AI\numJ\.tools\jdk\bin\java.exe
# VM options: --enable-native-access=ALL-UNNAMED --enable-native-access=ALL-UNNAMED -Xms1g -Xmx1g
# Blackhole mode: compiler (auto-detected, use -Djmh.blackhole.autoDetect=false to disable)
# Warmup: 4 iterations, 150 ms each
# Measurement: 5 iterations, 150 ms each
# Timeout: 10 min per iteration
# Threads: 1 thread, will synchronize iterations
# Benchmark mode: Average time, time/op
# Benchmark: numj.SmallBench.sum
# Parameters: (n = 4, path = java)

# Run progress: 85.94% complete, ETA 00:00:45
# Fork: 1 of 2
WARNING: A terminally deprecated method in sun.misc.Unsafe has been called
WARNING: sun.misc.Unsafe::objectFieldOffset has been called by org.openjdk.jmh.util.Utils (file:/C:/Users/Hareram%20ray/AI/numJ/.tools/jmh/jmh-core-1.37.jar)
WARNING: Please consider reporting this to the maintainers of class org.openjdk.jmh.util.Utils
WARNING: sun.misc.Unsafe::objectFieldOffset will be removed in a future release
# Warmup Iteration   1: 43.084 ns/op
# Warmup Iteration   2: 33.980 ns/op
# Warmup Iteration   3: 27.411 ns/op
# Warmup Iteration   4: 26.928 ns/op
Iteration   1: 26.955 ns/op
Iteration   2: 27.224 ns/op
Iteration   3: 27.566 ns/op
Iteration   4: 27.570 ns/op
Iteration   5: 29.360 ns/op

# Run progress: 86.44% complete, ETA 00:00:43
# Fork: 2 of 2
WARNING: A terminally deprecated method in sun.misc.Unsafe has been called
WARNING: sun.misc.Unsafe::objectFieldOffset has been called by org.openjdk.jmh.util.Utils (file:/C:/Users/Hareram%20ray/AI/numJ/.tools/jmh/jmh-core-1.37.jar)
WARNING: Please consider reporting this to the maintainers of class org.openjdk.jmh.util.Utils
WARNING: sun.misc.Unsafe::objectFieldOffset will be removed in a future release
# Warmup Iteration   1: 45.617 ns/op
# Warmup Iteration   2: 33.140 ns/op
# Warmup Iteration   3: 29.026 ns/op
# Warmup Iteration   4: 28.663 ns/op
Iteration   1: 29.175 ns/op
Iteration   2: 29.132 ns/op
Iteration   3: 28.770 ns/op
Iteration   4: 29.256 ns/op
Iteration   5: 28.846 ns/op


Result "numj.SmallBench.sum":
  28.385 ±(99.9%) 1.424 ns/op [Average]
  (min, avg, max) = (26.955, 28.385, 29.360), stdev = 0.942
  CI (99.9%): [26.962, 29.809] (assumes normal distribution)


# JMH version: 1.37
# VM version: JDK 25.0.4.1, OpenJDK 64-Bit Server VM, 25.0.4.1+1-LTS
# VM invoker: C:\Users\Hareram ray\AI\numJ\.tools\jdk\bin\java.exe
# VM options: --enable-native-access=ALL-UNNAMED --enable-native-access=ALL-UNNAMED -Xms1g -Xmx1g
# Blackhole mode: compiler (auto-detected, use -Djmh.blackhole.autoDetect=false to disable)
# Warmup: 4 iterations, 150 ms each
# Measurement: 5 iterations, 150 ms each
# Timeout: 10 min per iteration
# Threads: 1 thread, will synchronize iterations
# Benchmark mode: Average time, time/op
# Benchmark: numj.SmallBench.sum
# Parameters: (n = 4, path = native)

# Run progress: 86.94% complete, ETA 00:00:41
# Fork: 1 of 2
WARNING: A terminally deprecated method in sun.misc.Unsafe has been called
WARNING: sun.misc.Unsafe::objectFieldOffset has been called by org.openjdk.jmh.util.Utils (file:/C:/Users/Hareram%20ray/AI/numJ/.tools/jmh/jmh-core-1.37.jar)
WARNING: Please consider reporting this to the maintainers of class org.openjdk.jmh.util.Utils
WARNING: sun.misc.Unsafe::objectFieldOffset will be removed in a future release
# Warmup Iteration   1: 29.648 ns/op
# Warmup Iteration   2: 13.032 ns/op
# Warmup Iteration   3: 11.365 ns/op
# Warmup Iteration   4: 11.206 ns/op
Iteration   1: 11.149 ns/op
Iteration   2: 11.270 ns/op
Iteration   3: 11.530 ns/op
Iteration   4: 11.101 ns/op
Iteration   5: 11.287 ns/op

# Run progress: 87.44% complete, ETA 00:00:40
# Fork: 2 of 2
WARNING: A terminally deprecated method in sun.misc.Unsafe has been called
WARNING: sun.misc.Unsafe::objectFieldOffset has been called by org.openjdk.jmh.util.Utils (file:/C:/Users/Hareram%20ray/AI/numJ/.tools/jmh/jmh-core-1.37.jar)
WARNING: Please consider reporting this to the maintainers of class org.openjdk.jmh.util.Utils
WARNING: sun.misc.Unsafe::objectFieldOffset will be removed in a future release
# Warmup Iteration   1: 27.423 ns/op
# Warmup Iteration   2: 11.646 ns/op
# Warmup Iteration   3: 11.983 ns/op
# Warmup Iteration   4: 11.801 ns/op
Iteration   1: 12.072 ns/op
Iteration   2: 11.718 ns/op
Iteration   3: 11.834 ns/op
Iteration   4: 12.038 ns/op
Iteration   5: 11.950 ns/op


Result "numj.SmallBench.sum":
  11.595 ±(99.9%) 0.568 ns/op [Average]
  (min, avg, max) = (11.101, 11.595, 12.072), stdev = 0.376
  CI (99.9%): [11.027, 12.163] (assumes normal distribution)


# JMH version: 1.37
# VM version: JDK 25.0.4.1, OpenJDK 64-Bit Server VM, 25.0.4.1+1-LTS
# VM invoker: C:\Users\Hareram ray\AI\numJ\.tools\jdk\bin\java.exe
# VM options: --enable-native-access=ALL-UNNAMED --enable-native-access=ALL-UNNAMED -Xms1g -Xmx1g
# Blackhole mode: compiler (auto-detected, use -Djmh.blackhole.autoDetect=false to disable)
# Warmup: 4 iterations, 150 ms each
# Measurement: 5 iterations, 150 ms each
# Timeout: 10 min per iteration
# Threads: 1 thread, will synchronize iterations
# Benchmark mode: Average time, time/op
# Benchmark: numj.SmallBench.sum
# Parameters: (n = 16, path = java)

# Run progress: 87.95% complete, ETA 00:00:38
# Fork: 1 of 2
WARNING: A terminally deprecated method in sun.misc.Unsafe has been called
WARNING: sun.misc.Unsafe::objectFieldOffset has been called by org.openjdk.jmh.util.Utils (file:/C:/Users/Hareram%20ray/AI/numJ/.tools/jmh/jmh-core-1.37.jar)
WARNING: Please consider reporting this to the maintainers of class org.openjdk.jmh.util.Utils
WARNING: sun.misc.Unsafe::objectFieldOffset will be removed in a future release
# Warmup Iteration   1: 53.199 ns/op
# Warmup Iteration   2: 32.323 ns/op
# Warmup Iteration   3: 29.144 ns/op
# Warmup Iteration   4: 29.686 ns/op
Iteration   1: 30.709 ns/op
Iteration   2: 35.305 ns/op
Iteration   3: 31.383 ns/op
Iteration   4: 30.118 ns/op
Iteration   5: 29.371 ns/op

# Run progress: 88.45% complete, ETA 00:00:37
# Fork: 2 of 2
WARNING: A terminally deprecated method in sun.misc.Unsafe has been called
WARNING: sun.misc.Unsafe::objectFieldOffset has been called by org.openjdk.jmh.util.Utils (file:/C:/Users/Hareram%20ray/AI/numJ/.tools/jmh/jmh-core-1.37.jar)
WARNING: Please consider reporting this to the maintainers of class org.openjdk.jmh.util.Utils
WARNING: sun.misc.Unsafe::objectFieldOffset will be removed in a future release
# Warmup Iteration   1: 60.679 ns/op
# Warmup Iteration   2: 32.203 ns/op
# Warmup Iteration   3: 28.506 ns/op
# Warmup Iteration   4: 28.959 ns/op
Iteration   1: 28.238 ns/op
Iteration   2: 29.247 ns/op
Iteration   3: 30.630 ns/op
Iteration   4: 29.285 ns/op
Iteration   5: 29.718 ns/op


Result "numj.SmallBench.sum":
  30.400 ±(99.9%) 2.939 ns/op [Average]
  (min, avg, max) = (28.238, 30.400, 35.305), stdev = 1.944
  CI (99.9%): [27.461, 33.340] (assumes normal distribution)


# JMH version: 1.37
# VM version: JDK 25.0.4.1, OpenJDK 64-Bit Server VM, 25.0.4.1+1-LTS
# VM invoker: C:\Users\Hareram ray\AI\numJ\.tools\jdk\bin\java.exe
# VM options: --enable-native-access=ALL-UNNAMED --enable-native-access=ALL-UNNAMED -Xms1g -Xmx1g
# Blackhole mode: compiler (auto-detected, use -Djmh.blackhole.autoDetect=false to disable)
# Warmup: 4 iterations, 150 ms each
# Measurement: 5 iterations, 150 ms each
# Timeout: 10 min per iteration
# Threads: 1 thread, will synchronize iterations
# Benchmark mode: Average time, time/op
# Benchmark: numj.SmallBench.sum
# Parameters: (n = 16, path = native)

# Run progress: 88.95% complete, ETA 00:00:35
# Fork: 1 of 2
WARNING: A terminally deprecated method in sun.misc.Unsafe has been called
WARNING: sun.misc.Unsafe::objectFieldOffset has been called by org.openjdk.jmh.util.Utils (file:/C:/Users/Hareram%20ray/AI/numJ/.tools/jmh/jmh-core-1.37.jar)
WARNING: Please consider reporting this to the maintainers of class org.openjdk.jmh.util.Utils
WARNING: sun.misc.Unsafe::objectFieldOffset will be removed in a future release
# Warmup Iteration   1: 26.482 ns/op
# Warmup Iteration   2: 12.363 ns/op
# Warmup Iteration   3: 12.407 ns/op
# Warmup Iteration   4: 12.458 ns/op
Iteration   1: 12.564 ns/op
Iteration   2: 12.318 ns/op
Iteration   3: 12.444 ns/op
Iteration   4: 12.281 ns/op
Iteration   5: 12.360 ns/op

# Run progress: 89.45% complete, ETA 00:00:33
# Fork: 2 of 2
WARNING: A terminally deprecated method in sun.misc.Unsafe has been called
WARNING: sun.misc.Unsafe::objectFieldOffset has been called by org.openjdk.jmh.util.Utils (file:/C:/Users/Hareram%20ray/AI/numJ/.tools/jmh/jmh-core-1.37.jar)
WARNING: Please consider reporting this to the maintainers of class org.openjdk.jmh.util.Utils
WARNING: sun.misc.Unsafe::objectFieldOffset will be removed in a future release
# Warmup Iteration   1: 22.935 ns/op
# Warmup Iteration   2: 10.574 ns/op
# Warmup Iteration   3: 11.153 ns/op
# Warmup Iteration   4: 10.990 ns/op
Iteration   1: 11.013 ns/op
Iteration   2: 11.011 ns/op
Iteration   3: 11.154 ns/op
Iteration   4: 11.134 ns/op
Iteration   5: 10.998 ns/op


Result "numj.SmallBench.sum":
  11.728 ±(99.9%) 1.070 ns/op [Average]
  (min, avg, max) = (10.998, 11.728, 12.564), stdev = 0.708
  CI (99.9%): [10.658, 12.797] (assumes normal distribution)


# JMH version: 1.37
# VM version: JDK 25.0.4.1, OpenJDK 64-Bit Server VM, 25.0.4.1+1-LTS
# VM invoker: C:\Users\Hareram ray\AI\numJ\.tools\jdk\bin\java.exe
# VM options: --enable-native-access=ALL-UNNAMED --enable-native-access=ALL-UNNAMED -Xms1g -Xmx1g
# Blackhole mode: compiler (auto-detected, use -Djmh.blackhole.autoDetect=false to disable)
# Warmup: 4 iterations, 150 ms each
# Measurement: 5 iterations, 150 ms each
# Timeout: 10 min per iteration
# Threads: 1 thread, will synchronize iterations
# Benchmark mode: Average time, time/op
# Benchmark: numj.SmallBench.sum
# Parameters: (n = 32, path = java)

# Run progress: 89.96% complete, ETA 00:00:32
# Fork: 1 of 2
WARNING: A terminally deprecated method in sun.misc.Unsafe has been called
WARNING: sun.misc.Unsafe::objectFieldOffset has been called by org.openjdk.jmh.util.Utils (file:/C:/Users/Hareram%20ray/AI/numJ/.tools/jmh/jmh-core-1.37.jar)
WARNING: Please consider reporting this to the maintainers of class org.openjdk.jmh.util.Utils
WARNING: sun.misc.Unsafe::objectFieldOffset will be removed in a future release
# Warmup Iteration   1: 57.269 ns/op
# Warmup Iteration   2: 33.079 ns/op
# Warmup Iteration   3: 28.847 ns/op
# Warmup Iteration   4: 28.892 ns/op
Iteration   1: 27.969 ns/op
Iteration   2: 27.818 ns/op
Iteration   3: 28.677 ns/op
Iteration   4: 29.326 ns/op
Iteration   5: 28.237 ns/op

# Run progress: 90.46% complete, ETA 00:00:30
# Fork: 2 of 2
WARNING: A terminally deprecated method in sun.misc.Unsafe has been called
WARNING: sun.misc.Unsafe::objectFieldOffset has been called by org.openjdk.jmh.util.Utils (file:/C:/Users/Hareram%20ray/AI/numJ/.tools/jmh/jmh-core-1.37.jar)
WARNING: Please consider reporting this to the maintainers of class org.openjdk.jmh.util.Utils
WARNING: sun.misc.Unsafe::objectFieldOffset will be removed in a future release
# Warmup Iteration   1: 57.865 ns/op
# Warmup Iteration   2: 32.490 ns/op
# Warmup Iteration   3: 28.722 ns/op
# Warmup Iteration   4: 29.890 ns/op
Iteration   1: 27.386 ns/op
Iteration   2: 27.358 ns/op
Iteration   3: 28.246 ns/op
Iteration   4: 28.093 ns/op
Iteration   5: 28.075 ns/op


Result "numj.SmallBench.sum":
  28.118 ±(99.9%) 0.877 ns/op [Average]
  (min, avg, max) = (27.358, 28.118, 29.326), stdev = 0.580
  CI (99.9%): [27.241, 28.995] (assumes normal distribution)


# JMH version: 1.37
# VM version: JDK 25.0.4.1, OpenJDK 64-Bit Server VM, 25.0.4.1+1-LTS
# VM invoker: C:\Users\Hareram ray\AI\numJ\.tools\jdk\bin\java.exe
# VM options: --enable-native-access=ALL-UNNAMED --enable-native-access=ALL-UNNAMED -Xms1g -Xmx1g
# Blackhole mode: compiler (auto-detected, use -Djmh.blackhole.autoDetect=false to disable)
# Warmup: 4 iterations, 150 ms each
# Measurement: 5 iterations, 150 ms each
# Timeout: 10 min per iteration
# Threads: 1 thread, will synchronize iterations
# Benchmark mode: Average time, time/op
# Benchmark: numj.SmallBench.sum
# Parameters: (n = 32, path = native)

# Run progress: 90.96% complete, ETA 00:00:29
# Fork: 1 of 2
WARNING: A terminally deprecated method in sun.misc.Unsafe has been called
WARNING: sun.misc.Unsafe::objectFieldOffset has been called by org.openjdk.jmh.util.Utils (file:/C:/Users/Hareram%20ray/AI/numJ/.tools/jmh/jmh-core-1.37.jar)
WARNING: Please consider reporting this to the maintainers of class org.openjdk.jmh.util.Utils
WARNING: sun.misc.Unsafe::objectFieldOffset will be removed in a future release
# Warmup Iteration   1: 23.938 ns/op
# Warmup Iteration   2: 11.062 ns/op
# Warmup Iteration   3: 10.772 ns/op
# Warmup Iteration   4: 10.847 ns/op
Iteration   1: 10.851 ns/op
Iteration   2: 10.876 ns/op
Iteration   3: 10.891 ns/op
Iteration   4: 11.114 ns/op
Iteration   5: 11.279 ns/op

# Run progress: 91.46% complete, ETA 00:00:27
# Fork: 2 of 2
WARNING: A terminally deprecated method in sun.misc.Unsafe has been called
WARNING: sun.misc.Unsafe::objectFieldOffset has been called by org.openjdk.jmh.util.Utils (file:/C:/Users/Hareram%20ray/AI/numJ/.tools/jmh/jmh-core-1.37.jar)
WARNING: Please consider reporting this to the maintainers of class org.openjdk.jmh.util.Utils
WARNING: sun.misc.Unsafe::objectFieldOffset will be removed in a future release
# Warmup Iteration   1: 30.978 ns/op
# Warmup Iteration   2: 12.862 ns/op
# Warmup Iteration   3: 12.553 ns/op
# Warmup Iteration   4: 12.727 ns/op
Iteration   1: 12.711 ns/op
Iteration   2: 12.752 ns/op
Iteration   3: 13.064 ns/op
Iteration   4: 12.911 ns/op
Iteration   5: 12.905 ns/op


Result "numj.SmallBench.sum":
  11.935 ±(99.9%) 1.506 ns/op [Average]
  (min, avg, max) = (10.851, 11.935, 13.064), stdev = 0.996
  CI (99.9%): [10.429, 13.441] (assumes normal distribution)


# JMH version: 1.37
# VM version: JDK 25.0.4.1, OpenJDK 64-Bit Server VM, 25.0.4.1+1-LTS
# VM invoker: C:\Users\Hareram ray\AI\numJ\.tools\jdk\bin\java.exe
# VM options: --enable-native-access=ALL-UNNAMED --enable-native-access=ALL-UNNAMED -Xms1g -Xmx1g
# Blackhole mode: compiler (auto-detected, use -Djmh.blackhole.autoDetect=false to disable)
# Warmup: 4 iterations, 150 ms each
# Measurement: 5 iterations, 150 ms each
# Timeout: 10 min per iteration
# Threads: 1 thread, will synchronize iterations
# Benchmark mode: Average time, time/op
# Benchmark: numj.SmallBench.sum
# Parameters: (n = 64, path = java)

# Run progress: 91.96% complete, ETA 00:00:25
# Fork: 1 of 2
WARNING: A terminally deprecated method in sun.misc.Unsafe has been called
WARNING: sun.misc.Unsafe::objectFieldOffset has been called by org.openjdk.jmh.util.Utils (file:/C:/Users/Hareram%20ray/AI/numJ/.tools/jmh/jmh-core-1.37.jar)
WARNING: Please consider reporting this to the maintainers of class org.openjdk.jmh.util.Utils
WARNING: sun.misc.Unsafe::objectFieldOffset will be removed in a future release
# Warmup Iteration   1: 75.792 ns/op
# Warmup Iteration   2: 39.323 ns/op
# Warmup Iteration   3: 37.027 ns/op
# Warmup Iteration   4: 34.092 ns/op
Iteration   1: 37.430 ns/op
Iteration   2: 53.184 ns/op
Iteration   3: 39.729 ns/op
Iteration   4: 34.556 ns/op
Iteration   5: 35.216 ns/op

# Run progress: 92.47% complete, ETA 00:00:24
# Fork: 2 of 2
WARNING: A terminally deprecated method in sun.misc.Unsafe has been called
WARNING: sun.misc.Unsafe::objectFieldOffset has been called by org.openjdk.jmh.util.Utils (file:/C:/Users/Hareram%20ray/AI/numJ/.tools/jmh/jmh-core-1.37.jar)
WARNING: Please consider reporting this to the maintainers of class org.openjdk.jmh.util.Utils
WARNING: sun.misc.Unsafe::objectFieldOffset will be removed in a future release
# Warmup Iteration   1: 73.875 ns/op
# Warmup Iteration   2: 38.875 ns/op
# Warmup Iteration   3: 47.110 ns/op
# Warmup Iteration   4: 38.106 ns/op
Iteration   1: 33.946 ns/op
Iteration   2: 34.359 ns/op
Iteration   3: 33.064 ns/op
Iteration   4: 35.374 ns/op
Iteration   5: 35.990 ns/op


Result "numj.SmallBench.sum":
  37.285 ±(99.9%) 8.921 ns/op [Average]
  (min, avg, max) = (33.064, 37.285, 53.184), stdev = 5.901
  CI (99.9%): [28.364, 46.206] (assumes normal distribution)


# JMH version: 1.37
# VM version: JDK 25.0.4.1, OpenJDK 64-Bit Server VM, 25.0.4.1+1-LTS
# VM invoker: C:\Users\Hareram ray\AI\numJ\.tools\jdk\bin\java.exe
# VM options: --enable-native-access=ALL-UNNAMED --enable-native-access=ALL-UNNAMED -Xms1g -Xmx1g
# Blackhole mode: compiler (auto-detected, use -Djmh.blackhole.autoDetect=false to disable)
# Warmup: 4 iterations, 150 ms each
# Measurement: 5 iterations, 150 ms each
# Timeout: 10 min per iteration
# Threads: 1 thread, will synchronize iterations
# Benchmark mode: Average time, time/op
# Benchmark: numj.SmallBench.sum
# Parameters: (n = 64, path = native)

# Run progress: 92.97% complete, ETA 00:00:22
# Fork: 1 of 2
WARNING: A terminally deprecated method in sun.misc.Unsafe has been called
WARNING: sun.misc.Unsafe::objectFieldOffset has been called by org.openjdk.jmh.util.Utils (file:/C:/Users/Hareram%20ray/AI/numJ/.tools/jmh/jmh-core-1.37.jar)
WARNING: Please consider reporting this to the maintainers of class org.openjdk.jmh.util.Utils
WARNING: sun.misc.Unsafe::objectFieldOffset will be removed in a future release
# Warmup Iteration   1: 37.418 ns/op
# Warmup Iteration   2: 12.451 ns/op
# Warmup Iteration   3: 12.290 ns/op
# Warmup Iteration   4: 12.495 ns/op
Iteration   1: 12.612 ns/op
Iteration   2: 12.912 ns/op
Iteration   3: 12.537 ns/op
Iteration   4: 12.486 ns/op
Iteration   5: 12.663 ns/op

# Run progress: 93.47% complete, ETA 00:00:20
# Fork: 2 of 2
WARNING: A terminally deprecated method in sun.misc.Unsafe has been called
WARNING: sun.misc.Unsafe::objectFieldOffset has been called by org.openjdk.jmh.util.Utils (file:/C:/Users/Hareram%20ray/AI/numJ/.tools/jmh/jmh-core-1.37.jar)
WARNING: Please consider reporting this to the maintainers of class org.openjdk.jmh.util.Utils
WARNING: sun.misc.Unsafe::objectFieldOffset will be removed in a future release
# Warmup Iteration   1: 26.646 ns/op
# Warmup Iteration   2: 12.644 ns/op
# Warmup Iteration   3: 12.365 ns/op
# Warmup Iteration   4: 12.478 ns/op
Iteration   1: 12.613 ns/op
Iteration   2: 12.357 ns/op
Iteration   3: 12.660 ns/op
Iteration   4: 12.583 ns/op
Iteration   5: 12.451 ns/op


Result "numj.SmallBench.sum":
  12.587 ±(99.9%) 0.227 ns/op [Average]
  (min, avg, max) = (12.357, 12.587, 12.912), stdev = 0.150
  CI (99.9%): [12.361, 12.814] (assumes normal distribution)


# JMH version: 1.37
# VM version: JDK 25.0.4.1, OpenJDK 64-Bit Server VM, 25.0.4.1+1-LTS
# VM invoker: C:\Users\Hareram ray\AI\numJ\.tools\jdk\bin\java.exe
# VM options: --enable-native-access=ALL-UNNAMED --enable-native-access=ALL-UNNAMED -Xms1g -Xmx1g
# Blackhole mode: compiler (auto-detected, use -Djmh.blackhole.autoDetect=false to disable)
# Warmup: 4 iterations, 150 ms each
# Measurement: 5 iterations, 150 ms each
# Timeout: 10 min per iteration
# Threads: 1 thread, will synchronize iterations
# Benchmark mode: Average time, time/op
# Benchmark: numj.SmallBench.sum
# Parameters: (n = 128, path = java)

# Run progress: 93.97% complete, ETA 00:00:19
# Fork: 1 of 2
WARNING: A terminally deprecated method in sun.misc.Unsafe has been called
WARNING: sun.misc.Unsafe::objectFieldOffset has been called by org.openjdk.jmh.util.Utils (file:/C:/Users/Hareram%20ray/AI/numJ/.tools/jmh/jmh-core-1.37.jar)
WARNING: Please consider reporting this to the maintainers of class org.openjdk.jmh.util.Utils
WARNING: sun.misc.Unsafe::objectFieldOffset will be removed in a future release
# Warmup Iteration   1: 101.945 ns/op
# Warmup Iteration   2: 66.292 ns/op
# Warmup Iteration   3: 63.437 ns/op
# Warmup Iteration   4: 62.750 ns/op
Iteration   1: 57.711 ns/op
Iteration   2: 56.684 ns/op
Iteration   3: 57.860 ns/op
Iteration   4: 56.909 ns/op
Iteration   5: 58.572 ns/op

# Run progress: 94.48% complete, ETA 00:00:17
# Fork: 2 of 2
WARNING: A terminally deprecated method in sun.misc.Unsafe has been called
WARNING: sun.misc.Unsafe::objectFieldOffset has been called by org.openjdk.jmh.util.Utils (file:/C:/Users/Hareram%20ray/AI/numJ/.tools/jmh/jmh-core-1.37.jar)
WARNING: Please consider reporting this to the maintainers of class org.openjdk.jmh.util.Utils
WARNING: sun.misc.Unsafe::objectFieldOffset will be removed in a future release
# Warmup Iteration   1: 105.597 ns/op
# Warmup Iteration   2: 67.438 ns/op
# Warmup Iteration   3: 60.875 ns/op
# Warmup Iteration   4: 64.661 ns/op
Iteration   1: 56.104 ns/op
Iteration   2: 56.876 ns/op
Iteration   3: 55.715 ns/op
Iteration   4: 56.651 ns/op
Iteration   5: 55.925 ns/op


Result "numj.SmallBench.sum":
  56.901 ±(99.9%) 1.378 ns/op [Average]
  (min, avg, max) = (55.715, 56.901, 58.572), stdev = 0.911
  CI (99.9%): [55.523, 58.278] (assumes normal distribution)


# JMH version: 1.37
# VM version: JDK 25.0.4.1, OpenJDK 64-Bit Server VM, 25.0.4.1+1-LTS
# VM invoker: C:\Users\Hareram ray\AI\numJ\.tools\jdk\bin\java.exe
# VM options: --enable-native-access=ALL-UNNAMED --enable-native-access=ALL-UNNAMED -Xms1g -Xmx1g
# Blackhole mode: compiler (auto-detected, use -Djmh.blackhole.autoDetect=false to disable)
# Warmup: 4 iterations, 150 ms each
# Measurement: 5 iterations, 150 ms each
# Timeout: 10 min per iteration
# Threads: 1 thread, will synchronize iterations
# Benchmark mode: Average time, time/op
# Benchmark: numj.SmallBench.sum
# Parameters: (n = 128, path = native)

# Run progress: 94.98% complete, ETA 00:00:16
# Fork: 1 of 2
WARNING: A terminally deprecated method in sun.misc.Unsafe has been called
WARNING: sun.misc.Unsafe::objectFieldOffset has been called by org.openjdk.jmh.util.Utils (file:/C:/Users/Hareram%20ray/AI/numJ/.tools/jmh/jmh-core-1.37.jar)
WARNING: Please consider reporting this to the maintainers of class org.openjdk.jmh.util.Utils
WARNING: sun.misc.Unsafe::objectFieldOffset will be removed in a future release
# Warmup Iteration   1: 26.347 ns/op
# Warmup Iteration   2: 12.030 ns/op
# Warmup Iteration   3: 11.858 ns/op
# Warmup Iteration   4: 11.940 ns/op
Iteration   1: 11.924 ns/op
Iteration   2: 11.917 ns/op
Iteration   3: 11.875 ns/op
Iteration   4: 12.199 ns/op
Iteration   5: 12.024 ns/op

# Run progress: 95.48% complete, ETA 00:00:14
# Fork: 2 of 2
WARNING: A terminally deprecated method in sun.misc.Unsafe has been called
WARNING: sun.misc.Unsafe::objectFieldOffset has been called by org.openjdk.jmh.util.Utils (file:/C:/Users/Hareram%20ray/AI/numJ/.tools/jmh/jmh-core-1.37.jar)
WARNING: Please consider reporting this to the maintainers of class org.openjdk.jmh.util.Utils
WARNING: sun.misc.Unsafe::objectFieldOffset will be removed in a future release
# Warmup Iteration   1: 34.282 ns/op
# Warmup Iteration   2: 12.009 ns/op
# Warmup Iteration   3: 12.006 ns/op
# Warmup Iteration   4: 11.989 ns/op
Iteration   1: 11.917 ns/op
Iteration   2: 11.969 ns/op
Iteration   3: 12.027 ns/op
Iteration   4: 11.862 ns/op
Iteration   5: 12.053 ns/op


Result "numj.SmallBench.sum":
  11.977 ±(99.9%) 0.154 ns/op [Average]
  (min, avg, max) = (11.862, 11.977, 12.199), stdev = 0.102
  CI (99.9%): [11.823, 12.131] (assumes normal distribution)


# JMH version: 1.37
# VM version: JDK 25.0.4.1, OpenJDK 64-Bit Server VM, 25.0.4.1+1-LTS
# VM invoker: C:\Users\Hareram ray\AI\numJ\.tools\jdk\bin\java.exe
# VM options: --enable-native-access=ALL-UNNAMED --enable-native-access=ALL-UNNAMED -Xms1g -Xmx1g
# Blackhole mode: compiler (auto-detected, use -Djmh.blackhole.autoDetect=false to disable)
# Warmup: 4 iterations, 150 ms each
# Measurement: 5 iterations, 150 ms each
# Timeout: 10 min per iteration
# Threads: 1 thread, will synchronize iterations
# Benchmark mode: Average time, time/op
# Benchmark: numj.SmallBench.sum
# Parameters: (n = 256, path = java)

# Run progress: 95.98% complete, ETA 00:00:12
# Fork: 1 of 2
WARNING: A terminally deprecated method in sun.misc.Unsafe has been called
WARNING: sun.misc.Unsafe::objectFieldOffset has been called by org.openjdk.jmh.util.Utils (file:/C:/Users/Hareram%20ray/AI/numJ/.tools/jmh/jmh-core-1.37.jar)
WARNING: Please consider reporting this to the maintainers of class org.openjdk.jmh.util.Utils
WARNING: sun.misc.Unsafe::objectFieldOffset will be removed in a future release
# Warmup Iteration   1: 146.152 ns/op
# Warmup Iteration   2: 113.729 ns/op
# Warmup Iteration   3: 91.251 ns/op
# Warmup Iteration   4: 99.785 ns/op
Iteration   1: 96.934 ns/op
Iteration   2: 98.731 ns/op
Iteration   3: 91.440 ns/op
Iteration   4: 89.554 ns/op
Iteration   5: 91.368 ns/op

# Run progress: 96.48% complete, ETA 00:00:11
# Fork: 2 of 2
WARNING: A terminally deprecated method in sun.misc.Unsafe has been called
WARNING: sun.misc.Unsafe::objectFieldOffset has been called by org.openjdk.jmh.util.Utils (file:/C:/Users/Hareram%20ray/AI/numJ/.tools/jmh/jmh-core-1.37.jar)
WARNING: Please consider reporting this to the maintainers of class org.openjdk.jmh.util.Utils
WARNING: sun.misc.Unsafe::objectFieldOffset will be removed in a future release
# Warmup Iteration   1: 147.124 ns/op
# Warmup Iteration   2: 114.087 ns/op
# Warmup Iteration   3: 90.929 ns/op
# Warmup Iteration   4: 100.244 ns/op
Iteration   1: 96.263 ns/op
Iteration   2: 95.326 ns/op
Iteration   3: 94.630 ns/op
Iteration   4: 90.869 ns/op
Iteration   5: 91.333 ns/op


Result "numj.SmallBench.sum":
  93.645 ±(99.9%) 4.705 ns/op [Average]
  (min, avg, max) = (89.554, 93.645, 98.731), stdev = 3.112
  CI (99.9%): [88.940, 98.350] (assumes normal distribution)


# JMH version: 1.37
# VM version: JDK 25.0.4.1, OpenJDK 64-Bit Server VM, 25.0.4.1+1-LTS
# VM invoker: C:\Users\Hareram ray\AI\numJ\.tools\jdk\bin\java.exe
# VM options: --enable-native-access=ALL-UNNAMED --enable-native-access=ALL-UNNAMED -Xms1g -Xmx1g
# Blackhole mode: compiler (auto-detected, use -Djmh.blackhole.autoDetect=false to disable)
# Warmup: 4 iterations, 150 ms each
# Measurement: 5 iterations, 150 ms each
# Timeout: 10 min per iteration
# Threads: 1 thread, will synchronize iterations
# Benchmark mode: Average time, time/op
# Benchmark: numj.SmallBench.sum
# Parameters: (n = 256, path = native)

# Run progress: 96.99% complete, ETA 00:00:09
# Fork: 1 of 2
WARNING: A terminally deprecated method in sun.misc.Unsafe has been called
WARNING: sun.misc.Unsafe::objectFieldOffset has been called by org.openjdk.jmh.util.Utils (file:/C:/Users/Hareram%20ray/AI/numJ/.tools/jmh/jmh-core-1.37.jar)
WARNING: Please consider reporting this to the maintainers of class org.openjdk.jmh.util.Utils
WARNING: sun.misc.Unsafe::objectFieldOffset will be removed in a future release
# Warmup Iteration   1: 33.467 ns/op
# Warmup Iteration   2: 15.625 ns/op
# Warmup Iteration   3: 15.496 ns/op
# Warmup Iteration   4: 16.859 ns/op
Iteration   1: 14.990 ns/op
Iteration   2: 15.046 ns/op
Iteration   3: 15.128 ns/op
Iteration   4: 14.974 ns/op
Iteration   5: 15.142 ns/op

# Run progress: 97.49% complete, ETA 00:00:08
# Fork: 2 of 2
WARNING: A terminally deprecated method in sun.misc.Unsafe has been called
WARNING: sun.misc.Unsafe::objectFieldOffset has been called by org.openjdk.jmh.util.Utils (file:/C:/Users/Hareram%20ray/AI/numJ/.tools/jmh/jmh-core-1.37.jar)
WARNING: Please consider reporting this to the maintainers of class org.openjdk.jmh.util.Utils
WARNING: sun.misc.Unsafe::objectFieldOffset will be removed in a future release
# Warmup Iteration   1: 32.215 ns/op
# Warmup Iteration   2: 14.815 ns/op
# Warmup Iteration   3: 14.170 ns/op
# Warmup Iteration   4: 14.340 ns/op
Iteration   1: 14.181 ns/op
Iteration   2: 14.272 ns/op
Iteration   3: 14.369 ns/op
Iteration   4: 14.526 ns/op
Iteration   5: 14.181 ns/op


Result "numj.SmallBench.sum":
  14.681 ±(99.9%) 0.620 ns/op [Average]
  (min, avg, max) = (14.181, 14.681, 15.142), stdev = 0.410
  CI (99.9%): [14.061, 15.301] (assumes normal distribution)


# JMH version: 1.37
# VM version: JDK 25.0.4.1, OpenJDK 64-Bit Server VM, 25.0.4.1+1-LTS
# VM invoker: C:\Users\Hareram ray\AI\numJ\.tools\jdk\bin\java.exe
# VM options: --enable-native-access=ALL-UNNAMED --enable-native-access=ALL-UNNAMED -Xms1g -Xmx1g
# Blackhole mode: compiler (auto-detected, use -Djmh.blackhole.autoDetect=false to disable)
# Warmup: 4 iterations, 150 ms each
# Measurement: 5 iterations, 150 ms each
# Timeout: 10 min per iteration
# Threads: 1 thread, will synchronize iterations
# Benchmark mode: Average time, time/op
# Benchmark: numj.SmallBench.sum
# Parameters: (n = 1024, path = java)

# Run progress: 97.99% complete, ETA 00:00:06
# Fork: 1 of 2
WARNING: A terminally deprecated method in sun.misc.Unsafe has been called
WARNING: sun.misc.Unsafe::objectFieldOffset has been called by org.openjdk.jmh.util.Utils (file:/C:/Users/Hareram%20ray/AI/numJ/.tools/jmh/jmh-core-1.37.jar)
WARNING: Please consider reporting this to the maintainers of class org.openjdk.jmh.util.Utils
WARNING: sun.misc.Unsafe::objectFieldOffset will be removed in a future release
# Warmup Iteration   1: 438.841 ns/op
# Warmup Iteration   2: 328.152 ns/op
# Warmup Iteration   3: 337.083 ns/op
# Warmup Iteration   4: 352.200 ns/op
Iteration   1: 338.100 ns/op
Iteration   2: 307.845 ns/op
Iteration   3: 312.456 ns/op
Iteration   4: 318.801 ns/op
Iteration   5: 312.823 ns/op

# Run progress: 98.49% complete, ETA 00:00:04
# Fork: 2 of 2
WARNING: A terminally deprecated method in sun.misc.Unsafe has been called
WARNING: sun.misc.Unsafe::objectFieldOffset has been called by org.openjdk.jmh.util.Utils (file:/C:/Users/Hareram%20ray/AI/numJ/.tools/jmh/jmh-core-1.37.jar)
WARNING: Please consider reporting this to the maintainers of class org.openjdk.jmh.util.Utils
WARNING: sun.misc.Unsafe::objectFieldOffset will be removed in a future release
# Warmup Iteration   1: 444.693 ns/op
# Warmup Iteration   2: 330.877 ns/op
# Warmup Iteration   3: 342.344 ns/op
# Warmup Iteration   4: 344.492 ns/op
Iteration   1: 337.504 ns/op
Iteration   2: 311.952 ns/op
Iteration   3: 312.382 ns/op
Iteration   4: 309.188 ns/op
Iteration   5: 312.491 ns/op


Result "numj.SmallBench.sum":
  317.354 ±(99.9%) 16.848 ns/op [Average]
  (min, avg, max) = (307.845, 317.354, 338.100), stdev = 11.144
  CI (99.9%): [300.506, 334.202] (assumes normal distribution)


# JMH version: 1.37
# VM version: JDK 25.0.4.1, OpenJDK 64-Bit Server VM, 25.0.4.1+1-LTS
# VM invoker: C:\Users\Hareram ray\AI\numJ\.tools\jdk\bin\java.exe
# VM options: --enable-native-access=ALL-UNNAMED --enable-native-access=ALL-UNNAMED -Xms1g -Xmx1g
# Blackhole mode: compiler (auto-detected, use -Djmh.blackhole.autoDetect=false to disable)
# Warmup: 4 iterations, 150 ms each
# Measurement: 5 iterations, 150 ms each
# Timeout: 10 min per iteration
# Threads: 1 thread, will synchronize iterations
# Benchmark mode: Average time, time/op
# Benchmark: numj.SmallBench.sum
# Parameters: (n = 1024, path = native)

# Run progress: 99.00% complete, ETA 00:00:03
# Fork: 1 of 2
WARNING: A terminally deprecated method in sun.misc.Unsafe has been called
WARNING: sun.misc.Unsafe::objectFieldOffset has been called by org.openjdk.jmh.util.Utils (file:/C:/Users/Hareram%20ray/AI/numJ/.tools/jmh/jmh-core-1.37.jar)
WARNING: Please consider reporting this to the maintainers of class org.openjdk.jmh.util.Utils
WARNING: sun.misc.Unsafe::objectFieldOffset will be removed in a future release
# Warmup Iteration   1: 128.231 ns/op
# Warmup Iteration   2: 40.112 ns/op
# Warmup Iteration   3: 41.744 ns/op
# Warmup Iteration   4: 41.387 ns/op
Iteration   1: 39.823 ns/op
Iteration   2: 40.514 ns/op
Iteration   3: 39.828 ns/op
Iteration   4: 41.126 ns/op
Iteration   5: 41.096 ns/op

# Run progress: 99.50% complete, ETA 00:00:01
# Fork: 2 of 2
WARNING: A terminally deprecated method in sun.misc.Unsafe has been called
WARNING: sun.misc.Unsafe::objectFieldOffset has been called by org.openjdk.jmh.util.Utils (file:/C:/Users/Hareram%20ray/AI/numJ/.tools/jmh/jmh-core-1.37.jar)
WARNING: Please consider reporting this to the maintainers of class org.openjdk.jmh.util.Utils
WARNING: sun.misc.Unsafe::objectFieldOffset will be removed in a future release
# Warmup Iteration   1: 87.261 ns/op
# Warmup Iteration   2: 39.887 ns/op
# Warmup Iteration   3: 38.232 ns/op
# Warmup Iteration   4: 39.338 ns/op
Iteration   1: 39.272 ns/op
Iteration   2: 39.896 ns/op
Iteration   3: 38.994 ns/op
Iteration   4: 39.218 ns/op
Iteration   5: 39.970 ns/op


Result "numj.SmallBench.sum":
  39.974 ±(99.9%) 1.122 ns/op [Average]
  (min, avg, max) = (38.994, 39.974, 41.126), stdev = 0.742
  CI (99.9%): [38.852, 41.095] (assumes normal distribution)


# Run complete. Total time: 00:05:21

REMEMBER: The numbers below are just data. To gain reusable insights, you need to follow up on
why the numbers are the way they are. Use profilers (see -prof, -lprof), design factorial
experiments, perform baseline and negative tests that provide experimental control, make sure
the benchmarking environment is safe on JVM/OS/HW level, ask for reviews from the domain experts.
Do not assume the numbers tell you what you want them to tell.

NOTE: Current JVM experimentally supports Compiler Blackholes, and they are in use. Please exercise
extra caution when trusting the results, look into the generated code to check the benchmark still
works, and factor in a small probability of new VM bugs. Additionally, while comparisons between
different JVMs are already problematic, the performance difference caused by different Blackhole
modes can be very significant. Please make sure you use the consistent Blackhole mode for comparisons.

Benchmark                              (n)  (path)  Mode  Cnt         Score         Error  Units
AllocBench.Malloc.addAllocMalloc        16     N/A  avgt   15       108.374 ±       7.665  ns/op
AllocBench.Malloc.addAllocMalloc      1000     N/A  avgt   15       202.591 ±       5.989  ns/op
AllocBench.Malloc.addAllocMalloc    100000     N/A  avgt   15     38839.660 ±     968.190  ns/op
AllocBench.Malloc.addAllocMalloc  10000000     N/A  avgt   15  32119963.492 ± 2798176.808  ns/op
AllocBench.addAlloc                     16     N/A  avgt   15       101.405 ±       2.101  ns/op
AllocBench.addAlloc                   1000     N/A  avgt   15       241.443 ±      19.785  ns/op
AllocBench.addAlloc                 100000     N/A  avgt   15     49486.493 ±     981.173  ns/op
AllocBench.addAlloc               10000000     N/A  avgt   15  39207596.444 ± 2574580.896  ns/op
AllocBench.addReuse                     16     N/A  avgt   15        22.081 ±       0.208  ns/op
AllocBench.addReuse                   1000     N/A  avgt   15       102.985 ±       5.279  ns/op
AllocBench.addReuse                 100000     N/A  avgt   15     37924.151 ±    1110.703  ns/op
AllocBench.addReuse               10000000     N/A  avgt   15  18583613.091 ± 1106470.825  ns/op
AllocBench.allocClose                   16     N/A  avgt   15        64.320 ±       1.196  ns/op
AllocBench.allocClose                 1000     N/A  avgt   15       107.932 ±      10.561  ns/op
AllocBench.allocClose               100000     N/A  avgt   15     14388.172 ±     785.372  ns/op
AllocBench.allocClose             10000000     N/A  avgt   15  20526464.303 ± 1057365.718  ns/op
SmallBench.add                           1    java  avgt   10        10.674 ±       0.238  ns/op
SmallBench.add                           1  native  avgt   10        16.092 ±       0.242  ns/op
SmallBench.add                           4    java  avgt   10        16.755 ±       0.255  ns/op
SmallBench.add                           4  native  avgt   10        16.315 ±       1.239  ns/op
SmallBench.add                          16    java  avgt   10        22.003 ±       0.345  ns/op
SmallBench.add                          16  native  avgt   10        16.861 ±       0.424  ns/op
SmallBench.add                          32    java  avgt   10        29.764 ±       0.459  ns/op
SmallBench.add                          32  native  avgt   10        19.885 ±       4.213  ns/op
SmallBench.add                          64    java  avgt   10        52.166 ±       2.766  ns/op
SmallBench.add                          64  native  avgt   10        21.494 ±       0.356  ns/op
SmallBench.add                         128    java  avgt   10        89.372 ±       1.876  ns/op
SmallBench.add                         128  native  avgt   10        26.106 ±       0.525  ns/op
SmallBench.add                         256    java  avgt   10       155.480 ±       3.504  ns/op
SmallBench.add                         256  native  avgt   10        36.865 ±       1.449  ns/op
SmallBench.add                        1024    java  avgt   10       548.037 ±      12.215  ns/op
SmallBench.add                        1024  native  avgt   10       104.126 ±       2.749  ns/op
SmallBench.addStrided                    1    java  avgt   10        10.812 ±       0.247  ns/op
SmallBench.addStrided                    1  native  avgt   10        16.090 ±       0.347  ns/op
SmallBench.addStrided                    4    java  avgt   10       129.084 ±       6.255  ns/op
SmallBench.addStrided                    4  native  avgt   10       189.259 ±      12.661  ns/op
SmallBench.addStrided                   16    java  avgt   10       140.095 ±       9.318  ns/op
SmallBench.addStrided                   16  native  avgt   10       192.399 ±      15.316  ns/op
SmallBench.addStrided                   32    java  avgt   10       153.575 ±       5.016  ns/op
SmallBench.addStrided                   32  native  avgt   10       198.929 ±      15.635  ns/op
SmallBench.addStrided                   64    java  avgt   10       197.790 ±      11.687  ns/op
SmallBench.addStrided                   64  native  avgt   10       220.659 ±      21.599  ns/op
SmallBench.addStrided                  128    java  avgt   10       262.653 ±      15.852  ns/op
SmallBench.addStrided                  128  native  avgt   10       239.587 ±      23.199  ns/op
SmallBench.addStrided                  256    java  avgt   10       385.263 ±      33.903  ns/op
SmallBench.addStrided                  256  native  avgt   10       283.517 ±      34.307  ns/op
SmallBench.addStrided                 1024    java  avgt   10      1128.497 ±      46.835  ns/op
SmallBench.addStrided                 1024  native  avgt   10       532.368 ±      39.384  ns/op
SmallBench.sqdist                        1    java  avgt   10        28.536 ±       1.700  ns/op
SmallBench.sqdist                        1  native  avgt   10        24.753 ±       1.354  ns/op
SmallBench.sqdist                        4    java  avgt   10        29.431 ±       1.368  ns/op
SmallBench.sqdist                        4  native  avgt   10        15.181 ±       2.539  ns/op
SmallBench.sqdist                       16    java  avgt   10        30.464 ±       1.636  ns/op
SmallBench.sqdist                       16  native  avgt   10        14.294 ±       1.206  ns/op
SmallBench.sqdist                       32    java  avgt   10        34.795 ±       6.569  ns/op
SmallBench.sqdist                       32  native  avgt   10        14.428 ±       1.072  ns/op
SmallBench.sqdist                       64    java  avgt   10        43.896 ±       1.445  ns/op
SmallBench.sqdist                       64  native  avgt   10        15.266 ±       0.401  ns/op
SmallBench.sqdist                      128    java  avgt   10        69.619 ±       2.792  ns/op
SmallBench.sqdist                      128  native  avgt   10        18.988 ±       1.666  ns/op
SmallBench.sqdist                      256    java  avgt   10       123.386 ±       8.146  ns/op
SmallBench.sqdist                      256  native  avgt   10        25.967 ±       0.949  ns/op
SmallBench.sqdist                     1024    java  avgt   10       448.679 ±      24.038  ns/op
SmallBench.sqdist                     1024  native  avgt   10        74.911 ±       2.450  ns/op
SmallBench.sum                           1    java  avgt   10        30.644 ±       3.084  ns/op
SmallBench.sum                           1  native  avgt   10        21.629 ±       2.361  ns/op
SmallBench.sum                           4    java  avgt   10        28.385 ±       1.424  ns/op
SmallBench.sum                           4  native  avgt   10        11.595 ±       0.568  ns/op
SmallBench.sum                          16    java  avgt   10        30.400 ±       2.939  ns/op
SmallBench.sum                          16  native  avgt   10        11.728 ±       1.070  ns/op
SmallBench.sum                          32    java  avgt   10        28.118 ±       0.877  ns/op
SmallBench.sum                          32  native  avgt   10        11.935 ±       1.506  ns/op
SmallBench.sum                          64    java  avgt   10        37.285 ±       8.921  ns/op
SmallBench.sum                          64  native  avgt   10        12.587 ±       0.227  ns/op
SmallBench.sum                         128    java  avgt   10        56.901 ±       1.378  ns/op
SmallBench.sum                         128  native  avgt   10        11.977 ±       0.154  ns/op
SmallBench.sum                         256    java  avgt   10        93.645 ±       4.705  ns/op
SmallBench.sum                         256  native  avgt   10        14.681 ±       0.620  ns/op
SmallBench.sum                        1024    java  avgt   10       317.354 ±      16.848  ns/op
SmallBench.sum                        1024  native  avgt   10        39.974 ±       1.122  ns/op

Benchmark result is saved to results\nd\jmh_decision2.json
