# JMH version: 1.37
# VM version: JDK 25.0.4.1, OpenJDK 64-Bit Server VM, 25.0.4.1+1-LTS
# VM invoker: C:\Users\Hareram ray\AI\numJ\.tools\jdk\bin\java.exe
# VM options: --enable-native-access=ALL-UNNAMED --enable-native-access=ALL-UNNAMED -Xms2g -Xmx2g -XX:+AlwaysPreTouch
# Blackhole mode: compiler (auto-detected, use -Djmh.blackhole.autoDetect=false to disable)
# Warmup: 5 iterations, 200 ms each
# Measurement: 5 iterations, 200 ms each
# Timeout: 10 min per iteration
# Threads: 1 thread, will synchronize iterations
# Benchmark mode: Average time, time/op
# Benchmark: numj.FusedBench.fused
# Parameters: (layout = contig, n = 1000)

# Run progress: 0.00% complete, ETA 00:06:48
# Fork: 1 of 3
WARNING: A terminally deprecated method in sun.misc.Unsafe has been called
WARNING: sun.misc.Unsafe::objectFieldOffset has been called by org.openjdk.jmh.util.Utils (file:/C:/Users/Hareram%20ray/AI/numJ/.tools/jmh/jmh-core-1.37.jar)
WARNING: Please consider reporting this to the maintainers of class org.openjdk.jmh.util.Utils
WARNING: sun.misc.Unsafe::objectFieldOffset will be removed in a future release
# Warmup Iteration   1: 344.580 ns/op
# Warmup Iteration   2: 126.089 ns/op
# Warmup Iteration   3: 120.117 ns/op
# Warmup Iteration   4: 125.133 ns/op
# Warmup Iteration   5: 115.136 ns/op
Iteration   1: 115.867 ns/op
Iteration   2: 120.406 ns/op
Iteration   3: 124.257 ns/op
Iteration   4: 129.644 ns/op
Iteration   5: 129.572 ns/op

# Run progress: 0.49% complete, ETA 00:10:00
# Fork: 2 of 3
WARNING: A terminally deprecated method in sun.misc.Unsafe has been called
WARNING: sun.misc.Unsafe::objectFieldOffset has been called by org.openjdk.jmh.util.Utils (file:/C:/Users/Hareram%20ray/AI/numJ/.tools/jmh/jmh-core-1.37.jar)
WARNING: Please consider reporting this to the maintainers of class org.openjdk.jmh.util.Utils
WARNING: sun.misc.Unsafe::objectFieldOffset will be removed in a future release
# Warmup Iteration   1: 460.933 ns/op
# Warmup Iteration   2: 136.368 ns/op
# Warmup Iteration   3: 130.754 ns/op
# Warmup Iteration   4: 116.713 ns/op
# Warmup Iteration   5: 139.207 ns/op
Iteration   1: 174.202 ns/op
Iteration   2: 132.878 ns/op
Iteration   3: 140.005 ns/op
Iteration   4: 116.929 ns/op
Iteration   5: 126.022 ns/op

# Run progress: 0.98% complete, ETA 00:10:24
# Fork: 3 of 3
WARNING: A terminally deprecated method in sun.misc.Unsafe has been called
WARNING: sun.misc.Unsafe::objectFieldOffset has been called by org.openjdk.jmh.util.Utils (file:/C:/Users/Hareram%20ray/AI/numJ/.tools/jmh/jmh-core-1.37.jar)
WARNING: Please consider reporting this to the maintainers of class org.openjdk.jmh.util.Utils
WARNING: sun.misc.Unsafe::objectFieldOffset will be removed in a future release
# Warmup Iteration   1: 3053.281 ns/op
# Warmup Iteration   2: 166.355 ns/op
# Warmup Iteration   3: 164.572 ns/op
# Warmup Iteration   4: 135.681 ns/op
# Warmup Iteration   5: 129.290 ns/op
Iteration   1: 118.490 ns/op
Iteration   2: 141.180 ns/op
Iteration   3: 137.926 ns/op
Iteration   4: 179.889 ns/op
Iteration   5: 142.439 ns/op


Result "numj.FusedBench.fused":
  135.314 ±(99.9%) 20.433 ns/op [Average]
  (min, avg, max) = (115.867, 135.314, 179.889), stdev = 19.113
  CI (99.9%): [114.881, 155.747] (assumes normal distribution)


# JMH version: 1.37
# VM version: JDK 25.0.4.1, OpenJDK 64-Bit Server VM, 25.0.4.1+1-LTS
# VM invoker: C:\Users\Hareram ray\AI\numJ\.tools\jdk\bin\java.exe
# VM options: --enable-native-access=ALL-UNNAMED --enable-native-access=ALL-UNNAMED -Xms2g -Xmx2g -XX:+AlwaysPreTouch
# Blackhole mode: compiler (auto-detected, use -Djmh.blackhole.autoDetect=false to disable)
# Warmup: 5 iterations, 200 ms each
# Measurement: 5 iterations, 200 ms each
# Timeout: 10 min per iteration
# Threads: 1 thread, will synchronize iterations
# Benchmark mode: Average time, time/op
# Benchmark: numj.FusedBench.fused
# Parameters: (layout = contig, n = 100000)

# Run progress: 1.47% complete, ETA 00:10:22
# Fork: 1 of 3
WARNING: A terminally deprecated method in sun.misc.Unsafe has been called
WARNING: sun.misc.Unsafe::objectFieldOffset has been called by org.openjdk.jmh.util.Utils (file:/C:/Users/Hareram%20ray/AI/numJ/.tools/jmh/jmh-core-1.37.jar)
WARNING: Please consider reporting this to the maintainers of class org.openjdk.jmh.util.Utils
WARNING: sun.misc.Unsafe::objectFieldOffset will be removed in a future release
# Warmup Iteration   1: 74982.106 ns/op
# Warmup Iteration   2: 72365.634 ns/op
# Warmup Iteration   3: 127318.833 ns/op
# Warmup Iteration   4: 97403.691 ns/op
# Warmup Iteration   5: 247767.568 ns/op
Iteration   1: 148996.519 ns/op
Iteration   2: 46166.207 ns/op
Iteration   3: 108949.811 ns/op
Iteration   4: 65189.789 ns/op
Iteration   5: 43727.634 ns/op

# Run progress: 1.96% complete, ETA 00:10:10
# Fork: 2 of 3
WARNING: A terminally deprecated method in sun.misc.Unsafe has been called
WARNING: sun.misc.Unsafe::objectFieldOffset has been called by org.openjdk.jmh.util.Utils (file:/C:/Users/Hareram%20ray/AI/numJ/.tools/jmh/jmh-core-1.37.jar)
WARNING: Please consider reporting this to the maintainers of class org.openjdk.jmh.util.Utils
WARNING: sun.misc.Unsafe::objectFieldOffset will be removed in a future release
# Warmup Iteration   1: 255314.987 ns/op
# Warmup Iteration   2: 47246.165 ns/op
# Warmup Iteration   3: 40065.748 ns/op
# Warmup Iteration   4: 39904.523 ns/op
# Warmup Iteration   5: 62545.220 ns/op
Iteration   1: 31014.999 ns/op
Iteration   2: 30300.606 ns/op
Iteration   3: 30343.025 ns/op
Iteration   4: 30635.942 ns/op
Iteration   5: 30721.150 ns/op

# Run progress: 2.45% complete, ETA 00:10:09
# Fork: 3 of 3
WARNING: A terminally deprecated method in sun.misc.Unsafe has been called
WARNING: sun.misc.Unsafe::objectFieldOffset has been called by org.openjdk.jmh.util.Utils (file:/C:/Users/Hareram%20ray/AI/numJ/.tools/jmh/jmh-core-1.37.jar)
WARNING: Please consider reporting this to the maintainers of class org.openjdk.jmh.util.Utils
WARNING: sun.misc.Unsafe::objectFieldOffset will be removed in a future release
# Warmup Iteration   1: 81776.159 ns/op
# Warmup Iteration   2: 36446.952 ns/op
# Warmup Iteration   3: 32735.580 ns/op
# Warmup Iteration   4: 30076.295 ns/op
# Warmup Iteration   5: 29801.383 ns/op
Iteration   1: 29913.717 ns/op
Iteration   2: 30278.998 ns/op
Iteration   3: 29629.394 ns/op
Iteration   4: 30109.443 ns/op
Iteration   5: 29523.137 ns/op


Result "numj.FusedBench.fused":
  47700.025 ±(99.9%) 37672.197 ns/op [Average]
  (min, avg, max) = (29523.137, 47700.025, 148996.519), stdev = 35238.596
  CI (99.9%): [10027.828, 85372.221] (assumes normal distribution)


# JMH version: 1.37
# VM version: JDK 25.0.4.1, OpenJDK 64-Bit Server VM, 25.0.4.1+1-LTS
# VM invoker: C:\Users\Hareram ray\AI\numJ\.tools\jdk\bin\java.exe
# VM options: --enable-native-access=ALL-UNNAMED --enable-native-access=ALL-UNNAMED -Xms2g -Xmx2g -XX:+AlwaysPreTouch
# Blackhole mode: compiler (auto-detected, use -Djmh.blackhole.autoDetect=false to disable)
# Warmup: 5 iterations, 200 ms each
# Measurement: 5 iterations, 200 ms each
# Timeout: 10 min per iteration
# Threads: 1 thread, will synchronize iterations
# Benchmark mode: Average time, time/op
# Benchmark: numj.FusedBench.fused
# Parameters: (layout = contig, n = 10000000)

# Run progress: 2.94% complete, ETA 00:09:53
# Fork: 1 of 3
WARNING: A terminally deprecated method in sun.misc.Unsafe has been called
WARNING: sun.misc.Unsafe::objectFieldOffset has been called by org.openjdk.jmh.util.Utils (file:/C:/Users/Hareram%20ray/AI/numJ/.tools/jmh/jmh-core-1.37.jar)
WARNING: Please consider reporting this to the maintainers of class org.openjdk.jmh.util.Utils
WARNING: sun.misc.Unsafe::objectFieldOffset will be removed in a future release
# Warmup Iteration   1: 25321737.500 ns/op
# Warmup Iteration   2: 15389735.714 ns/op
# Warmup Iteration   3: 15578746.154 ns/op
# Warmup Iteration   4: 14931964.286 ns/op
# Warmup Iteration   5: 15100678.571 ns/op
Iteration   1: 14345686.667 ns/op
Iteration   2: 16918200.000 ns/op
Iteration   3: 15329707.143 ns/op
Iteration   4: 14069966.667 ns/op
Iteration   5: 14705285.714 ns/op

# Run progress: 3.43% complete, ETA 00:09:51
# Fork: 2 of 3
WARNING: A terminally deprecated method in sun.misc.Unsafe has been called
WARNING: sun.misc.Unsafe::objectFieldOffset has been called by org.openjdk.jmh.util.Utils (file:/C:/Users/Hareram%20ray/AI/numJ/.tools/jmh/jmh-core-1.37.jar)
WARNING: Please consider reporting this to the maintainers of class org.openjdk.jmh.util.Utils
WARNING: sun.misc.Unsafe::objectFieldOffset will be removed in a future release
# Warmup Iteration   1: 29174014.286 ns/op
# Warmup Iteration   2: 19279491.667 ns/op
# Warmup Iteration   3: 23518788.889 ns/op
# Warmup Iteration   4: 21715040.000 ns/op
# Warmup Iteration   5: 20709630.000 ns/op
Iteration   1: 14669292.857 ns/op
Iteration   2: 15448369.231 ns/op
Iteration   3: 19589572.727 ns/op
Iteration   4: 16822069.231 ns/op
Iteration   5: 18564118.182 ns/op

# Run progress: 3.92% complete, ETA 00:09:49
# Fork: 3 of 3
WARNING: A terminally deprecated method in sun.misc.Unsafe has been called
WARNING: sun.misc.Unsafe::objectFieldOffset has been called by org.openjdk.jmh.util.Utils (file:/C:/Users/Hareram%20ray/AI/numJ/.tools/jmh/jmh-core-1.37.jar)
WARNING: Please consider reporting this to the maintainers of class org.openjdk.jmh.util.Utils
WARNING: sun.misc.Unsafe::objectFieldOffset will be removed in a future release
# Warmup Iteration   1: 26430112.500 ns/op
# Warmup Iteration   2: 19702972.727 ns/op
# Warmup Iteration   3: 22628040.000 ns/op
# Warmup Iteration   4: 17414100.000 ns/op
# Warmup Iteration   5: 13814986.667 ns/op
Iteration   1: 15826861.538 ns/op
Iteration   2: 15592284.615 ns/op
Iteration   3: 14588992.857 ns/op
Iteration   4: 14727621.429 ns/op
Iteration   5: 14283633.333 ns/op


Result "numj.FusedBench.fused":
  15698777.479 ±(99.9%) 1738710.143 ns/op [Average]
  (min, avg, max) = (14069966.667, 15698777.479, 19589572.727), stdev = 1626390.546
  CI (99.9%): [13960067.337, 17437487.622] (assumes normal distribution)


# JMH version: 1.37
# VM version: JDK 25.0.4.1, OpenJDK 64-Bit Server VM, 25.0.4.1+1-LTS
# VM invoker: C:\Users\Hareram ray\AI\numJ\.tools\jdk\bin\java.exe
# VM options: --enable-native-access=ALL-UNNAMED --enable-native-access=ALL-UNNAMED -Xms2g -Xmx2g -XX:+AlwaysPreTouch
# Blackhole mode: compiler (auto-detected, use -Djmh.blackhole.autoDetect=false to disable)
# Warmup: 5 iterations, 200 ms each
# Measurement: 5 iterations, 200 ms each
# Timeout: 10 min per iteration
# Threads: 1 thread, will synchronize iterations
# Benchmark mode: Average time, time/op
# Benchmark: numj.FusedBench.fused
# Parameters: (layout = transposed, n = 1000)

# Run progress: 4.41% complete, ETA 00:09:47
# Fork: 1 of 3
WARNING: A terminally deprecated method in sun.misc.Unsafe has been called
WARNING: sun.misc.Unsafe::objectFieldOffset has been called by org.openjdk.jmh.util.Utils (file:/C:/Users/Hareram%20ray/AI/numJ/.tools/jmh/jmh-core-1.37.jar)
WARNING: Please consider reporting this to the maintainers of class org.openjdk.jmh.util.Utils
WARNING: sun.misc.Unsafe::objectFieldOffset will be removed in a future release
# Warmup Iteration   1: 4609.520 ns/op
# Warmup Iteration   2: 1417.619 ns/op
# Warmup Iteration   3: 1496.844 ns/op
# Warmup Iteration   4: 1517.019 ns/op
# Warmup Iteration   5: 1421.509 ns/op
Iteration   1: 1438.566 ns/op
Iteration   2: 1506.710 ns/op
Iteration   3: 1450.073 ns/op
Iteration   4: 1678.111 ns/op
Iteration   5: 1466.275 ns/op

# Run progress: 4.90% complete, ETA 00:09:38
# Fork: 2 of 3
WARNING: A terminally deprecated method in sun.misc.Unsafe has been called
WARNING: sun.misc.Unsafe::objectFieldOffset has been called by org.openjdk.jmh.util.Utils (file:/C:/Users/Hareram%20ray/AI/numJ/.tools/jmh/jmh-core-1.37.jar)
WARNING: Please consider reporting this to the maintainers of class org.openjdk.jmh.util.Utils
WARNING: sun.misc.Unsafe::objectFieldOffset will be removed in a future release
# Warmup Iteration   1: 4358.317 ns/op
# Warmup Iteration   2: 1457.286 ns/op
# Warmup Iteration   3: 1517.917 ns/op
# Warmup Iteration   4: 1757.922 ns/op
# Warmup Iteration   5: 1925.913 ns/op
Iteration   1: 1523.918 ns/op
Iteration   2: 1496.438 ns/op
Iteration   3: 1409.064 ns/op
Iteration   4: 1429.795 ns/op
Iteration   5: 1425.300 ns/op

# Run progress: 5.39% complete, ETA 00:09:29
# Fork: 3 of 3
WARNING: A terminally deprecated method in sun.misc.Unsafe has been called
WARNING: sun.misc.Unsafe::objectFieldOffset has been called by org.openjdk.jmh.util.Utils (file:/C:/Users/Hareram%20ray/AI/numJ/.tools/jmh/jmh-core-1.37.jar)
WARNING: Please consider reporting this to the maintainers of class org.openjdk.jmh.util.Utils
WARNING: sun.misc.Unsafe::objectFieldOffset will be removed in a future release
# Warmup Iteration   1: 3489.987 ns/op
# Warmup Iteration   2: 1426.107 ns/op
# Warmup Iteration   3: 1545.285 ns/op
# Warmup Iteration   4: 1539.115 ns/op
# Warmup Iteration   5: 1489.542 ns/op
Iteration   1: 1513.124 ns/op
Iteration   2: 1450.149 ns/op
Iteration   3: 1499.834 ns/op
Iteration   4: 1421.435 ns/op
Iteration   5: 1493.033 ns/op


Result "numj.FusedBench.fused":
  1480.122 ±(99.9%) 70.848 ns/op [Average]
  (min, avg, max) = (1409.064, 1480.122, 1678.111), stdev = 66.272
  CI (99.9%): [1409.273, 1550.970] (assumes normal distribution)


# JMH version: 1.37
# VM version: JDK 25.0.4.1, OpenJDK 64-Bit Server VM, 25.0.4.1+1-LTS
# VM invoker: C:\Users\Hareram ray\AI\numJ\.tools\jdk\bin\java.exe
# VM options: --enable-native-access=ALL-UNNAMED --enable-native-access=ALL-UNNAMED -Xms2g -Xmx2g -XX:+AlwaysPreTouch
# Blackhole mode: compiler (auto-detected, use -Djmh.blackhole.autoDetect=false to disable)
# Warmup: 5 iterations, 200 ms each
# Measurement: 5 iterations, 200 ms each
# Timeout: 10 min per iteration
# Threads: 1 thread, will synchronize iterations
# Benchmark mode: Average time, time/op
# Benchmark: numj.FusedBench.fused
# Parameters: (layout = transposed, n = 100000)

# Run progress: 5.88% complete, ETA 00:09:19
# Fork: 1 of 3
WARNING: A terminally deprecated method in sun.misc.Unsafe has been called
WARNING: sun.misc.Unsafe::objectFieldOffset has been called by org.openjdk.jmh.util.Utils (file:/C:/Users/Hareram%20ray/AI/numJ/.tools/jmh/jmh-core-1.37.jar)
WARNING: Please consider reporting this to the maintainers of class org.openjdk.jmh.util.Utils
WARNING: sun.misc.Unsafe::objectFieldOffset will be removed in a future release
# Warmup Iteration   1: 452681.798 ns/op
# Warmup Iteration   2: 202323.814 ns/op
# Warmup Iteration   3: 206580.083 ns/op
# Warmup Iteration   4: 205750.915 ns/op
# Warmup Iteration   5: 238981.183 ns/op
Iteration   1: 264543.026 ns/op
Iteration   2: 314676.875 ns/op
Iteration   3: 1738684.615 ns/op
Iteration   4: 788034.630 ns/op
Iteration   5: 1566048.837 ns/op

# Run progress: 6.37% complete, ETA 00:09:14
# Fork: 2 of 3
WARNING: A terminally deprecated method in sun.misc.Unsafe has been called
WARNING: sun.misc.Unsafe::objectFieldOffset has been called by org.openjdk.jmh.util.Utils (file:/C:/Users/Hareram%20ray/AI/numJ/.tools/jmh/jmh-core-1.37.jar)
WARNING: Please consider reporting this to the maintainers of class org.openjdk.jmh.util.Utils
WARNING: sun.misc.Unsafe::objectFieldOffset will be removed in a future release
# Warmup Iteration   1: 217747500.000 ns/op
# Warmup Iteration   2: 279726.250 ns/op
# Warmup Iteration   3: 244157.439 ns/op
# Warmup Iteration   4: 310622.171 ns/op
# Warmup Iteration   5: 519295.866 ns/op
Iteration   1: 647224.516 ns/op
Iteration   2: 232290.162 ns/op
Iteration   3: 239605.609 ns/op
Iteration   4: 238338.214 ns/op
Iteration   5: 218285.281 ns/op

# Run progress: 6.86% complete, ETA 00:09:14
# Fork: 3 of 3
WARNING: A terminally deprecated method in sun.misc.Unsafe has been called
WARNING: sun.misc.Unsafe::objectFieldOffset has been called by org.openjdk.jmh.util.Utils (file:/C:/Users/Hareram%20ray/AI/numJ/.tools/jmh/jmh-core-1.37.jar)
WARNING: Please consider reporting this to the maintainers of class org.openjdk.jmh.util.Utils
WARNING: sun.misc.Unsafe::objectFieldOffset will be removed in a future release
# Warmup Iteration   1: 233068100.000 ns/op
# Warmup Iteration   2: 381359.245 ns/op
# Warmup Iteration   3: 311444.255 ns/op
# Warmup Iteration   4: 327261.526 ns/op
# Warmup Iteration   5: 317273.239 ns/op
Iteration   1: 788925.984 ns/op
Iteration   2: 289277.312 ns/op
Iteration   3: 205927.413 ns/op
Iteration   4: 314758.372 ns/op
Iteration   5: 717260.498 ns/op


Result "numj.FusedBench.fused":
  570925.423 ±(99.9%) 524738.810 ns/op [Average]
  (min, avg, max) = (205927.413, 570925.423, 1738684.615), stdev = 490841.008
  CI (99.9%): [46186.613, 1095664.233] (assumes normal distribution)


# JMH version: 1.37
# VM version: JDK 25.0.4.1, OpenJDK 64-Bit Server VM, 25.0.4.1+1-LTS
# VM invoker: C:\Users\Hareram ray\AI\numJ\.tools\jdk\bin\java.exe
# VM options: --enable-native-access=ALL-UNNAMED --enable-native-access=ALL-UNNAMED -Xms2g -Xmx2g -XX:+AlwaysPreTouch
# Blackhole mode: compiler (auto-detected, use -Djmh.blackhole.autoDetect=false to disable)
# Warmup: 5 iterations, 200 ms each
# Measurement: 5 iterations, 200 ms each
# Timeout: 10 min per iteration
# Threads: 1 thread, will synchronize iterations
# Benchmark mode: Average time, time/op
# Benchmark: numj.FusedBench.fused
# Parameters: (layout = transposed, n = 10000000)

# Run progress: 7.35% complete, ETA 00:09:14
# Fork: 1 of 3
WARNING: A terminally deprecated method in sun.misc.Unsafe has been called
WARNING: sun.misc.Unsafe::objectFieldOffset has been called by org.openjdk.jmh.util.Utils (file:/C:/Users/Hareram%20ray/AI/numJ/.tools/jmh/jmh-core-1.37.jar)
WARNING: Please consider reporting this to the maintainers of class org.openjdk.jmh.util.Utils
WARNING: sun.misc.Unsafe::objectFieldOffset will be removed in a future release
# Warmup Iteration   1: 487467900.000 ns/op
# Warmup Iteration   2: 562168000.000 ns/op
# Warmup Iteration   3: 681300600.000 ns/op
# Warmup Iteration   4: 406459400.000 ns/op
# Warmup Iteration   5: 497238100.000 ns/op
Iteration   1: 743274100.000 ns/op
Iteration   2: 678437600.000 ns/op
Iteration   3: 820059500.000 ns/op
Iteration   4: 552277600.000 ns/op
Iteration   5: 465415200.000 ns/op

# Run progress: 7.84% complete, ETA 00:09:56
# Fork: 2 of 3
WARNING: A terminally deprecated method in sun.misc.Unsafe has been called
WARNING: sun.misc.Unsafe::objectFieldOffset has been called by org.openjdk.jmh.util.Utils (file:/C:/Users/Hareram%20ray/AI/numJ/.tools/jmh/jmh-core-1.37.jar)
WARNING: Please consider reporting this to the maintainers of class org.openjdk.jmh.util.Utils
WARNING: sun.misc.Unsafe::objectFieldOffset will be removed in a future release
# Warmup Iteration   1: 443596800.000 ns/op
# Warmup Iteration   2: 310054700.000 ns/op
# Warmup Iteration   3: 326556600.000 ns/op
# Warmup Iteration   4: 291663100.000 ns/op
# Warmup Iteration   5: 346566500.000 ns/op
Iteration   1: 347026200.000 ns/op
Iteration   2: 279701900.000 ns/op
Iteration   3: 515361900.000 ns/op
Iteration   4: 518646500.000 ns/op
Iteration   5: 508031000.000 ns/op

# Run progress: 8.33% complete, ETA 00:10:09
# Fork: 3 of 3
WARNING: A terminally deprecated method in sun.misc.Unsafe has been called
WARNING: sun.misc.Unsafe::objectFieldOffset has been called by org.openjdk.jmh.util.Utils (file:/C:/Users/Hareram%20ray/AI/numJ/.tools/jmh/jmh-core-1.37.jar)
WARNING: Please consider reporting this to the maintainers of class org.openjdk.jmh.util.Utils
WARNING: sun.misc.Unsafe::objectFieldOffset will be removed in a future release
# Warmup Iteration   1: 468089900.000 ns/op
# Warmup Iteration   2: 301613600.000 ns/op
# Warmup Iteration   3: 284895600.000 ns/op
# Warmup Iteration   4: 290933100.000 ns/op
# Warmup Iteration   5: 270820200.000 ns/op
Iteration   1: 310251300.000 ns/op
Iteration   2: 341381600.000 ns/op
Iteration   3: 608406100.000 ns/op
Iteration   4: 578882000.000 ns/op
Iteration   5: 568139400.000 ns/op


Result "numj.FusedBench.fused":
  522352793.333 ±(99.9%) 168126984.383 ns/op [Average]
  (min, avg, max) = (279701900.000, 522352793.333, 820059500.000), stdev = 157266085.518
  CI (99.9%): [354225808.950, 690479777.716] (assumes normal distribution)


# JMH version: 1.37
# VM version: JDK 25.0.4.1, OpenJDK 64-Bit Server VM, 25.0.4.1+1-LTS
# VM invoker: C:\Users\Hareram ray\AI\numJ\.tools\jdk\bin\java.exe
# VM options: --enable-native-access=ALL-UNNAMED --enable-native-access=ALL-UNNAMED -Xms2g -Xmx2g -XX:+AlwaysPreTouch
# Blackhole mode: compiler (auto-detected, use -Djmh.blackhole.autoDetect=false to disable)
# Warmup: 5 iterations, 200 ms each
# Measurement: 5 iterations, 200 ms each
# Timeout: 10 min per iteration
# Threads: 1 thread, will synchronize iterations
# Benchmark mode: Average time, time/op
# Benchmark: numj.FusedBench.java
# Parameters: (layout = contig, n = 1000)

# Run progress: 8.82% complete, ETA 00:10:22
# Fork: 1 of 3
WARNING: A terminally deprecated method in sun.misc.Unsafe has been called
WARNING: sun.misc.Unsafe::objectFieldOffset has been called by org.openjdk.jmh.util.Utils (file:/C:/Users/Hareram%20ray/AI/numJ/.tools/jmh/jmh-core-1.37.jar)
WARNING: Please consider reporting this to the maintainers of class org.openjdk.jmh.util.Utils
WARNING: sun.misc.Unsafe::objectFieldOffset will be removed in a future release
# Warmup Iteration   1: 463.771 ns/op
# Warmup Iteration   2: 435.051 ns/op
# Warmup Iteration   3: 444.343 ns/op
# Warmup Iteration   4: 447.132 ns/op
# Warmup Iteration   5: 431.678 ns/op
Iteration   1: 439.898 ns/op
Iteration   2: 437.246 ns/op
Iteration   3: 434.884 ns/op
Iteration   4: 435.456 ns/op
Iteration   5: 436.021 ns/op

# Run progress: 9.31% complete, ETA 00:10:11
# Fork: 2 of 3
WARNING: A terminally deprecated method in sun.misc.Unsafe has been called
WARNING: sun.misc.Unsafe::objectFieldOffset has been called by org.openjdk.jmh.util.Utils (file:/C:/Users/Hareram%20ray/AI/numJ/.tools/jmh/jmh-core-1.37.jar)
WARNING: Please consider reporting this to the maintainers of class org.openjdk.jmh.util.Utils
WARNING: sun.misc.Unsafe::objectFieldOffset will be removed in a future release
# Warmup Iteration   1: 462.714 ns/op
# Warmup Iteration   2: 447.786 ns/op
# Warmup Iteration   3: 452.840 ns/op
# Warmup Iteration   4: 444.558 ns/op
# Warmup Iteration   5: 448.147 ns/op
Iteration   1: 449.113 ns/op
Iteration   2: 442.954 ns/op
Iteration   3: 435.867 ns/op
Iteration   4: 437.716 ns/op
Iteration   5: 437.977 ns/op

# Run progress: 9.80% complete, ETA 00:10:01
# Fork: 3 of 3
WARNING: A terminally deprecated method in sun.misc.Unsafe has been called
WARNING: sun.misc.Unsafe::objectFieldOffset has been called by org.openjdk.jmh.util.Utils (file:/C:/Users/Hareram%20ray/AI/numJ/.tools/jmh/jmh-core-1.37.jar)
WARNING: Please consider reporting this to the maintainers of class org.openjdk.jmh.util.Utils
WARNING: sun.misc.Unsafe::objectFieldOffset will be removed in a future release
# Warmup Iteration   1: 460.652 ns/op
# Warmup Iteration   2: 444.301 ns/op
# Warmup Iteration   3: 452.201 ns/op
# Warmup Iteration   4: 440.567 ns/op
# Warmup Iteration   5: 442.505 ns/op
Iteration   1: 454.462 ns/op
Iteration   2: 441.233 ns/op
Iteration   3: 458.125 ns/op
Iteration   4: 440.435 ns/op
Iteration   5: 437.033 ns/op


Result "numj.FusedBench.java":
  441.228 ±(99.9%) 7.634 ns/op [Average]
  (min, avg, max) = (434.884, 441.228, 458.125), stdev = 7.141
  CI (99.9%): [433.593, 448.862] (assumes normal distribution)


# JMH version: 1.37
# VM version: JDK 25.0.4.1, OpenJDK 64-Bit Server VM, 25.0.4.1+1-LTS
# VM invoker: C:\Users\Hareram ray\AI\numJ\.tools\jdk\bin\java.exe
# VM options: --enable-native-access=ALL-UNNAMED --enable-native-access=ALL-UNNAMED -Xms2g -Xmx2g -XX:+AlwaysPreTouch
# Blackhole mode: compiler (auto-detected, use -Djmh.blackhole.autoDetect=false to disable)
# Warmup: 5 iterations, 200 ms each
# Measurement: 5 iterations, 200 ms each
# Timeout: 10 min per iteration
# Threads: 1 thread, will synchronize iterations
# Benchmark mode: Average time, time/op
# Benchmark: numj.FusedBench.java
# Parameters: (layout = contig, n = 100000)

# Run progress: 10.29% complete, ETA 00:09:52
# Fork: 1 of 3
WARNING: A terminally deprecated method in sun.misc.Unsafe has been called
WARNING: sun.misc.Unsafe::objectFieldOffset has been called by org.openjdk.jmh.util.Utils (file:/C:/Users/Hareram%20ray/AI/numJ/.tools/jmh/jmh-core-1.37.jar)
WARNING: Please consider reporting this to the maintainers of class org.openjdk.jmh.util.Utils
WARNING: sun.misc.Unsafe::objectFieldOffset will be removed in a future release
# Warmup Iteration   1: 49899.950 ns/op
# Warmup Iteration   2: 46881.121 ns/op
# Warmup Iteration   3: 47821.848 ns/op
# Warmup Iteration   4: 48593.594 ns/op
# Warmup Iteration   5: 49011.558 ns/op
Iteration   1: 47839.857 ns/op
Iteration   2: 48314.564 ns/op
Iteration   3: 48635.198 ns/op
Iteration   4: 47959.962 ns/op
Iteration   5: 47423.860 ns/op

# Run progress: 10.78% complete, ETA 00:09:43
# Fork: 2 of 3
WARNING: A terminally deprecated method in sun.misc.Unsafe has been called
WARNING: sun.misc.Unsafe::objectFieldOffset has been called by org.openjdk.jmh.util.Utils (file:/C:/Users/Hareram%20ray/AI/numJ/.tools/jmh/jmh-core-1.37.jar)
WARNING: Please consider reporting this to the maintainers of class org.openjdk.jmh.util.Utils
WARNING: sun.misc.Unsafe::objectFieldOffset will be removed in a future release
# Warmup Iteration   1: 50300.725 ns/op
# Warmup Iteration   2: 48143.956 ns/op
# Warmup Iteration   3: 48790.742 ns/op
# Warmup Iteration   4: 49169.848 ns/op
# Warmup Iteration   5: 47295.135 ns/op
Iteration   1: 47179.251 ns/op
Iteration   2: 47788.354 ns/op
Iteration   3: 47007.124 ns/op
Iteration   4: 50975.975 ns/op
Iteration   5: 46877.819 ns/op

# Run progress: 11.27% complete, ETA 00:09:35
# Fork: 3 of 3
WARNING: A terminally deprecated method in sun.misc.Unsafe has been called
WARNING: sun.misc.Unsafe::objectFieldOffset has been called by org.openjdk.jmh.util.Utils (file:/C:/Users/Hareram%20ray/AI/numJ/.tools/jmh/jmh-core-1.37.jar)
WARNING: Please consider reporting this to the maintainers of class org.openjdk.jmh.util.Utils
WARNING: sun.misc.Unsafe::objectFieldOffset will be removed in a future release
# Warmup Iteration   1: 50188.792 ns/op
# Warmup Iteration   2: 47035.226 ns/op
# Warmup Iteration   3: 47548.123 ns/op
# Warmup Iteration   4: 45552.138 ns/op
# Warmup Iteration   5: 46123.277 ns/op
Iteration   1: 50610.256 ns/op
Iteration   2: 50763.767 ns/op
Iteration   3: 48662.425 ns/op
Iteration   4: 49515.049 ns/op
Iteration   5: 46669.702 ns/op


Result "numj.FusedBench.java":
  48414.878 ±(99.9%) 1540.111 ns/op [Average]
  (min, avg, max) = (46669.702, 48414.878, 50975.975), stdev = 1440.621
  CI (99.9%): [46874.767, 49954.988] (assumes normal distribution)


# JMH version: 1.37
# VM version: JDK 25.0.4.1, OpenJDK 64-Bit Server VM, 25.0.4.1+1-LTS
# VM invoker: C:\Users\Hareram ray\AI\numJ\.tools\jdk\bin\java.exe
# VM options: --enable-native-access=ALL-UNNAMED --enable-native-access=ALL-UNNAMED -Xms2g -Xmx2g -XX:+AlwaysPreTouch
# Blackhole mode: compiler (auto-detected, use -Djmh.blackhole.autoDetect=false to disable)
# Warmup: 5 iterations, 200 ms each
# Measurement: 5 iterations, 200 ms each
# Timeout: 10 min per iteration
# Threads: 1 thread, will synchronize iterations
# Benchmark mode: Average time, time/op
# Benchmark: numj.FusedBench.java
# Parameters: (layout = contig, n = 10000000)

# Run progress: 11.76% complete, ETA 00:09:27
# Fork: 1 of 3
WARNING: A terminally deprecated method in sun.misc.Unsafe has been called
WARNING: sun.misc.Unsafe::objectFieldOffset has been called by org.openjdk.jmh.util.Utils (file:/C:/Users/Hareram%20ray/AI/numJ/.tools/jmh/jmh-core-1.37.jar)
WARNING: Please consider reporting this to the maintainers of class org.openjdk.jmh.util.Utils
WARNING: sun.misc.Unsafe::objectFieldOffset will be removed in a future release
# Warmup Iteration   1: 14985750.000 ns/op
# Warmup Iteration   2: 14918271.429 ns/op
# Warmup Iteration   3: 15423471.429 ns/op
# Warmup Iteration   4: 14208680.000 ns/op
# Warmup Iteration   5: 14599264.286 ns/op
Iteration   1: 15219742.857 ns/op
Iteration   2: 15332450.000 ns/op
Iteration   3: 15364185.714 ns/op
Iteration   4: 17183275.000 ns/op
Iteration   5: 15956553.846 ns/op

# Run progress: 12.25% complete, ETA 00:09:21
# Fork: 2 of 3
WARNING: A terminally deprecated method in sun.misc.Unsafe has been called
WARNING: sun.misc.Unsafe::objectFieldOffset has been called by org.openjdk.jmh.util.Utils (file:/C:/Users/Hareram%20ray/AI/numJ/.tools/jmh/jmh-core-1.37.jar)
WARNING: Please consider reporting this to the maintainers of class org.openjdk.jmh.util.Utils
WARNING: sun.misc.Unsafe::objectFieldOffset will be removed in a future release
# Warmup Iteration   1: 15496000.000 ns/op
# Warmup Iteration   2: 14583771.429 ns/op
# Warmup Iteration   3: 16356623.077 ns/op
# Warmup Iteration   4: 14876085.714 ns/op
# Warmup Iteration   5: 14988200.000 ns/op
Iteration   1: 14830021.429 ns/op
Iteration   2: 14423785.714 ns/op
Iteration   3: 15767592.308 ns/op
Iteration   4: 14703371.429 ns/op
Iteration   5: 14587557.143 ns/op

# Run progress: 12.75% complete, ETA 00:09:16
# Fork: 3 of 3
WARNING: A terminally deprecated method in sun.misc.Unsafe has been called
WARNING: sun.misc.Unsafe::objectFieldOffset has been called by org.openjdk.jmh.util.Utils (file:/C:/Users/Hareram%20ray/AI/numJ/.tools/jmh/jmh-core-1.37.jar)
WARNING: Please consider reporting this to the maintainers of class org.openjdk.jmh.util.Utils
WARNING: sun.misc.Unsafe::objectFieldOffset will be removed in a future release
# Warmup Iteration   1: 14495185.714 ns/op
# Warmup Iteration   2: 15197292.857 ns/op
# Warmup Iteration   3: 15130978.571 ns/op
# Warmup Iteration   4: 13954440.000 ns/op
# Warmup Iteration   5: 13820726.667 ns/op
Iteration   1: 14786371.429 ns/op
Iteration   2: 16741138.462 ns/op
Iteration   3: 15452861.538 ns/op
Iteration   4: 14069700.000 ns/op
Iteration   5: 16710633.333 ns/op


Result "numj.FusedBench.java":
  15408616.013 ±(99.9%) 979428.608 ns/op [Average]
  (min, avg, max) = (14069700.000, 15408616.013, 17183275.000), stdev = 916158.128
  CI (99.9%): [14429187.405, 16388044.622] (assumes normal distribution)


# JMH version: 1.37
# VM version: JDK 25.0.4.1, OpenJDK 64-Bit Server VM, 25.0.4.1+1-LTS
# VM invoker: C:\Users\Hareram ray\AI\numJ\.tools\jdk\bin\java.exe
# VM options: --enable-native-access=ALL-UNNAMED --enable-native-access=ALL-UNNAMED -Xms2g -Xmx2g -XX:+AlwaysPreTouch
# Blackhole mode: compiler (auto-detected, use -Djmh.blackhole.autoDetect=false to disable)
# Warmup: 5 iterations, 200 ms each
# Measurement: 5 iterations, 200 ms each
# Timeout: 10 min per iteration
# Threads: 1 thread, will synchronize iterations
# Benchmark mode: Average time, time/op
# Benchmark: numj.FusedBench.java
# Parameters: (layout = transposed, n = 1000)

# Run progress: 13.24% complete, ETA 00:09:11
# Fork: 1 of 3
WARNING: A terminally deprecated method in sun.misc.Unsafe has been called
WARNING: sun.misc.Unsafe::objectFieldOffset has been called by org.openjdk.jmh.util.Utils (file:/C:/Users/Hareram%20ray/AI/numJ/.tools/jmh/jmh-core-1.37.jar)
WARNING: Please consider reporting this to the maintainers of class org.openjdk.jmh.util.Utils
WARNING: sun.misc.Unsafe::objectFieldOffset will be removed in a future release
# Warmup Iteration   1: 480.697 ns/op
# Warmup Iteration   2: 437.915 ns/op
# Warmup Iteration   3: 463.415 ns/op
# Warmup Iteration   4: 449.214 ns/op
# Warmup Iteration   5: 440.948 ns/op
Iteration   1: 434.581 ns/op
Iteration   2: 436.010 ns/op
Iteration   3: 439.066 ns/op
Iteration   4: 434.882 ns/op
Iteration   5: 456.143 ns/op

# Run progress: 13.73% complete, ETA 00:09:04
# Fork: 2 of 3
WARNING: A terminally deprecated method in sun.misc.Unsafe has been called
WARNING: sun.misc.Unsafe::objectFieldOffset has been called by org.openjdk.jmh.util.Utils (file:/C:/Users/Hareram%20ray/AI/numJ/.tools/jmh/jmh-core-1.37.jar)
WARNING: Please consider reporting this to the maintainers of class org.openjdk.jmh.util.Utils
WARNING: sun.misc.Unsafe::objectFieldOffset will be removed in a future release
# Warmup Iteration   1: 460.384 ns/op
# Warmup Iteration   2: 439.856 ns/op
# Warmup Iteration   3: 437.734 ns/op
# Warmup Iteration   4: 435.636 ns/op
# Warmup Iteration   5: 455.828 ns/op
Iteration   1: 442.964 ns/op
Iteration   2: 434.246 ns/op
Iteration   3: 445.196 ns/op
Iteration   4: 445.080 ns/op
Iteration   5: 442.306 ns/op

# Run progress: 14.22% complete, ETA 00:08:58
# Fork: 3 of 3
WARNING: A terminally deprecated method in sun.misc.Unsafe has been called
WARNING: sun.misc.Unsafe::objectFieldOffset has been called by org.openjdk.jmh.util.Utils (file:/C:/Users/Hareram%20ray/AI/numJ/.tools/jmh/jmh-core-1.37.jar)
WARNING: Please consider reporting this to the maintainers of class org.openjdk.jmh.util.Utils
WARNING: sun.misc.Unsafe::objectFieldOffset will be removed in a future release
# Warmup Iteration   1: 458.894 ns/op
# Warmup Iteration   2: 480.636 ns/op
# Warmup Iteration   3: 440.360 ns/op
# Warmup Iteration   4: 441.345 ns/op
# Warmup Iteration   5: 440.983 ns/op
Iteration   1: 438.968 ns/op
Iteration   2: 449.533 ns/op
Iteration   3: 478.813 ns/op
Iteration   4: 461.814 ns/op
Iteration   5: 459.369 ns/op


Result "numj.FusedBench.java":
  446.598 ±(99.9%) 13.491 ns/op [Average]
  (min, avg, max) = (434.246, 446.598, 478.813), stdev = 12.619
  CI (99.9%): [433.107, 460.089] (assumes normal distribution)


# JMH version: 1.37
# VM version: JDK 25.0.4.1, OpenJDK 64-Bit Server VM, 25.0.4.1+1-LTS
# VM invoker: C:\Users\Hareram ray\AI\numJ\.tools\jdk\bin\java.exe
# VM options: --enable-native-access=ALL-UNNAMED --enable-native-access=ALL-UNNAMED -Xms2g -Xmx2g -XX:+AlwaysPreTouch
# Blackhole mode: compiler (auto-detected, use -Djmh.blackhole.autoDetect=false to disable)
# Warmup: 5 iterations, 200 ms each
# Measurement: 5 iterations, 200 ms each
# Timeout: 10 min per iteration
# Threads: 1 thread, will synchronize iterations
# Benchmark mode: Average time, time/op
# Benchmark: numj.FusedBench.java
# Parameters: (layout = transposed, n = 100000)

# Run progress: 14.71% complete, ETA 00:08:52
# Fork: 1 of 3
WARNING: A terminally deprecated method in sun.misc.Unsafe has been called
WARNING: sun.misc.Unsafe::objectFieldOffset has been called by org.openjdk.jmh.util.Utils (file:/C:/Users/Hareram%20ray/AI/numJ/.tools/jmh/jmh-core-1.37.jar)
WARNING: Please consider reporting this to the maintainers of class org.openjdk.jmh.util.Utils
WARNING: sun.misc.Unsafe::objectFieldOffset will be removed in a future release
# Warmup Iteration   1: 52461.998 ns/op
# Warmup Iteration   2: 115373.360 ns/op
# Warmup Iteration   3: 92385.485 ns/op
# Warmup Iteration   4: 67206.569 ns/op
# Warmup Iteration   5: 53772.891 ns/op
Iteration   1: 47974.934 ns/op
Iteration   2: 79145.720 ns/op
Iteration   3: 86872.782 ns/op
Iteration   4: 75216.698 ns/op
Iteration   5: 86393.943 ns/op

# Run progress: 15.20% complete, ETA 00:08:47
# Fork: 2 of 3
WARNING: A terminally deprecated method in sun.misc.Unsafe has been called
WARNING: sun.misc.Unsafe::objectFieldOffset has been called by org.openjdk.jmh.util.Utils (file:/C:/Users/Hareram%20ray/AI/numJ/.tools/jmh/jmh-core-1.37.jar)
WARNING: Please consider reporting this to the maintainers of class org.openjdk.jmh.util.Utils
WARNING: sun.misc.Unsafe::objectFieldOffset will be removed in a future release
# Warmup Iteration   1: 51187.329 ns/op
# Warmup Iteration   2: 50713.956 ns/op
# Warmup Iteration   3: 51887.322 ns/op
# Warmup Iteration   4: 62764.715 ns/op
# Warmup Iteration   5: 48008.967 ns/op
Iteration   1: 47982.629 ns/op
Iteration   2: 52540.330 ns/op
Iteration   3: 51798.606 ns/op
Iteration   4: 50868.497 ns/op
Iteration   5: 50622.236 ns/op

# Run progress: 15.69% complete, ETA 00:08:41
# Fork: 3 of 3
WARNING: A terminally deprecated method in sun.misc.Unsafe has been called
WARNING: sun.misc.Unsafe::objectFieldOffset has been called by org.openjdk.jmh.util.Utils (file:/C:/Users/Hareram%20ray/AI/numJ/.tools/jmh/jmh-core-1.37.jar)
WARNING: Please consider reporting this to the maintainers of class org.openjdk.jmh.util.Utils
WARNING: sun.misc.Unsafe::objectFieldOffset will be removed in a future release
# Warmup Iteration   1: 55820.233 ns/op
# Warmup Iteration   2: 51534.322 ns/op
# Warmup Iteration   3: 50548.993 ns/op
# Warmup Iteration   4: 51490.514 ns/op
# Warmup Iteration   5: 50095.423 ns/op
Iteration   1: 52002.071 ns/op
Iteration   2: 50382.965 ns/op
Iteration   3: 50749.233 ns/op
Iteration   4: 51827.911 ns/op
Iteration   5: 49127.155 ns/op


Result "numj.FusedBench.java":
  58900.381 ±(99.9%) 15673.017 ns/op [Average]
  (min, avg, max) = (47974.934, 58900.381, 86872.782), stdev = 14660.550
  CI (99.9%): [43227.363, 74573.398] (assumes normal distribution)


# JMH version: 1.37
# VM version: JDK 25.0.4.1, OpenJDK 64-Bit Server VM, 25.0.4.1+1-LTS
# VM invoker: C:\Users\Hareram ray\AI\numJ\.tools\jdk\bin\java.exe
# VM options: --enable-native-access=ALL-UNNAMED --enable-native-access=ALL-UNNAMED -Xms2g -Xmx2g -XX:+AlwaysPreTouch
# Blackhole mode: compiler (auto-detected, use -Djmh.blackhole.autoDetect=false to disable)
# Warmup: 5 iterations, 200 ms each
# Measurement: 5 iterations, 200 ms each
# Timeout: 10 min per iteration
# Threads: 1 thread, will synchronize iterations
# Benchmark mode: Average time, time/op
# Benchmark: numj.FusedBench.java
# Parameters: (layout = transposed, n = 10000000)

# Run progress: 16.18% complete, ETA 00:08:36
# Fork: 1 of 3
WARNING: A terminally deprecated method in sun.misc.Unsafe has been called
WARNING: sun.misc.Unsafe::objectFieldOffset has been called by org.openjdk.jmh.util.Utils (file:/C:/Users/Hareram%20ray/AI/numJ/.tools/jmh/jmh-core-1.37.jar)
WARNING: Please consider reporting this to the maintainers of class org.openjdk.jmh.util.Utils
WARNING: sun.misc.Unsafe::objectFieldOffset will be removed in a future release
# Warmup Iteration   1: 15804123.077 ns/op
# Warmup Iteration   2: 55622350.000 ns/op
# Warmup Iteration   3: 46364600.000 ns/op
# Warmup Iteration   4: 45105920.000 ns/op
# Warmup Iteration   5: 16534192.308 ns/op
Iteration   1: 15660100.000 ns/op
Iteration   2: 18336666.667 ns/op
Iteration   3: 16481438.462 ns/op
Iteration   4: 19051245.455 ns/op
Iteration   5: 16003023.077 ns/op

# Run progress: 16.67% complete, ETA 00:08:32
# Fork: 2 of 3
WARNING: A terminally deprecated method in sun.misc.Unsafe has been called
WARNING: sun.misc.Unsafe::objectFieldOffset has been called by org.openjdk.jmh.util.Utils (file:/C:/Users/Hareram%20ray/AI/numJ/.tools/jmh/jmh-core-1.37.jar)
WARNING: Please consider reporting this to the maintainers of class org.openjdk.jmh.util.Utils
WARNING: sun.misc.Unsafe::objectFieldOffset will be removed in a future release
# Warmup Iteration   1: 18000816.667 ns/op
# Warmup Iteration   2: 16401276.923 ns/op
# Warmup Iteration   3: 20707790.000 ns/op
# Warmup Iteration   4: 16283761.538 ns/op
# Warmup Iteration   5: 16195292.308 ns/op
Iteration   1: 16255253.846 ns/op
Iteration   2: 16419153.846 ns/op
Iteration   3: 14481985.714 ns/op
Iteration   4: 14608000.000 ns/op
Iteration   5: 26769611.111 ns/op

# Run progress: 17.16% complete, ETA 00:08:30
# Fork: 3 of 3
WARNING: A terminally deprecated method in sun.misc.Unsafe has been called
WARNING: sun.misc.Unsafe::objectFieldOffset has been called by org.openjdk.jmh.util.Utils (file:/C:/Users/Hareram%20ray/AI/numJ/.tools/jmh/jmh-core-1.37.jar)
WARNING: Please consider reporting this to the maintainers of class org.openjdk.jmh.util.Utils
WARNING: sun.misc.Unsafe::objectFieldOffset will be removed in a future release
# Warmup Iteration   1: 19252072.727 ns/op
# Warmup Iteration   2: 48943740.000 ns/op
# Warmup Iteration   3: 43942480.000 ns/op
# Warmup Iteration   4: 25779425.000 ns/op
# Warmup Iteration   5: 15095907.143 ns/op
Iteration   1: 15124828.571 ns/op
Iteration   2: 15291407.143 ns/op
Iteration   3: 25569612.500 ns/op
Iteration   4: 46173060.000 ns/op
Iteration   5: 63804625.000 ns/op


Result "numj.FusedBench.java":
  22668667.426 ±(99.9%) 15002421.855 ns/op [Average]
  (min, avg, max) = (14481985.714, 22668667.426, 63804625.000), stdev = 14033274.713
  CI (99.9%): [7666245.571, 37671089.281] (assumes normal distribution)


# JMH version: 1.37
# VM version: JDK 25.0.4.1, OpenJDK 64-Bit Server VM, 25.0.4.1+1-LTS
# VM invoker: C:\Users\Hareram ray\AI\numJ\.tools\jdk\bin\java.exe
# VM options: --enable-native-access=ALL-UNNAMED --enable-native-access=ALL-UNNAMED -Xms2g -Xmx2g -XX:+AlwaysPreTouch
# Blackhole mode: compiler (auto-detected, use -Djmh.blackhole.autoDetect=false to disable)
# Warmup: 5 iterations, 200 ms each
# Measurement: 5 iterations, 200 ms each
# Timeout: 10 min per iteration
# Threads: 1 thread, will synchronize iterations
# Benchmark mode: Average time, time/op
# Benchmark: numj.FusedBench.unfusedAlloc
# Parameters: (layout = contig, n = 1000)

# Run progress: 17.65% complete, ETA 00:08:28
# Fork: 1 of 3
WARNING: A terminally deprecated method in sun.misc.Unsafe has been called
WARNING: sun.misc.Unsafe::objectFieldOffset has been called by org.openjdk.jmh.util.Utils (file:/C:/Users/Hareram%20ray/AI/numJ/.tools/jmh/jmh-core-1.37.jar)
WARNING: Please consider reporting this to the maintainers of class org.openjdk.jmh.util.Utils
WARNING: sun.misc.Unsafe::objectFieldOffset will be removed in a future release
# Warmup Iteration   1: 7720.588 ns/op
# Warmup Iteration   2: 740.245 ns/op
# Warmup Iteration   3: 728.124 ns/op
# Warmup Iteration   4: 718.949 ns/op
# Warmup Iteration   5: 728.957 ns/op
Iteration   1: 787.919 ns/op
Iteration   2: 781.325 ns/op
Iteration   3: 741.642 ns/op
Iteration   4: 729.841 ns/op
Iteration   5: 768.247 ns/op

# Run progress: 18.14% complete, ETA 00:08:24
# Fork: 2 of 3
WARNING: A terminally deprecated method in sun.misc.Unsafe has been called
WARNING: sun.misc.Unsafe::objectFieldOffset has been called by org.openjdk.jmh.util.Utils (file:/C:/Users/Hareram%20ray/AI/numJ/.tools/jmh/jmh-core-1.37.jar)
WARNING: Please consider reporting this to the maintainers of class org.openjdk.jmh.util.Utils
WARNING: sun.misc.Unsafe::objectFieldOffset will be removed in a future release
# Warmup Iteration   1: 3515.989 ns/op
# Warmup Iteration   2: 724.838 ns/op
# Warmup Iteration   3: 721.303 ns/op
# Warmup Iteration   4: 685.162 ns/op
# Warmup Iteration   5: 707.346 ns/op
Iteration   1: 714.775 ns/op
Iteration   2: 739.771 ns/op
Iteration   3: 744.769 ns/op
Iteration   4: 718.428 ns/op
Iteration   5: 713.434 ns/op

# Run progress: 18.63% complete, ETA 00:08:19
# Fork: 3 of 3
WARNING: A terminally deprecated method in sun.misc.Unsafe has been called
WARNING: sun.misc.Unsafe::objectFieldOffset has been called by org.openjdk.jmh.util.Utils (file:/C:/Users/Hareram%20ray/AI/numJ/.tools/jmh/jmh-core-1.37.jar)
WARNING: Please consider reporting this to the maintainers of class org.openjdk.jmh.util.Utils
WARNING: sun.misc.Unsafe::objectFieldOffset will be removed in a future release
# Warmup Iteration   1: 8346.796 ns/op
# Warmup Iteration   2: 709.777 ns/op
# Warmup Iteration   3: 700.410 ns/op
# Warmup Iteration   4: 737.096 ns/op
# Warmup Iteration   5: 730.504 ns/op
Iteration   1: 734.216 ns/op
Iteration   2: 696.214 ns/op
Iteration   3: 716.411 ns/op
Iteration   4: 697.749 ns/op
Iteration   5: 721.736 ns/op


Result "numj.FusedBench.unfusedAlloc":
  733.765 ±(99.9%) 29.666 ns/op [Average]
  (min, avg, max) = (696.214, 733.765, 787.919), stdev = 27.750
  CI (99.9%): [704.099, 763.431] (assumes normal distribution)


# JMH version: 1.37
# VM version: JDK 25.0.4.1, OpenJDK 64-Bit Server VM, 25.0.4.1+1-LTS
# VM invoker: C:\Users\Hareram ray\AI\numJ\.tools\jdk\bin\java.exe
# VM options: --enable-native-access=ALL-UNNAMED --enable-native-access=ALL-UNNAMED -Xms2g -Xmx2g -XX:+AlwaysPreTouch
# Blackhole mode: compiler (auto-detected, use -Djmh.blackhole.autoDetect=false to disable)
# Warmup: 5 iterations, 200 ms each
# Measurement: 5 iterations, 200 ms each
# Timeout: 10 min per iteration
# Threads: 1 thread, will synchronize iterations
# Benchmark mode: Average time, time/op
# Benchmark: numj.FusedBench.unfusedAlloc
# Parameters: (layout = contig, n = 100000)

# Run progress: 19.12% complete, ETA 00:08:14
# Fork: 1 of 3
WARNING: A terminally deprecated method in sun.misc.Unsafe has been called
WARNING: sun.misc.Unsafe::objectFieldOffset has been called by org.openjdk.jmh.util.Utils (file:/C:/Users/Hareram%20ray/AI/numJ/.tools/jmh/jmh-core-1.37.jar)
WARNING: Please consider reporting this to the maintainers of class org.openjdk.jmh.util.Utils
WARNING: sun.misc.Unsafe::objectFieldOffset will be removed in a future release
# Warmup Iteration   1: 758503.745 ns/op
# Warmup Iteration   2: 468985.981 ns/op
# Warmup Iteration   3: 375647.212 ns/op
# Warmup Iteration   4: 261225.391 ns/op
# Warmup Iteration   5: 204407.194 ns/op
Iteration   1: 173898.443 ns/op
Iteration   2: 170815.059 ns/op
Iteration   3: 179582.152 ns/op
Iteration   4: 170641.886 ns/op
Iteration   5: 113367.341 ns/op

# Run progress: 19.61% complete, ETA 00:08:09
# Fork: 2 of 3
WARNING: A terminally deprecated method in sun.misc.Unsafe has been called
WARNING: sun.misc.Unsafe::objectFieldOffset has been called by org.openjdk.jmh.util.Utils (file:/C:/Users/Hareram%20ray/AI/numJ/.tools/jmh/jmh-core-1.37.jar)
WARNING: Please consider reporting this to the maintainers of class org.openjdk.jmh.util.Utils
WARNING: sun.misc.Unsafe::objectFieldOffset will be removed in a future release
# Warmup Iteration   1: 412844.764 ns/op
# Warmup Iteration   2: 138128.796 ns/op
# Warmup Iteration   3: 123292.459 ns/op
# Warmup Iteration   4: 120163.085 ns/op
# Warmup Iteration   5: 131656.741 ns/op
Iteration   1: 117865.630 ns/op
Iteration   2: 123575.153 ns/op
Iteration   3: 124208.631 ns/op
Iteration   4: 115926.182 ns/op
Iteration   5: 127509.442 ns/op

# Run progress: 20.10% complete, ETA 00:08:04
# Fork: 3 of 3
WARNING: A terminally deprecated method in sun.misc.Unsafe has been called
WARNING: sun.misc.Unsafe::objectFieldOffset has been called by org.openjdk.jmh.util.Utils (file:/C:/Users/Hareram%20ray/AI/numJ/.tools/jmh/jmh-core-1.37.jar)
WARNING: Please consider reporting this to the maintainers of class org.openjdk.jmh.util.Utils
WARNING: sun.misc.Unsafe::objectFieldOffset will be removed in a future release
# Warmup Iteration   1: 379295.857 ns/op
# Warmup Iteration   2: 145130.769 ns/op
# Warmup Iteration   3: 119640.752 ns/op
# Warmup Iteration   4: 117832.707 ns/op
# Warmup Iteration   5: 122348.485 ns/op
Iteration   1: 114013.598 ns/op
Iteration   2: 125311.290 ns/op
Iteration   3: 117738.768 ns/op
Iteration   4: 117521.668 ns/op
Iteration   5: 114142.445 ns/op


Result "numj.FusedBench.unfusedAlloc":
  133741.179 ±(99.9%) 27152.560 ns/op [Average]
  (min, avg, max) = (113367.341, 133741.179, 179582.152), stdev = 25398.522
  CI (99.9%): [106588.619, 160893.739] (assumes normal distribution)


# JMH version: 1.37
# VM version: JDK 25.0.4.1, OpenJDK 64-Bit Server VM, 25.0.4.1+1-LTS
# VM invoker: C:\Users\Hareram ray\AI\numJ\.tools\jdk\bin\java.exe
# VM options: --enable-native-access=ALL-UNNAMED --enable-native-access=ALL-UNNAMED -Xms2g -Xmx2g -XX:+AlwaysPreTouch
# Blackhole mode: compiler (auto-detected, use -Djmh.blackhole.autoDetect=false to disable)
# Warmup: 5 iterations, 200 ms each
# Measurement: 5 iterations, 200 ms each
# Timeout: 10 min per iteration
# Threads: 1 thread, will synchronize iterations
# Benchmark mode: Average time, time/op
# Benchmark: numj.FusedBench.unfusedAlloc
# Parameters: (layout = contig, n = 10000000)

# Run progress: 20.59% complete, ETA 00:08:00
# Fork: 1 of 3
WARNING: A terminally deprecated method in sun.misc.Unsafe has been called
WARNING: sun.misc.Unsafe::objectFieldOffset has been called by org.openjdk.jmh.util.Utils (file:/C:/Users/Hareram%20ray/AI/numJ/.tools/jmh/jmh-core-1.37.jar)
WARNING: Please consider reporting this to the maintainers of class org.openjdk.jmh.util.Utils
WARNING: sun.misc.Unsafe::objectFieldOffset will be removed in a future release
# Warmup Iteration   1: 206911600.000 ns/op
# Warmup Iteration   2: 114218200.000 ns/op
# Warmup Iteration   3: 118465350.000 ns/op
# Warmup Iteration   4: 111416750.000 ns/op
# Warmup Iteration   5: 104756900.000 ns/op
Iteration   1: 96975833.333 ns/op
Iteration   2: 99663666.667 ns/op
Iteration   3: 95589633.333 ns/op
Iteration   4: 95549533.333 ns/op
Iteration   5: 105178100.000 ns/op

# Run progress: 21.08% complete, ETA 00:07:58
# Fork: 2 of 3
WARNING: A terminally deprecated method in sun.misc.Unsafe has been called
WARNING: sun.misc.Unsafe::objectFieldOffset has been called by org.openjdk.jmh.util.Utils (file:/C:/Users/Hareram%20ray/AI/numJ/.tools/jmh/jmh-core-1.37.jar)
WARNING: Please consider reporting this to the maintainers of class org.openjdk.jmh.util.Utils
WARNING: sun.misc.Unsafe::objectFieldOffset will be removed in a future release
# Warmup Iteration   1: 149406050.000 ns/op
# Warmup Iteration   2: 113200800.000 ns/op
# Warmup Iteration   3: 109558600.000 ns/op
# Warmup Iteration   4: 105460650.000 ns/op
# Warmup Iteration   5: 119009950.000 ns/op
Iteration   1: 134000300.000 ns/op
Iteration   2: 115778200.000 ns/op
Iteration   3: 178163200.000 ns/op
Iteration   4: 224002000.000 ns/op
Iteration   5: 157644300.000 ns/op

# Run progress: 21.57% complete, ETA 00:07:56
# Fork: 3 of 3
WARNING: A terminally deprecated method in sun.misc.Unsafe has been called
WARNING: sun.misc.Unsafe::objectFieldOffset has been called by org.openjdk.jmh.util.Utils (file:/C:/Users/Hareram%20ray/AI/numJ/.tools/jmh/jmh-core-1.37.jar)
WARNING: Please consider reporting this to the maintainers of class org.openjdk.jmh.util.Utils
WARNING: sun.misc.Unsafe::objectFieldOffset will be removed in a future release
# Warmup Iteration   1: 230203600.000 ns/op
# Warmup Iteration   2: 132984350.000 ns/op
# Warmup Iteration   3: 161478550.000 ns/op
# Warmup Iteration   4: 157428950.000 ns/op
# Warmup Iteration   5: 325834900.000 ns/op
Iteration   1: 329432100.000 ns/op
Iteration   2: 243789600.000 ns/op
Iteration   3: 159141550.000 ns/op
Iteration   4: 161618150.000 ns/op
Iteration   5: 251610600.000 ns/op


Result "numj.FusedBench.unfusedAlloc":
  163209117.778 ±(99.9%) 75568670.749 ns/op [Average]
  (min, avg, max) = (95549533.333, 163209117.778, 329432100.000), stdev = 70686981.510
  CI (99.9%): [87640447.029, 238777788.526] (assumes normal distribution)


# JMH version: 1.37
# VM version: JDK 25.0.4.1, OpenJDK 64-Bit Server VM, 25.0.4.1+1-LTS
# VM invoker: C:\Users\Hareram ray\AI\numJ\.tools\jdk\bin\java.exe
# VM options: --enable-native-access=ALL-UNNAMED --enable-native-access=ALL-UNNAMED -Xms2g -Xmx2g -XX:+AlwaysPreTouch
# Blackhole mode: compiler (auto-detected, use -Djmh.blackhole.autoDetect=false to disable)
# Warmup: 5 iterations, 200 ms each
# Measurement: 5 iterations, 200 ms each
# Timeout: 10 min per iteration
# Threads: 1 thread, will synchronize iterations
# Benchmark mode: Average time, time/op
# Benchmark: numj.FusedBench.unfusedAlloc
# Parameters: (layout = transposed, n = 1000)

# Run progress: 22.06% complete, ETA 00:07:58
# Fork: 1 of 3
WARNING: A terminally deprecated method in sun.misc.Unsafe has been called
WARNING: sun.misc.Unsafe::objectFieldOffset has been called by org.openjdk.jmh.util.Utils (file:/C:/Users/Hareram%20ray/AI/numJ/.tools/jmh/jmh-core-1.37.jar)
WARNING: Please consider reporting this to the maintainers of class org.openjdk.jmh.util.Utils
WARNING: sun.misc.Unsafe::objectFieldOffset will be removed in a future release
# Warmup Iteration   1: 18665.656 ns/op
# Warmup Iteration   2: 2614.073 ns/op
# Warmup Iteration   3: 3119.774 ns/op
# Warmup Iteration   4: 6180.196 ns/op
# Warmup Iteration   5: 5993.748 ns/op
Iteration   1: 8310.911 ns/op
Iteration   2: 3309.750 ns/op
Iteration   3: 2396.651 ns/op
Iteration   4: 2198.457 ns/op
Iteration   5: 2199.041 ns/op

# Run progress: 22.55% complete, ETA 00:07:54
# Fork: 2 of 3
WARNING: A terminally deprecated method in sun.misc.Unsafe has been called
WARNING: sun.misc.Unsafe::objectFieldOffset has been called by org.openjdk.jmh.util.Utils (file:/C:/Users/Hareram%20ray/AI/numJ/.tools/jmh/jmh-core-1.37.jar)
WARNING: Please consider reporting this to the maintainers of class org.openjdk.jmh.util.Utils
WARNING: sun.misc.Unsafe::objectFieldOffset will be removed in a future release
# Warmup Iteration   1: 16034.332 ns/op
# Warmup Iteration   2: 2584.999 ns/op
# Warmup Iteration   3: 2211.486 ns/op
# Warmup Iteration   4: 2272.820 ns/op
# Warmup Iteration   5: 2477.460 ns/op
Iteration   1: 4522.380 ns/op
Iteration   2: 5194.981 ns/op
Iteration   3: 4155.095 ns/op
Iteration   4: 2769.373 ns/op
Iteration   5: 2293.353 ns/op

# Run progress: 23.04% complete, ETA 00:07:49
# Fork: 3 of 3
WARNING: A terminally deprecated method in sun.misc.Unsafe has been called
WARNING: sun.misc.Unsafe::objectFieldOffset has been called by org.openjdk.jmh.util.Utils (file:/C:/Users/Hareram%20ray/AI/numJ/.tools/jmh/jmh-core-1.37.jar)
WARNING: Please consider reporting this to the maintainers of class org.openjdk.jmh.util.Utils
WARNING: sun.misc.Unsafe::objectFieldOffset will be removed in a future release
# Warmup Iteration   1: 15359.042 ns/op
# Warmup Iteration   2: 2573.543 ns/op
# Warmup Iteration   3: 2189.615 ns/op
# Warmup Iteration   4: 2357.386 ns/op
# Warmup Iteration   5: 2213.978 ns/op
Iteration   1: 2228.525 ns/op
Iteration   2: 2187.140 ns/op
Iteration   3: 2274.883 ns/op
Iteration   4: 2186.744 ns/op
Iteration   5: 2144.282 ns/op


Result "numj.FusedBench.unfusedAlloc":
  3224.771 ±(99.9%) 1838.164 ns/op [Average]
  (min, avg, max) = (2144.282, 3224.771, 8310.911), stdev = 1719.419
  CI (99.9%): [1386.607, 5062.935] (assumes normal distribution)


# JMH version: 1.37
# VM version: JDK 25.0.4.1, OpenJDK 64-Bit Server VM, 25.0.4.1+1-LTS
# VM invoker: C:\Users\Hareram ray\AI\numJ\.tools\jdk\bin\java.exe
# VM options: --enable-native-access=ALL-UNNAMED --enable-native-access=ALL-UNNAMED -Xms2g -Xmx2g -XX:+AlwaysPreTouch
# Blackhole mode: compiler (auto-detected, use -Djmh.blackhole.autoDetect=false to disable)
# Warmup: 5 iterations, 200 ms each
# Measurement: 5 iterations, 200 ms each
# Timeout: 10 min per iteration
# Threads: 1 thread, will synchronize iterations
# Benchmark mode: Average time, time/op
# Benchmark: numj.FusedBench.unfusedAlloc
# Parameters: (layout = transposed, n = 100000)

# Run progress: 23.53% complete, ETA 00:07:45
# Fork: 1 of 3
WARNING: A terminally deprecated method in sun.misc.Unsafe has been called
WARNING: sun.misc.Unsafe::objectFieldOffset has been called by org.openjdk.jmh.util.Utils (file:/C:/Users/Hareram%20ray/AI/numJ/.tools/jmh/jmh-core-1.37.jar)
WARNING: Please consider reporting this to the maintainers of class org.openjdk.jmh.util.Utils
WARNING: sun.misc.Unsafe::objectFieldOffset will be removed in a future release
# Warmup Iteration   1: 1269715.094 ns/op
# Warmup Iteration   2: 507365.404 ns/op
# Warmup Iteration   3: 424012.447 ns/op
# Warmup Iteration   4: 406342.424 ns/op
# Warmup Iteration   5: 318674.051 ns/op
Iteration   1: 246641.451 ns/op
Iteration   2: 229116.893 ns/op
Iteration   3: 231175.286 ns/op
Iteration   4: 237311.412 ns/op
Iteration   5: 226202.354 ns/op

# Run progress: 24.02% complete, ETA 00:07:41
# Fork: 2 of 3
WARNING: A terminally deprecated method in sun.misc.Unsafe has been called
WARNING: sun.misc.Unsafe::objectFieldOffset has been called by org.openjdk.jmh.util.Utils (file:/C:/Users/Hareram%20ray/AI/numJ/.tools/jmh/jmh-core-1.37.jar)
WARNING: Please consider reporting this to the maintainers of class org.openjdk.jmh.util.Utils
WARNING: sun.misc.Unsafe::objectFieldOffset will be removed in a future release
# Warmup Iteration   1: 1372269.388 ns/op
# Warmup Iteration   2: 483287.260 ns/op
# Warmup Iteration   3: 700361.806 ns/op
# Warmup Iteration   4: 414412.757 ns/op
# Warmup Iteration   5: 388899.422 ns/op
Iteration   1: 268558.155 ns/op
Iteration   2: 244096.256 ns/op
Iteration   3: 237276.000 ns/op
Iteration   4: 237748.931 ns/op
Iteration   5: 234663.817 ns/op

# Run progress: 24.51% complete, ETA 00:07:36
# Fork: 3 of 3
WARNING: A terminally deprecated method in sun.misc.Unsafe has been called
WARNING: sun.misc.Unsafe::objectFieldOffset has been called by org.openjdk.jmh.util.Utils (file:/C:/Users/Hareram%20ray/AI/numJ/.tools/jmh/jmh-core-1.37.jar)
WARNING: Please consider reporting this to the maintainers of class org.openjdk.jmh.util.Utils
WARNING: sun.misc.Unsafe::objectFieldOffset will be removed in a future release
# Warmup Iteration   1: 1296027.564 ns/op
# Warmup Iteration   2: 425667.304 ns/op
# Warmup Iteration   3: 488798.786 ns/op
# Warmup Iteration   4: 381942.722 ns/op
# Warmup Iteration   5: 276597.241 ns/op
Iteration   1: 234545.210 ns/op
Iteration   2: 239765.830 ns/op
Iteration   3: 233582.614 ns/op
Iteration   4: 226543.757 ns/op
Iteration   5: 232360.759 ns/op


Result "numj.FusedBench.unfusedAlloc":
  237305.915 ±(99.9%) 11113.271 ns/op [Average]
  (min, avg, max) = (226202.354, 237305.915, 268558.155), stdev = 10395.361
  CI (99.9%): [226192.644, 248419.186] (assumes normal distribution)


# JMH version: 1.37
# VM version: JDK 25.0.4.1, OpenJDK 64-Bit Server VM, 25.0.4.1+1-LTS
# VM invoker: C:\Users\Hareram ray\AI\numJ\.tools\jdk\bin\java.exe
# VM options: --enable-native-access=ALL-UNNAMED --enable-native-access=ALL-UNNAMED -Xms2g -Xmx2g -XX:+AlwaysPreTouch
# Blackhole mode: compiler (auto-detected, use -Djmh.blackhole.autoDetect=false to disable)
# Warmup: 5 iterations, 200 ms each
# Measurement: 5 iterations, 200 ms each
# Timeout: 10 min per iteration
# Threads: 1 thread, will synchronize iterations
# Benchmark mode: Average time, time/op
# Benchmark: numj.FusedBench.unfusedAlloc
# Parameters: (layout = transposed, n = 10000000)

# Run progress: 25.00% complete, ETA 00:07:32
# Fork: 1 of 3
WARNING: A terminally deprecated method in sun.misc.Unsafe has been called
WARNING: sun.misc.Unsafe::objectFieldOffset has been called by org.openjdk.jmh.util.Utils (file:/C:/Users/Hareram%20ray/AI/numJ/.tools/jmh/jmh-core-1.37.jar)
WARNING: Please consider reporting this to the maintainers of class org.openjdk.jmh.util.Utils
WARNING: sun.misc.Unsafe::objectFieldOffset will be removed in a future release
# Warmup Iteration   1: 464951100.000 ns/op
# Warmup Iteration   2: 341281100.000 ns/op
# Warmup Iteration   3: 345209500.000 ns/op
# Warmup Iteration   4: 355856600.000 ns/op
# Warmup Iteration   5: 298030500.000 ns/op
Iteration   1: 300827800.000 ns/op
Iteration   2: 329891900.000 ns/op
Iteration   3: 546581800.000 ns/op
Iteration   4: 542226400.000 ns/op
Iteration   5: 460763900.000 ns/op

# Run progress: 25.49% complete, ETA 00:07:34
# Fork: 2 of 3
WARNING: A terminally deprecated method in sun.misc.Unsafe has been called
WARNING: sun.misc.Unsafe::objectFieldOffset has been called by org.openjdk.jmh.util.Utils (file:/C:/Users/Hareram%20ray/AI/numJ/.tools/jmh/jmh-core-1.37.jar)
WARNING: Please consider reporting this to the maintainers of class org.openjdk.jmh.util.Utils
WARNING: sun.misc.Unsafe::objectFieldOffset will be removed in a future release
# Warmup Iteration   1: 435178400.000 ns/op
# Warmup Iteration   2: 348556800.000 ns/op
# Warmup Iteration   3: 332121800.000 ns/op
# Warmup Iteration   4: 315888300.000 ns/op
# Warmup Iteration   5: 331499600.000 ns/op
Iteration   1: 317068200.000 ns/op
Iteration   2: 428304100.000 ns/op
Iteration   3: 723023700.000 ns/op
Iteration   4: 911923500.000 ns/op
Iteration   5: 1002343700.000 ns/op

# Run progress: 25.98% complete, ETA 00:07:40
# Fork: 3 of 3
WARNING: A terminally deprecated method in sun.misc.Unsafe has been called
WARNING: sun.misc.Unsafe::objectFieldOffset has been called by org.openjdk.jmh.util.Utils (file:/C:/Users/Hareram%20ray/AI/numJ/.tools/jmh/jmh-core-1.37.jar)
WARNING: Please consider reporting this to the maintainers of class org.openjdk.jmh.util.Utils
WARNING: sun.misc.Unsafe::objectFieldOffset will be removed in a future release
# Warmup Iteration   1: 1097150100.000 ns/op
# Warmup Iteration   2: 341675200.000 ns/op
# Warmup Iteration   3: 310084400.000 ns/op
# Warmup Iteration   4: 406813600.000 ns/op
# Warmup Iteration   5: 486901900.000 ns/op
Iteration   1: 478219800.000 ns/op
Iteration   2: 478972400.000 ns/op
Iteration   3: 450136300.000 ns/op
Iteration   4: 538802100.000 ns/op
Iteration   5: 567815700.000 ns/op


Result "numj.FusedBench.unfusedAlloc":
  538460086.667 ±(99.9%) 216051660.396 ns/op [Average]
  (min, avg, max) = (300827800.000, 538460086.667, 1002343700.000), stdev = 202094857.199
  CI (99.9%): [322408426.271, 754511747.062] (assumes normal distribution)


# JMH version: 1.37
# VM version: JDK 25.0.4.1, OpenJDK 64-Bit Server VM, 25.0.4.1+1-LTS
# VM invoker: C:\Users\Hareram ray\AI\numJ\.tools\jdk\bin\java.exe
# VM options: --enable-native-access=ALL-UNNAMED --enable-native-access=ALL-UNNAMED -Xms2g -Xmx2g -XX:+AlwaysPreTouch
# Blackhole mode: compiler (auto-detected, use -Djmh.blackhole.autoDetect=false to disable)
# Warmup: 5 iterations, 200 ms each
# Measurement: 5 iterations, 200 ms each
# Timeout: 10 min per iteration
# Threads: 1 thread, will synchronize iterations
# Benchmark mode: Average time, time/op
# Benchmark: numj.FusedBench.unfusedReuse
# Parameters: (layout = contig, n = 1000)

# Run progress: 26.47% complete, ETA 00:07:47
# Fork: 1 of 3
WARNING: A terminally deprecated method in sun.misc.Unsafe has been called
WARNING: sun.misc.Unsafe::objectFieldOffset has been called by org.openjdk.jmh.util.Utils (file:/C:/Users/Hareram%20ray/AI/numJ/.tools/jmh/jmh-core-1.37.jar)
WARNING: Please consider reporting this to the maintainers of class org.openjdk.jmh.util.Utils
WARNING: sun.misc.Unsafe::objectFieldOffset will be removed in a future release
# Warmup Iteration   1: 671.021 ns/op
# Warmup Iteration   2: 313.333 ns/op
# Warmup Iteration   3: 314.218 ns/op
# Warmup Iteration   4: 330.052 ns/op
# Warmup Iteration   5: 336.874 ns/op
Iteration   1: 327.985 ns/op
Iteration   2: 349.082 ns/op
Iteration   3: 328.077 ns/op
Iteration   4: 331.490 ns/op
Iteration   5: 398.352 ns/op

# Run progress: 26.96% complete, ETA 00:07:42
# Fork: 2 of 3
WARNING: A terminally deprecated method in sun.misc.Unsafe has been called
WARNING: sun.misc.Unsafe::objectFieldOffset has been called by org.openjdk.jmh.util.Utils (file:/C:/Users/Hareram%20ray/AI/numJ/.tools/jmh/jmh-core-1.37.jar)
WARNING: Please consider reporting this to the maintainers of class org.openjdk.jmh.util.Utils
WARNING: sun.misc.Unsafe::objectFieldOffset will be removed in a future release
# Warmup Iteration   1: 800.124 ns/op
# Warmup Iteration   2: 347.056 ns/op
# Warmup Iteration   3: 334.960 ns/op
# Warmup Iteration   4: 352.654 ns/op
# Warmup Iteration   5: 333.033 ns/op
Iteration   1: 323.481 ns/op
Iteration   2: 322.650 ns/op
Iteration   3: 324.469 ns/op
Iteration   4: 317.872 ns/op
Iteration   5: 319.197 ns/op

# Run progress: 27.45% complete, ETA 00:07:38
# Fork: 3 of 3
WARNING: A terminally deprecated method in sun.misc.Unsafe has been called
WARNING: sun.misc.Unsafe::objectFieldOffset has been called by org.openjdk.jmh.util.Utils (file:/C:/Users/Hareram%20ray/AI/numJ/.tools/jmh/jmh-core-1.37.jar)
WARNING: Please consider reporting this to the maintainers of class org.openjdk.jmh.util.Utils
WARNING: sun.misc.Unsafe::objectFieldOffset will be removed in a future release
# Warmup Iteration   1: 762.141 ns/op
# Warmup Iteration   2: 324.466 ns/op
# Warmup Iteration   3: 322.963 ns/op
# Warmup Iteration   4: 315.785 ns/op
# Warmup Iteration   5: 322.276 ns/op
Iteration   1: 340.467 ns/op
Iteration   2: 335.937 ns/op
Iteration   3: 316.502 ns/op
Iteration   4: 335.589 ns/op
Iteration   5: 314.923 ns/op


Result "numj.FusedBench.unfusedReuse":
  332.405 ±(99.9%) 22.013 ns/op [Average]
  (min, avg, max) = (314.923, 332.405, 398.352), stdev = 20.591
  CI (99.9%): [310.392, 354.418] (assumes normal distribution)


# JMH version: 1.37
# VM version: JDK 25.0.4.1, OpenJDK 64-Bit Server VM, 25.0.4.1+1-LTS
# VM invoker: C:\Users\Hareram ray\AI\numJ\.tools\jdk\bin\java.exe
# VM options: --enable-native-access=ALL-UNNAMED --enable-native-access=ALL-UNNAMED -Xms2g -Xmx2g -XX:+AlwaysPreTouch
# Blackhole mode: compiler (auto-detected, use -Djmh.blackhole.autoDetect=false to disable)
# Warmup: 5 iterations, 200 ms each
# Measurement: 5 iterations, 200 ms each
# Timeout: 10 min per iteration
# Threads: 1 thread, will synchronize iterations
# Benchmark mode: Average time, time/op
# Benchmark: numj.FusedBench.unfusedReuse
# Parameters: (layout = contig, n = 100000)

# Run progress: 27.94% complete, ETA 00:07:33
# Fork: 1 of 3
WARNING: A terminally deprecated method in sun.misc.Unsafe has been called
WARNING: sun.misc.Unsafe::objectFieldOffset has been called by org.openjdk.jmh.util.Utils (file:/C:/Users/Hareram%20ray/AI/numJ/.tools/jmh/jmh-core-1.37.jar)
WARNING: Please consider reporting this to the maintainers of class org.openjdk.jmh.util.Utils
WARNING: sun.misc.Unsafe::objectFieldOffset will be removed in a future release
# Warmup Iteration   1: 178721.011 ns/op
# Warmup Iteration   2: 91817.123 ns/op
# Warmup Iteration   3: 98738.378 ns/op
# Warmup Iteration   4: 140170.368 ns/op
# Warmup Iteration   5: 103685.465 ns/op
Iteration   1: 98692.990 ns/op
Iteration   2: 97333.960 ns/op
Iteration   3: 95478.735 ns/op
Iteration   4: 94860.771 ns/op
Iteration   5: 94432.171 ns/op

# Run progress: 28.43% complete, ETA 00:07:29
# Fork: 2 of 3
WARNING: A terminally deprecated method in sun.misc.Unsafe has been called
WARNING: sun.misc.Unsafe::objectFieldOffset has been called by org.openjdk.jmh.util.Utils (file:/C:/Users/Hareram%20ray/AI/numJ/.tools/jmh/jmh-core-1.37.jar)
WARNING: Please consider reporting this to the maintainers of class org.openjdk.jmh.util.Utils
WARNING: sun.misc.Unsafe::objectFieldOffset will be removed in a future release
# Warmup Iteration   1: 174235.702 ns/op
# Warmup Iteration   2: 86698.665 ns/op
# Warmup Iteration   3: 83270.973 ns/op
# Warmup Iteration   4: 136826.934 ns/op
# Warmup Iteration   5: 111816.399 ns/op
Iteration   1: 94841.190 ns/op
Iteration   2: 245628.799 ns/op
Iteration   3: 78903.500 ns/op
Iteration   4: 100097.163 ns/op
Iteration   5: 114884.439 ns/op

# Run progress: 28.92% complete, ETA 00:07:25
# Fork: 3 of 3
WARNING: A terminally deprecated method in sun.misc.Unsafe has been called
WARNING: sun.misc.Unsafe::objectFieldOffset has been called by org.openjdk.jmh.util.Utils (file:/C:/Users/Hareram%20ray/AI/numJ/.tools/jmh/jmh-core-1.37.jar)
WARNING: Please consider reporting this to the maintainers of class org.openjdk.jmh.util.Utils
WARNING: sun.misc.Unsafe::objectFieldOffset will be removed in a future release
# Warmup Iteration   1: 182534.116 ns/op
# Warmup Iteration   2: 124110.266 ns/op
# Warmup Iteration   3: 96917.108 ns/op
# Warmup Iteration   4: 92522.279 ns/op
# Warmup Iteration   5: 236107.059 ns/op
Iteration   1: 108793.279 ns/op
Iteration   2: 80934.856 ns/op
Iteration   3: 98595.236 ns/op
Iteration   4: 101596.004 ns/op
Iteration   5: 85245.004 ns/op


Result "numj.FusedBench.unfusedReuse":
  106021.206 ±(99.9%) 42481.694 ns/op [Average]
  (min, avg, max) = (78903.500, 106021.206, 245628.799), stdev = 39737.403
  CI (99.9%): [63539.512, 148502.901] (assumes normal distribution)


# JMH version: 1.37
# VM version: JDK 25.0.4.1, OpenJDK 64-Bit Server VM, 25.0.4.1+1-LTS
# VM invoker: C:\Users\Hareram ray\AI\numJ\.tools\jdk\bin\java.exe
# VM options: --enable-native-access=ALL-UNNAMED --enable-native-access=ALL-UNNAMED -Xms2g -Xmx2g -XX:+AlwaysPreTouch
# Blackhole mode: compiler (auto-detected, use -Djmh.blackhole.autoDetect=false to disable)
# Warmup: 5 iterations, 200 ms each
# Measurement: 5 iterations, 200 ms each
# Timeout: 10 min per iteration
# Threads: 1 thread, will synchronize iterations
# Benchmark mode: Average time, time/op
# Benchmark: numj.FusedBench.unfusedReuse
# Parameters: (layout = contig, n = 10000000)

# Run progress: 29.41% complete, ETA 00:07:21
# Fork: 1 of 3
WARNING: A terminally deprecated method in sun.misc.Unsafe has been called
WARNING: sun.misc.Unsafe::objectFieldOffset has been called by org.openjdk.jmh.util.Utils (file:/C:/Users/Hareram%20ray/AI/numJ/.tools/jmh/jmh-core-1.37.jar)
WARNING: Please consider reporting this to the maintainers of class org.openjdk.jmh.util.Utils
WARNING: sun.misc.Unsafe::objectFieldOffset will be removed in a future release
# Warmup Iteration   1: 79224000.000 ns/op
# Warmup Iteration   2: 51473525.000 ns/op
# Warmup Iteration   3: 47245460.000 ns/op
# Warmup Iteration   4: 52954025.000 ns/op
# Warmup Iteration   5: 45166260.000 ns/op
Iteration   1: 50732400.000 ns/op
Iteration   2: 57287050.000 ns/op
Iteration   3: 51176500.000 ns/op
Iteration   4: 49091680.000 ns/op
Iteration   5: 49188260.000 ns/op

# Run progress: 29.90% complete, ETA 00:07:18
# Fork: 2 of 3
WARNING: A terminally deprecated method in sun.misc.Unsafe has been called
WARNING: sun.misc.Unsafe::objectFieldOffset has been called by org.openjdk.jmh.util.Utils (file:/C:/Users/Hareram%20ray/AI/numJ/.tools/jmh/jmh-core-1.37.jar)
WARNING: Please consider reporting this to the maintainers of class org.openjdk.jmh.util.Utils
WARNING: sun.misc.Unsafe::objectFieldOffset will be removed in a future release
# Warmup Iteration   1: 79760766.667 ns/op
# Warmup Iteration   2: 52747050.000 ns/op
# Warmup Iteration   3: 48222600.000 ns/op
# Warmup Iteration   4: 47833460.000 ns/op
# Warmup Iteration   5: 48983780.000 ns/op
Iteration   1: 53295125.000 ns/op
Iteration   2: 48904120.000 ns/op
Iteration   3: 47084420.000 ns/op
Iteration   4: 46827920.000 ns/op
Iteration   5: 51281180.000 ns/op

# Run progress: 30.39% complete, ETA 00:07:15
# Fork: 3 of 3
WARNING: A terminally deprecated method in sun.misc.Unsafe has been called
WARNING: sun.misc.Unsafe::objectFieldOffset has been called by org.openjdk.jmh.util.Utils (file:/C:/Users/Hareram%20ray/AI/numJ/.tools/jmh/jmh-core-1.37.jar)
WARNING: Please consider reporting this to the maintainers of class org.openjdk.jmh.util.Utils
WARNING: sun.misc.Unsafe::objectFieldOffset will be removed in a future release
# Warmup Iteration   1: 120163650.000 ns/op
# Warmup Iteration   2: 53485675.000 ns/op
# Warmup Iteration   3: 49848860.000 ns/op
# Warmup Iteration   4: 51527160.000 ns/op
# Warmup Iteration   5: 65695175.000 ns/op
Iteration   1: 108815150.000 ns/op
Iteration   2: 70050066.667 ns/op
Iteration   3: 67439133.333 ns/op
Iteration   4: 96674133.333 ns/op
Iteration   5: 74069200.000 ns/op


Result "numj.FusedBench.unfusedReuse":
  61461089.222 ±(99.9%) 20287162.009 ns/op [Average]
  (min, avg, max) = (46827920.000, 61461089.222, 108815150.000), stdev = 18976623.932
  CI (99.9%): [41173927.213, 81748251.231] (assumes normal distribution)


# JMH version: 1.37
# VM version: JDK 25.0.4.1, OpenJDK 64-Bit Server VM, 25.0.4.1+1-LTS
# VM invoker: C:\Users\Hareram ray\AI\numJ\.tools\jdk\bin\java.exe
# VM options: --enable-native-access=ALL-UNNAMED --enable-native-access=ALL-UNNAMED -Xms2g -Xmx2g -XX:+AlwaysPreTouch
# Blackhole mode: compiler (auto-detected, use -Djmh.blackhole.autoDetect=false to disable)
# Warmup: 5 iterations, 200 ms each
# Measurement: 5 iterations, 200 ms each
# Timeout: 10 min per iteration
# Threads: 1 thread, will synchronize iterations
# Benchmark mode: Average time, time/op
# Benchmark: numj.FusedBench.unfusedReuse
# Parameters: (layout = transposed, n = 1000)

# Run progress: 30.88% complete, ETA 00:07:12
# Fork: 1 of 3
WARNING: A terminally deprecated method in sun.misc.Unsafe has been called
WARNING: sun.misc.Unsafe::objectFieldOffset has been called by org.openjdk.jmh.util.Utils (file:/C:/Users/Hareram%20ray/AI/numJ/.tools/jmh/jmh-core-1.37.jar)
WARNING: Please consider reporting this to the maintainers of class org.openjdk.jmh.util.Utils
WARNING: sun.misc.Unsafe::objectFieldOffset will be removed in a future release
# Warmup Iteration   1: 5992.537 ns/op
# Warmup Iteration   2: 1977.752 ns/op
# Warmup Iteration   3: 2429.202 ns/op
# Warmup Iteration   4: 1936.788 ns/op
# Warmup Iteration   5: 2012.423 ns/op
Iteration   1: 1610.272 ns/op
Iteration   2: 1710.914 ns/op
Iteration   3: 1941.654 ns/op
Iteration   4: 1826.618 ns/op
Iteration   5: 2001.386 ns/op

# Run progress: 31.37% complete, ETA 00:07:09
# Fork: 2 of 3
WARNING: A terminally deprecated method in sun.misc.Unsafe has been called
WARNING: sun.misc.Unsafe::objectFieldOffset has been called by org.openjdk.jmh.util.Utils (file:/C:/Users/Hareram%20ray/AI/numJ/.tools/jmh/jmh-core-1.37.jar)
WARNING: Please consider reporting this to the maintainers of class org.openjdk.jmh.util.Utils
WARNING: sun.misc.Unsafe::objectFieldOffset will be removed in a future release
# Warmup Iteration   1: 187258.380 ns/op
# Warmup Iteration   2: 2795.372 ns/op
# Warmup Iteration   3: 1941.046 ns/op
# Warmup Iteration   4: 1677.204 ns/op
# Warmup Iteration   5: 1664.335 ns/op
Iteration   1: 1929.634 ns/op
Iteration   2: 1905.943 ns/op
Iteration   3: 1896.401 ns/op
Iteration   4: 1669.345 ns/op
Iteration   5: 1660.947 ns/op

# Run progress: 31.86% complete, ETA 00:07:05
# Fork: 3 of 3
WARNING: A terminally deprecated method in sun.misc.Unsafe has been called
WARNING: sun.misc.Unsafe::objectFieldOffset has been called by org.openjdk.jmh.util.Utils (file:/C:/Users/Hareram%20ray/AI/numJ/.tools/jmh/jmh-core-1.37.jar)
WARNING: Please consider reporting this to the maintainers of class org.openjdk.jmh.util.Utils
WARNING: sun.misc.Unsafe::objectFieldOffset will be removed in a future release
# Warmup Iteration   1: 7891.756 ns/op
# Warmup Iteration   2: 1798.512 ns/op
# Warmup Iteration   3: 2089.157 ns/op
# Warmup Iteration   4: 1837.081 ns/op
# Warmup Iteration   5: 1909.301 ns/op
Iteration   1: 1854.376 ns/op
Iteration   2: 1787.629 ns/op
Iteration   3: 1787.963 ns/op
Iteration   4: 1661.525 ns/op
Iteration   5: 1752.458 ns/op


Result "numj.FusedBench.unfusedReuse":
  1799.804 ±(99.9%) 128.948 ns/op [Average]
  (min, avg, max) = (1610.272, 1799.804, 2001.386), stdev = 120.618
  CI (99.9%): [1670.856, 1928.752] (assumes normal distribution)


# JMH version: 1.37
# VM version: JDK 25.0.4.1, OpenJDK 64-Bit Server VM, 25.0.4.1+1-LTS
# VM invoker: C:\Users\Hareram ray\AI\numJ\.tools\jdk\bin\java.exe
# VM options: --enable-native-access=ALL-UNNAMED --enable-native-access=ALL-UNNAMED -Xms2g -Xmx2g -XX:+AlwaysPreTouch
# Blackhole mode: compiler (auto-detected, use -Djmh.blackhole.autoDetect=false to disable)
# Warmup: 5 iterations, 200 ms each
# Measurement: 5 iterations, 200 ms each
# Timeout: 10 min per iteration
# Threads: 1 thread, will synchronize iterations
# Benchmark mode: Average time, time/op
# Benchmark: numj.FusedBench.unfusedReuse
# Parameters: (layout = transposed, n = 100000)

# Run progress: 32.35% complete, ETA 00:07:01
# Fork: 1 of 3
WARNING: A terminally deprecated method in sun.misc.Unsafe has been called
WARNING: sun.misc.Unsafe::objectFieldOffset has been called by org.openjdk.jmh.util.Utils (file:/C:/Users/Hareram%20ray/AI/numJ/.tools/jmh/jmh-core-1.37.jar)
WARNING: Please consider reporting this to the maintainers of class org.openjdk.jmh.util.Utils
WARNING: sun.misc.Unsafe::objectFieldOffset will be removed in a future release
# Warmup Iteration   1: 456322.172 ns/op
# Warmup Iteration   2: 245642.214 ns/op
# Warmup Iteration   3: 228114.205 ns/op
# Warmup Iteration   4: 277888.308 ns/op
# Warmup Iteration   5: 1293142.675 ns/op
Iteration   1: 788074.118 ns/op
Iteration   2: 893842.291 ns/op
Iteration   3: 713114.947 ns/op
Iteration   4: 680130.976 ns/op
Iteration   5: 291458.611 ns/op

# Run progress: 32.84% complete, ETA 00:06:57
# Fork: 2 of 3
WARNING: A terminally deprecated method in sun.misc.Unsafe has been called
WARNING: sun.misc.Unsafe::objectFieldOffset has been called by org.openjdk.jmh.util.Utils (file:/C:/Users/Hareram%20ray/AI/numJ/.tools/jmh/jmh-core-1.37.jar)
WARNING: Please consider reporting this to the maintainers of class org.openjdk.jmh.util.Utils
WARNING: sun.misc.Unsafe::objectFieldOffset will be removed in a future release
# Warmup Iteration   1: 454525.169 ns/op
# Warmup Iteration   2: 540839.523 ns/op
# Warmup Iteration   3: 295306.012 ns/op
# Warmup Iteration   4: 242198.432 ns/op
# Warmup Iteration   5: 239372.348 ns/op
Iteration   1: 281221.823 ns/op
Iteration   2: 717174.643 ns/op
Iteration   3: 507921.465 ns/op
Iteration   4: 270721.592 ns/op
Iteration   5: 273439.402 ns/op

# Run progress: 33.33% complete, ETA 00:06:54
# Fork: 3 of 3
WARNING: A terminally deprecated method in sun.misc.Unsafe has been called
WARNING: sun.misc.Unsafe::objectFieldOffset has been called by org.openjdk.jmh.util.Utils (file:/C:/Users/Hareram%20ray/AI/numJ/.tools/jmh/jmh-core-1.37.jar)
WARNING: Please consider reporting this to the maintainers of class org.openjdk.jmh.util.Utils
WARNING: sun.misc.Unsafe::objectFieldOffset will be removed in a future release
# Warmup Iteration   1: 436351.188 ns/op
# Warmup Iteration   2: 159478.424 ns/op
# Warmup Iteration   3: 158258.229 ns/op
# Warmup Iteration   4: 148216.150 ns/op
# Warmup Iteration   5: 153579.128 ns/op
Iteration   1: 148806.583 ns/op
Iteration   2: 161480.964 ns/op
Iteration   3: 146013.223 ns/op
Iteration   4: 158352.328 ns/op
Iteration   5: 154728.836 ns/op


Result "numj.FusedBench.unfusedReuse":
  412432.120 ±(99.9%) 291740.080 ns/op [Average]
  (min, avg, max) = (146013.223, 412432.120, 893842.291), stdev = 272893.852
  CI (99.9%): [120692.040, 704172.200] (assumes normal distribution)


# JMH version: 1.37
# VM version: JDK 25.0.4.1, OpenJDK 64-Bit Server VM, 25.0.4.1+1-LTS
# VM invoker: C:\Users\Hareram ray\AI\numJ\.tools\jdk\bin\java.exe
# VM options: --enable-native-access=ALL-UNNAMED --enable-native-access=ALL-UNNAMED -Xms2g -Xmx2g -XX:+AlwaysPreTouch
# Blackhole mode: compiler (auto-detected, use -Djmh.blackhole.autoDetect=false to disable)
# Warmup: 5 iterations, 200 ms each
# Measurement: 5 iterations, 200 ms each
# Timeout: 10 min per iteration
# Threads: 1 thread, will synchronize iterations
# Benchmark mode: Average time, time/op
# Benchmark: numj.FusedBench.unfusedReuse
# Parameters: (layout = transposed, n = 10000000)

# Run progress: 33.82% complete, ETA 00:06:50
# Fork: 1 of 3
WARNING: A terminally deprecated method in sun.misc.Unsafe has been called
WARNING: sun.misc.Unsafe::objectFieldOffset has been called by org.openjdk.jmh.util.Utils (file:/C:/Users/Hareram%20ray/AI/numJ/.tools/jmh/jmh-core-1.37.jar)
WARNING: Please consider reporting this to the maintainers of class org.openjdk.jmh.util.Utils
WARNING: sun.misc.Unsafe::objectFieldOffset will be removed in a future release
# Warmup Iteration   1: 382948800.000 ns/op
# Warmup Iteration   2: 325998600.000 ns/op
# Warmup Iteration   3: 247863000.000 ns/op
# Warmup Iteration   4: 248083100.000 ns/op
# Warmup Iteration   5: 253583300.000 ns/op
Iteration   1: 290328400.000 ns/op
Iteration   2: 246052600.000 ns/op
Iteration   3: 287865000.000 ns/op
Iteration   4: 457390200.000 ns/op
Iteration   5: 429940900.000 ns/op

# Run progress: 34.31% complete, ETA 00:06:49
# Fork: 2 of 3
WARNING: A terminally deprecated method in sun.misc.Unsafe has been called
WARNING: sun.misc.Unsafe::objectFieldOffset has been called by org.openjdk.jmh.util.Utils (file:/C:/Users/Hareram%20ray/AI/numJ/.tools/jmh/jmh-core-1.37.jar)
WARNING: Please consider reporting this to the maintainers of class org.openjdk.jmh.util.Utils
WARNING: sun.misc.Unsafe::objectFieldOffset will be removed in a future release
# Warmup Iteration   1: 537019300.000 ns/op
# Warmup Iteration   2: 335383900.000 ns/op
# Warmup Iteration   3: 292215300.000 ns/op
# Warmup Iteration   4: 300919200.000 ns/op
# Warmup Iteration   5: 455302800.000 ns/op
Iteration   1: 582813900.000 ns/op
Iteration   2: 611754700.000 ns/op
Iteration   3: 641635400.000 ns/op
Iteration   4: 558707400.000 ns/op
Iteration   5: 442947600.000 ns/op

# Run progress: 34.80% complete, ETA 00:06:51
# Fork: 3 of 3
WARNING: A terminally deprecated method in sun.misc.Unsafe has been called
WARNING: sun.misc.Unsafe::objectFieldOffset has been called by org.openjdk.jmh.util.Utils (file:/C:/Users/Hareram%20ray/AI/numJ/.tools/jmh/jmh-core-1.37.jar)
WARNING: Please consider reporting this to the maintainers of class org.openjdk.jmh.util.Utils
WARNING: sun.misc.Unsafe::objectFieldOffset will be removed in a future release
# Warmup Iteration   1: 549360200.000 ns/op
# Warmup Iteration   2: 628689200.000 ns/op
# Warmup Iteration   3: 498988800.000 ns/op
# Warmup Iteration   4: 339053300.000 ns/op
# Warmup Iteration   5: 352841900.000 ns/op
Iteration   1: 423952800.000 ns/op
Iteration   2: 423930900.000 ns/op
Iteration   3: 415511200.000 ns/op
Iteration   4: 454338200.000 ns/op
Iteration   5: 365572700.000 ns/op


Result "numj.FusedBench.unfusedReuse":
  442182793.333 ±(99.9%) 126172215.492 ns/op [Average]
  (min, avg, max) = (246052600.000, 442182793.333, 641635400.000), stdev = 118021568.664
  CI (99.9%): [316010577.841, 568355008.825] (assumes normal distribution)


# JMH version: 1.37
# VM version: JDK 25.0.4.1, OpenJDK 64-Bit Server VM, 25.0.4.1+1-LTS
# VM invoker: C:\Users\Hareram ray\AI\numJ\.tools\jdk\bin\java.exe
# VM options: --enable-native-access=ALL-UNNAMED --enable-native-access=ALL-UNNAMED -Xms2g -Xmx2g -XX:+AlwaysPreTouch
# Blackhole mode: compiler (auto-detected, use -Djmh.blackhole.autoDetect=false to disable)
# Warmup: 5 iterations, 200 ms each
# Measurement: 5 iterations, 200 ms each
# Timeout: 10 min per iteration
# Threads: 1 thread, will synchronize iterations
# Benchmark mode: Average time, time/op
# Benchmark: numj.ReduceBench.java
# Parameters: (kind = all, n = 1000)

# Run progress: 35.29% complete, ETA 00:06:52
# Fork: 1 of 3
WARNING: A terminally deprecated method in sun.misc.Unsafe has been called
WARNING: sun.misc.Unsafe::objectFieldOffset has been called by org.openjdk.jmh.util.Utils (file:/C:/Users/Hareram%20ray/AI/numJ/.tools/jmh/jmh-core-1.37.jar)
WARNING: Please consider reporting this to the maintainers of class org.openjdk.jmh.util.Utils
WARNING: sun.misc.Unsafe::objectFieldOffset will be removed in a future release
# Warmup Iteration   1: 515.994 ns/op
# Warmup Iteration   2: 761.347 ns/op
# Warmup Iteration   3: 502.360 ns/op
# Warmup Iteration   4: 565.158 ns/op
# Warmup Iteration   5: 540.925 ns/op
Iteration   1: 457.449 ns/op
Iteration   2: 766.742 ns/op
Iteration   3: 514.721 ns/op
Iteration   4: 490.154 ns/op
Iteration   5: 487.179 ns/op

# Run progress: 35.78% complete, ETA 00:06:48
# Fork: 2 of 3
WARNING: A terminally deprecated method in sun.misc.Unsafe has been called
WARNING: sun.misc.Unsafe::objectFieldOffset has been called by org.openjdk.jmh.util.Utils (file:/C:/Users/Hareram%20ray/AI/numJ/.tools/jmh/jmh-core-1.37.jar)
WARNING: Please consider reporting this to the maintainers of class org.openjdk.jmh.util.Utils
WARNING: sun.misc.Unsafe::objectFieldOffset will be removed in a future release
# Warmup Iteration   1: 465.829 ns/op
# Warmup Iteration   2: 506.440 ns/op
# Warmup Iteration   3: 471.920 ns/op
# Warmup Iteration   4: 476.467 ns/op
# Warmup Iteration   5: 433.953 ns/op
Iteration   1: 454.149 ns/op
Iteration   2: 431.723 ns/op
Iteration   3: 439.576 ns/op
Iteration   4: 469.455 ns/op
Iteration   5: 438.330 ns/op

# Run progress: 36.27% complete, ETA 00:06:44
# Fork: 3 of 3
WARNING: A terminally deprecated method in sun.misc.Unsafe has been called
WARNING: sun.misc.Unsafe::objectFieldOffset has been called by org.openjdk.jmh.util.Utils (file:/C:/Users/Hareram%20ray/AI/numJ/.tools/jmh/jmh-core-1.37.jar)
WARNING: Please consider reporting this to the maintainers of class org.openjdk.jmh.util.Utils
WARNING: sun.misc.Unsafe::objectFieldOffset will be removed in a future release
# Warmup Iteration   1: 510.772 ns/op
# Warmup Iteration   2: 436.650 ns/op
# Warmup Iteration   3: 440.386 ns/op
# Warmup Iteration   4: 441.156 ns/op
# Warmup Iteration   5: 444.234 ns/op
Iteration   1: 443.311 ns/op
Iteration   2: 447.695 ns/op
Iteration   3: 444.310 ns/op
Iteration   4: 485.545 ns/op
Iteration   5: 446.433 ns/op


Result "numj.ReduceBench.java":
  481.118 ±(99.9%) 88.237 ns/op [Average]
  (min, avg, max) = (431.723, 481.118, 766.742), stdev = 82.537
  CI (99.9%): [392.881, 569.355] (assumes normal distribution)


# JMH version: 1.37
# VM version: JDK 25.0.4.1, OpenJDK 64-Bit Server VM, 25.0.4.1+1-LTS
# VM invoker: C:\Users\Hareram ray\AI\numJ\.tools\jdk\bin\java.exe
# VM options: --enable-native-access=ALL-UNNAMED --enable-native-access=ALL-UNNAMED -Xms2g -Xmx2g -XX:+AlwaysPreTouch
# Blackhole mode: compiler (auto-detected, use -Djmh.blackhole.autoDetect=false to disable)
# Warmup: 5 iterations, 200 ms each
# Measurement: 5 iterations, 200 ms each
# Timeout: 10 min per iteration
# Threads: 1 thread, will synchronize iterations
# Benchmark mode: Average time, time/op
# Benchmark: numj.ReduceBench.java
# Parameters: (kind = all, n = 100000)

# Run progress: 36.76% complete, ETA 00:06:40
# Fork: 1 of 3
WARNING: A terminally deprecated method in sun.misc.Unsafe has been called
WARNING: sun.misc.Unsafe::objectFieldOffset has been called by org.openjdk.jmh.util.Utils (file:/C:/Users/Hareram%20ray/AI/numJ/.tools/jmh/jmh-core-1.37.jar)
WARNING: Please consider reporting this to the maintainers of class org.openjdk.jmh.util.Utils
WARNING: sun.misc.Unsafe::objectFieldOffset will be removed in a future release
# Warmup Iteration   1: 48590.608 ns/op
# Warmup Iteration   2: 48202.742 ns/op
# Warmup Iteration   3: 47643.123 ns/op
# Warmup Iteration   4: 47042.968 ns/op
# Warmup Iteration   5: 48573.285 ns/op
Iteration   1: 48101.530 ns/op
Iteration   2: 47678.195 ns/op
Iteration   3: 47632.384 ns/op
Iteration   4: 47305.671 ns/op
Iteration   5: 51906.955 ns/op

# Run progress: 37.25% complete, ETA 00:06:36
# Fork: 2 of 3
WARNING: A terminally deprecated method in sun.misc.Unsafe has been called
WARNING: sun.misc.Unsafe::objectFieldOffset has been called by org.openjdk.jmh.util.Utils (file:/C:/Users/Hareram%20ray/AI/numJ/.tools/jmh/jmh-core-1.37.jar)
WARNING: Please consider reporting this to the maintainers of class org.openjdk.jmh.util.Utils
WARNING: sun.misc.Unsafe::objectFieldOffset will be removed in a future release
# Warmup Iteration   1: 49758.790 ns/op
# Warmup Iteration   2: 48940.049 ns/op
# Warmup Iteration   3: 50104.915 ns/op
# Warmup Iteration   4: 76760.986 ns/op
# Warmup Iteration   5: 56569.410 ns/op
Iteration   1: 64395.939 ns/op
Iteration   2: 51340.189 ns/op
Iteration   3: 73716.075 ns/op
Iteration   4: 46825.157 ns/op
Iteration   5: 49223.182 ns/op

# Run progress: 37.75% complete, ETA 00:06:32
# Fork: 3 of 3
WARNING: A terminally deprecated method in sun.misc.Unsafe has been called
WARNING: sun.misc.Unsafe::objectFieldOffset has been called by org.openjdk.jmh.util.Utils (file:/C:/Users/Hareram%20ray/AI/numJ/.tools/jmh/jmh-core-1.37.jar)
WARNING: Please consider reporting this to the maintainers of class org.openjdk.jmh.util.Utils
WARNING: sun.misc.Unsafe::objectFieldOffset will be removed in a future release
# Warmup Iteration   1: 49456.749 ns/op
# Warmup Iteration   2: 54317.006 ns/op
# Warmup Iteration   3: 47671.334 ns/op
# Warmup Iteration   4: 46675.575 ns/op
# Warmup Iteration   5: 49656.977 ns/op
Iteration   1: 47956.321 ns/op
Iteration   2: 48315.968 ns/op
Iteration   3: 61215.009 ns/op
Iteration   4: 52166.424 ns/op
Iteration   5: 48539.047 ns/op


Result "numj.ReduceBench.java":
  52421.203 ±(99.9%) 8375.765 ns/op [Average]
  (min, avg, max) = (46825.157, 52421.203, 73716.075), stdev = 7834.695
  CI (99.9%): [44045.438, 60796.968] (assumes normal distribution)


# JMH version: 1.37
# VM version: JDK 25.0.4.1, OpenJDK 64-Bit Server VM, 25.0.4.1+1-LTS
# VM invoker: C:\Users\Hareram ray\AI\numJ\.tools\jdk\bin\java.exe
# VM options: --enable-native-access=ALL-UNNAMED --enable-native-access=ALL-UNNAMED -Xms2g -Xmx2g -XX:+AlwaysPreTouch
# Blackhole mode: compiler (auto-detected, use -Djmh.blackhole.autoDetect=false to disable)
# Warmup: 5 iterations, 200 ms each
# Measurement: 5 iterations, 200 ms each
# Timeout: 10 min per iteration
# Threads: 1 thread, will synchronize iterations
# Benchmark mode: Average time, time/op
# Benchmark: numj.ReduceBench.java
# Parameters: (kind = all, n = 10000000)

# Run progress: 38.24% complete, ETA 00:06:29
# Fork: 1 of 3
WARNING: A terminally deprecated method in sun.misc.Unsafe has been called
WARNING: sun.misc.Unsafe::objectFieldOffset has been called by org.openjdk.jmh.util.Utils (file:/C:/Users/Hareram%20ray/AI/numJ/.tools/jmh/jmh-core-1.37.jar)
WARNING: Please consider reporting this to the maintainers of class org.openjdk.jmh.util.Utils
WARNING: sun.misc.Unsafe::objectFieldOffset will be removed in a future release
# Warmup Iteration   1: 8263980.000 ns/op
# Warmup Iteration   2: 6908616.667 ns/op
# Warmup Iteration   3: 7744969.231 ns/op
# Warmup Iteration   4: 7615240.741 ns/op
# Warmup Iteration   5: 7467303.704 ns/op
Iteration   1: 6563967.742 ns/op
Iteration   2: 7261082.143 ns/op
Iteration   3: 7314203.571 ns/op
Iteration   4: 6877180.000 ns/op
Iteration   5: 6690580.645 ns/op

# Run progress: 38.73% complete, ETA 00:06:25
# Fork: 2 of 3
WARNING: A terminally deprecated method in sun.misc.Unsafe has been called
WARNING: sun.misc.Unsafe::objectFieldOffset has been called by org.openjdk.jmh.util.Utils (file:/C:/Users/Hareram%20ray/AI/numJ/.tools/jmh/jmh-core-1.37.jar)
WARNING: Please consider reporting this to the maintainers of class org.openjdk.jmh.util.Utils
WARNING: sun.misc.Unsafe::objectFieldOffset will be removed in a future release
# Warmup Iteration   1: 7848957.692 ns/op
# Warmup Iteration   2: 7502040.741 ns/op
# Warmup Iteration   3: 7368432.143 ns/op
# Warmup Iteration   4: 6839060.000 ns/op
# Warmup Iteration   5: 7636155.556 ns/op
Iteration   1: 7028724.138 ns/op
Iteration   2: 7248692.857 ns/op
Iteration   3: 6938000.000 ns/op
Iteration   4: 7943496.154 ns/op
Iteration   5: 7294314.286 ns/op

# Run progress: 39.22% complete, ETA 00:06:21
# Fork: 3 of 3
WARNING: A terminally deprecated method in sun.misc.Unsafe has been called
WARNING: sun.misc.Unsafe::objectFieldOffset has been called by org.openjdk.jmh.util.Utils (file:/C:/Users/Hareram%20ray/AI/numJ/.tools/jmh/jmh-core-1.37.jar)
WARNING: Please consider reporting this to the maintainers of class org.openjdk.jmh.util.Utils
WARNING: sun.misc.Unsafe::objectFieldOffset will be removed in a future release
# Warmup Iteration   1: 7601048.148 ns/op
# Warmup Iteration   2: 7485155.556 ns/op
# Warmup Iteration   3: 7605229.630 ns/op
# Warmup Iteration   4: 7300350.000 ns/op
# Warmup Iteration   5: 6744963.333 ns/op
Iteration   1: 7655177.778 ns/op
Iteration   2: 7123358.621 ns/op
Iteration   3: 6717483.333 ns/op
Iteration   4: 7165117.241 ns/op
Iteration   5: 7470303.704 ns/op


Result "numj.ReduceBench.java":
  7152778.814 ±(99.9%) 397321.293 ns/op [Average]
  (min, avg, max) = (6563967.742, 7152778.814, 7943496.154), stdev = 371654.584
  CI (99.9%): [6755457.521, 7550100.107] (assumes normal distribution)


# JMH version: 1.37
# VM version: JDK 25.0.4.1, OpenJDK 64-Bit Server VM, 25.0.4.1+1-LTS
# VM invoker: C:\Users\Hareram ray\AI\numJ\.tools\jdk\bin\java.exe
# VM options: --enable-native-access=ALL-UNNAMED --enable-native-access=ALL-UNNAMED -Xms2g -Xmx2g -XX:+AlwaysPreTouch
# Blackhole mode: compiler (auto-detected, use -Djmh.blackhole.autoDetect=false to disable)
# Warmup: 5 iterations, 200 ms each
# Measurement: 5 iterations, 200 ms each
# Timeout: 10 min per iteration
# Threads: 1 thread, will synchronize iterations
# Benchmark mode: Average time, time/op
# Benchmark: numj.ReduceBench.java
# Parameters: (kind = axis0, n = 1000)

# Run progress: 39.71% complete, ETA 00:06:18
# Fork: 1 of 3
WARNING: A terminally deprecated method in sun.misc.Unsafe has been called
WARNING: sun.misc.Unsafe::objectFieldOffset has been called by org.openjdk.jmh.util.Utils (file:/C:/Users/Hareram%20ray/AI/numJ/.tools/jmh/jmh-core-1.37.jar)
WARNING: Please consider reporting this to the maintainers of class org.openjdk.jmh.util.Utils
WARNING: sun.misc.Unsafe::objectFieldOffset will be removed in a future release
# Warmup Iteration   1: 368.158 ns/op
# Warmup Iteration   2: 337.816 ns/op
# Warmup Iteration   3: 340.181 ns/op
# Warmup Iteration   4: 343.272 ns/op
# Warmup Iteration   5: 351.775 ns/op
Iteration   1: 353.580 ns/op
Iteration   2: 347.688 ns/op
Iteration   3: 346.698 ns/op
Iteration   4: 347.772 ns/op
Iteration   5: 346.886 ns/op

# Run progress: 40.20% complete, ETA 00:06:14
# Fork: 2 of 3
WARNING: A terminally deprecated method in sun.misc.Unsafe has been called
WARNING: sun.misc.Unsafe::objectFieldOffset has been called by org.openjdk.jmh.util.Utils (file:/C:/Users/Hareram%20ray/AI/numJ/.tools/jmh/jmh-core-1.37.jar)
WARNING: Please consider reporting this to the maintainers of class org.openjdk.jmh.util.Utils
WARNING: sun.misc.Unsafe::objectFieldOffset will be removed in a future release
# Warmup Iteration   1: 366.666 ns/op
# Warmup Iteration   2: 346.525 ns/op
# Warmup Iteration   3: 350.127 ns/op
# Warmup Iteration   4: 346.820 ns/op
# Warmup Iteration   5: 343.005 ns/op
Iteration   1: 353.515 ns/op
Iteration   2: 345.206 ns/op
Iteration   3: 347.278 ns/op
Iteration   4: 338.421 ns/op
Iteration   5: 356.382 ns/op

# Run progress: 40.69% complete, ETA 00:06:10
# Fork: 3 of 3
WARNING: A terminally deprecated method in sun.misc.Unsafe has been called
WARNING: sun.misc.Unsafe::objectFieldOffset has been called by org.openjdk.jmh.util.Utils (file:/C:/Users/Hareram%20ray/AI/numJ/.tools/jmh/jmh-core-1.37.jar)
WARNING: Please consider reporting this to the maintainers of class org.openjdk.jmh.util.Utils
WARNING: sun.misc.Unsafe::objectFieldOffset will be removed in a future release
# Warmup Iteration   1: 361.902 ns/op
# Warmup Iteration   2: 371.138 ns/op
# Warmup Iteration   3: 345.105 ns/op
# Warmup Iteration   4: 341.132 ns/op
# Warmup Iteration   5: 348.031 ns/op
Iteration   1: 351.301 ns/op
Iteration   2: 348.779 ns/op
Iteration   3: 345.907 ns/op
Iteration   4: 352.745 ns/op
Iteration   5: 339.173 ns/op


Result "numj.ReduceBench.java":
  348.089 ±(99.9%) 5.354 ns/op [Average]
  (min, avg, max) = (338.421, 348.089, 356.382), stdev = 5.009
  CI (99.9%): [342.734, 353.443] (assumes normal distribution)


# JMH version: 1.37
# VM version: JDK 25.0.4.1, OpenJDK 64-Bit Server VM, 25.0.4.1+1-LTS
# VM invoker: C:\Users\Hareram ray\AI\numJ\.tools\jdk\bin\java.exe
# VM options: --enable-native-access=ALL-UNNAMED --enable-native-access=ALL-UNNAMED -Xms2g -Xmx2g -XX:+AlwaysPreTouch
# Blackhole mode: compiler (auto-detected, use -Djmh.blackhole.autoDetect=false to disable)
# Warmup: 5 iterations, 200 ms each
# Measurement: 5 iterations, 200 ms each
# Timeout: 10 min per iteration
# Threads: 1 thread, will synchronize iterations
# Benchmark mode: Average time, time/op
# Benchmark: numj.ReduceBench.java
# Parameters: (kind = axis0, n = 100000)

# Run progress: 41.18% complete, ETA 00:06:06
# Fork: 1 of 3
WARNING: A terminally deprecated method in sun.misc.Unsafe has been called
WARNING: sun.misc.Unsafe::objectFieldOffset has been called by org.openjdk.jmh.util.Utils (file:/C:/Users/Hareram%20ray/AI/numJ/.tools/jmh/jmh-core-1.37.jar)
WARNING: Please consider reporting this to the maintainers of class org.openjdk.jmh.util.Utils
WARNING: sun.misc.Unsafe::objectFieldOffset will be removed in a future release
# Warmup Iteration   1: 33154.655 ns/op
# Warmup Iteration   2: 31596.599 ns/op
# Warmup Iteration   3: 30965.790 ns/op
# Warmup Iteration   4: 31486.573 ns/op
# Warmup Iteration   5: 31645.027 ns/op
Iteration   1: 30924.368 ns/op
Iteration   2: 30232.570 ns/op
Iteration   3: 30374.127 ns/op
Iteration   4: 30894.773 ns/op
Iteration   5: 32762.923 ns/op

# Run progress: 41.67% complete, ETA 00:06:03
# Fork: 2 of 3
WARNING: A terminally deprecated method in sun.misc.Unsafe has been called
WARNING: sun.misc.Unsafe::objectFieldOffset has been called by org.openjdk.jmh.util.Utils (file:/C:/Users/Hareram%20ray/AI/numJ/.tools/jmh/jmh-core-1.37.jar)
WARNING: Please consider reporting this to the maintainers of class org.openjdk.jmh.util.Utils
WARNING: sun.misc.Unsafe::objectFieldOffset will be removed in a future release
# Warmup Iteration   1: 32921.571 ns/op
# Warmup Iteration   2: 30216.179 ns/op
# Warmup Iteration   3: 30127.412 ns/op
# Warmup Iteration   4: 30756.592 ns/op
# Warmup Iteration   5: 30035.619 ns/op
Iteration   1: 30452.317 ns/op
Iteration   2: 31174.164 ns/op
Iteration   3: 30861.212 ns/op
Iteration   4: 31369.681 ns/op
Iteration   5: 31273.374 ns/op

# Run progress: 42.16% complete, ETA 00:05:59
# Fork: 3 of 3
WARNING: A terminally deprecated method in sun.misc.Unsafe has been called
WARNING: sun.misc.Unsafe::objectFieldOffset has been called by org.openjdk.jmh.util.Utils (file:/C:/Users/Hareram%20ray/AI/numJ/.tools/jmh/jmh-core-1.37.jar)
WARNING: Please consider reporting this to the maintainers of class org.openjdk.jmh.util.Utils
WARNING: sun.misc.Unsafe::objectFieldOffset will be removed in a future release
# Warmup Iteration   1: 32225.646 ns/op
# Warmup Iteration   2: 31188.450 ns/op
# Warmup Iteration   3: 31144.714 ns/op
# Warmup Iteration   4: 35181.909 ns/op
# Warmup Iteration   5: 29914.415 ns/op
Iteration   1: 30654.674 ns/op
Iteration   2: 30458.953 ns/op
Iteration   3: 30295.203 ns/op
Iteration   4: 31061.967 ns/op
Iteration   5: 30663.611 ns/op


Result "numj.ReduceBench.java":
  30896.928 ±(99.9%) 672.056 ns/op [Average]
  (min, avg, max) = (30232.570, 30896.928, 32762.923), stdev = 628.642
  CI (99.9%): [30224.872, 31568.984] (assumes normal distribution)


# JMH version: 1.37
# VM version: JDK 25.0.4.1, OpenJDK 64-Bit Server VM, 25.0.4.1+1-LTS
# VM invoker: C:\Users\Hareram ray\AI\numJ\.tools\jdk\bin\java.exe
# VM options: --enable-native-access=ALL-UNNAMED --enable-native-access=ALL-UNNAMED -Xms2g -Xmx2g -XX:+AlwaysPreTouch
# Blackhole mode: compiler (auto-detected, use -Djmh.blackhole.autoDetect=false to disable)
# Warmup: 5 iterations, 200 ms each
# Measurement: 5 iterations, 200 ms each
# Timeout: 10 min per iteration
# Threads: 1 thread, will synchronize iterations
# Benchmark mode: Average time, time/op
# Benchmark: numj.ReduceBench.java
# Parameters: (kind = axis0, n = 10000000)

# Run progress: 42.65% complete, ETA 00:05:55
# Fork: 1 of 3
WARNING: A terminally deprecated method in sun.misc.Unsafe has been called
WARNING: sun.misc.Unsafe::objectFieldOffset has been called by org.openjdk.jmh.util.Utils (file:/C:/Users/Hareram%20ray/AI/numJ/.tools/jmh/jmh-core-1.37.jar)
WARNING: Please consider reporting this to the maintainers of class org.openjdk.jmh.util.Utils
WARNING: sun.misc.Unsafe::objectFieldOffset will be removed in a future release
# Warmup Iteration   1: 6473290.625 ns/op
# Warmup Iteration   2: 6736567.742 ns/op
# Warmup Iteration   3: 6886196.667 ns/op
# Warmup Iteration   4: 6871803.333 ns/op
# Warmup Iteration   5: 6778743.333 ns/op
Iteration   1: 7055562.069 ns/op
Iteration   2: 6483306.452 ns/op
Iteration   3: 6654567.742 ns/op
Iteration   4: 6290531.250 ns/op
Iteration   5: 6851313.333 ns/op

# Run progress: 43.14% complete, ETA 00:05:52
# Fork: 2 of 3
WARNING: A terminally deprecated method in sun.misc.Unsafe has been called
WARNING: sun.misc.Unsafe::objectFieldOffset has been called by org.openjdk.jmh.util.Utils (file:/C:/Users/Hareram%20ray/AI/numJ/.tools/jmh/jmh-core-1.37.jar)
WARNING: Please consider reporting this to the maintainers of class org.openjdk.jmh.util.Utils
WARNING: sun.misc.Unsafe::objectFieldOffset will be removed in a future release
# Warmup Iteration   1: 7405475.000 ns/op
# Warmup Iteration   2: 6702830.000 ns/op
# Warmup Iteration   3: 7011155.172 ns/op
# Warmup Iteration   4: 6467806.250 ns/op
# Warmup Iteration   5: 6840790.000 ns/op
Iteration   1: 7107665.517 ns/op
Iteration   2: 7561014.815 ns/op
Iteration   3: 7244778.571 ns/op
Iteration   4: 7688974.074 ns/op
Iteration   5: 6881213.333 ns/op

# Run progress: 43.63% complete, ETA 00:05:48
# Fork: 3 of 3
WARNING: A terminally deprecated method in sun.misc.Unsafe has been called
WARNING: sun.misc.Unsafe::objectFieldOffset has been called by org.openjdk.jmh.util.Utils (file:/C:/Users/Hareram%20ray/AI/numJ/.tools/jmh/jmh-core-1.37.jar)
WARNING: Please consider reporting this to the maintainers of class org.openjdk.jmh.util.Utils
WARNING: sun.misc.Unsafe::objectFieldOffset will be removed in a future release
# Warmup Iteration   1: 6299284.848 ns/op
# Warmup Iteration   2: 6147084.848 ns/op
# Warmup Iteration   3: 6287462.500 ns/op
# Warmup Iteration   4: 7424967.857 ns/op
# Warmup Iteration   5: 6279684.848 ns/op
Iteration   1: 6645770.968 ns/op
Iteration   2: 6734370.000 ns/op
Iteration   3: 6488996.875 ns/op
Iteration   4: 7113910.345 ns/op
Iteration   5: 6750676.667 ns/op


Result "numj.ReduceBench.java":
  6903510.134 ±(99.9%) 422102.324 ns/op [Average]
  (min, avg, max) = (6290531.250, 6903510.134, 7688974.074), stdev = 394834.776
  CI (99.9%): [6481407.810, 7325612.458] (assumes normal distribution)


# JMH version: 1.37
# VM version: JDK 25.0.4.1, OpenJDK 64-Bit Server VM, 25.0.4.1+1-LTS
# VM invoker: C:\Users\Hareram ray\AI\numJ\.tools\jdk\bin\java.exe
# VM options: --enable-native-access=ALL-UNNAMED --enable-native-access=ALL-UNNAMED -Xms2g -Xmx2g -XX:+AlwaysPreTouch
# Blackhole mode: compiler (auto-detected, use -Djmh.blackhole.autoDetect=false to disable)
# Warmup: 5 iterations, 200 ms each
# Measurement: 5 iterations, 200 ms each
# Timeout: 10 min per iteration
# Threads: 1 thread, will synchronize iterations
# Benchmark mode: Average time, time/op
# Benchmark: numj.ReduceBench.java
# Parameters: (kind = axis1, n = 1000)

# Run progress: 44.12% complete, ETA 00:05:45
# Fork: 1 of 3
WARNING: A terminally deprecated method in sun.misc.Unsafe has been called
WARNING: sun.misc.Unsafe::objectFieldOffset has been called by org.openjdk.jmh.util.Utils (file:/C:/Users/Hareram%20ray/AI/numJ/.tools/jmh/jmh-core-1.37.jar)
WARNING: Please consider reporting this to the maintainers of class org.openjdk.jmh.util.Utils
WARNING: sun.misc.Unsafe::objectFieldOffset will be removed in a future release
# Warmup Iteration   1: 210.161 ns/op
# Warmup Iteration   2: 204.957 ns/op
# Warmup Iteration   3: 218.584 ns/op
# Warmup Iteration   4: 237.149 ns/op
# Warmup Iteration   5: 221.430 ns/op
Iteration   1: 260.104 ns/op
Iteration   2: 222.259 ns/op
Iteration   3: 220.272 ns/op
Iteration   4: 220.707 ns/op
Iteration   5: 222.264 ns/op

# Run progress: 44.61% complete, ETA 00:05:41
# Fork: 2 of 3
WARNING: A terminally deprecated method in sun.misc.Unsafe has been called
WARNING: sun.misc.Unsafe::objectFieldOffset has been called by org.openjdk.jmh.util.Utils (file:/C:/Users/Hareram%20ray/AI/numJ/.tools/jmh/jmh-core-1.37.jar)
WARNING: Please consider reporting this to the maintainers of class org.openjdk.jmh.util.Utils
WARNING: sun.misc.Unsafe::objectFieldOffset will be removed in a future release
# Warmup Iteration   1: 212.852 ns/op
# Warmup Iteration   2: 194.376 ns/op
# Warmup Iteration   3: 224.107 ns/op
# Warmup Iteration   4: 219.059 ns/op
# Warmup Iteration   5: 220.949 ns/op
Iteration   1: 224.413 ns/op
Iteration   2: 218.159 ns/op
Iteration   3: 246.218 ns/op
Iteration   4: 225.454 ns/op
Iteration   5: 222.962 ns/op

# Run progress: 45.10% complete, ETA 00:05:38
# Fork: 3 of 3
WARNING: A terminally deprecated method in sun.misc.Unsafe has been called
WARNING: sun.misc.Unsafe::objectFieldOffset has been called by org.openjdk.jmh.util.Utils (file:/C:/Users/Hareram%20ray/AI/numJ/.tools/jmh/jmh-core-1.37.jar)
WARNING: Please consider reporting this to the maintainers of class org.openjdk.jmh.util.Utils
WARNING: sun.misc.Unsafe::objectFieldOffset will be removed in a future release
# Warmup Iteration   1: 242.796 ns/op
# Warmup Iteration   2: 197.977 ns/op
# Warmup Iteration   3: 218.530 ns/op
# Warmup Iteration   4: 222.609 ns/op
# Warmup Iteration   5: 219.060 ns/op
Iteration   1: 218.369 ns/op
Iteration   2: 225.429 ns/op
Iteration   3: 220.053 ns/op
Iteration   4: 219.521 ns/op
Iteration   5: 226.051 ns/op


Result "numj.ReduceBench.java":
  226.149 ±(99.9%) 12.354 ns/op [Average]
  (min, avg, max) = (218.159, 226.149, 260.104), stdev = 11.556
  CI (99.9%): [213.794, 238.503] (assumes normal distribution)


# JMH version: 1.37
# VM version: JDK 25.0.4.1, OpenJDK 64-Bit Server VM, 25.0.4.1+1-LTS
# VM invoker: C:\Users\Hareram ray\AI\numJ\.tools\jdk\bin\java.exe
# VM options: --enable-native-access=ALL-UNNAMED --enable-native-access=ALL-UNNAMED -Xms2g -Xmx2g -XX:+AlwaysPreTouch
# Blackhole mode: compiler (auto-detected, use -Djmh.blackhole.autoDetect=false to disable)
# Warmup: 5 iterations, 200 ms each
# Measurement: 5 iterations, 200 ms each
# Timeout: 10 min per iteration
# Threads: 1 thread, will synchronize iterations
# Benchmark mode: Average time, time/op
# Benchmark: numj.ReduceBench.java
# Parameters: (kind = axis1, n = 100000)

# Run progress: 45.59% complete, ETA 00:05:34
# Fork: 1 of 3
WARNING: A terminally deprecated method in sun.misc.Unsafe has been called
WARNING: sun.misc.Unsafe::objectFieldOffset has been called by org.openjdk.jmh.util.Utils (file:/C:/Users/Hareram%20ray/AI/numJ/.tools/jmh/jmh-core-1.37.jar)
WARNING: Please consider reporting this to the maintainers of class org.openjdk.jmh.util.Utils
WARNING: sun.misc.Unsafe::objectFieldOffset will be removed in a future release
# Warmup Iteration   1: 40419.408 ns/op
# Warmup Iteration   2: 41140.554 ns/op
# Warmup Iteration   3: 39780.795 ns/op
# Warmup Iteration   4: 39870.610 ns/op
# Warmup Iteration   5: 39565.627 ns/op
Iteration   1: 40424.965 ns/op
Iteration   2: 39355.386 ns/op
Iteration   3: 38915.724 ns/op
Iteration   4: 39115.078 ns/op
Iteration   5: 39152.978 ns/op

# Run progress: 46.08% complete, ETA 00:05:31
# Fork: 2 of 3
WARNING: A terminally deprecated method in sun.misc.Unsafe has been called
WARNING: sun.misc.Unsafe::objectFieldOffset has been called by org.openjdk.jmh.util.Utils (file:/C:/Users/Hareram%20ray/AI/numJ/.tools/jmh/jmh-core-1.37.jar)
WARNING: Please consider reporting this to the maintainers of class org.openjdk.jmh.util.Utils
WARNING: sun.misc.Unsafe::objectFieldOffset will be removed in a future release
# Warmup Iteration   1: 38863.712 ns/op
# Warmup Iteration   2: 38601.386 ns/op
# Warmup Iteration   3: 38326.866 ns/op
# Warmup Iteration   4: 39390.748 ns/op
# Warmup Iteration   5: 39084.803 ns/op
Iteration   1: 39489.373 ns/op
Iteration   2: 39667.496 ns/op
Iteration   3: 40198.160 ns/op
Iteration   4: 40611.521 ns/op
Iteration   5: 39653.857 ns/op

# Run progress: 46.57% complete, ETA 00:05:27
# Fork: 3 of 3
WARNING: A terminally deprecated method in sun.misc.Unsafe has been called
WARNING: sun.misc.Unsafe::objectFieldOffset has been called by org.openjdk.jmh.util.Utils (file:/C:/Users/Hareram%20ray/AI/numJ/.tools/jmh/jmh-core-1.37.jar)
WARNING: Please consider reporting this to the maintainers of class org.openjdk.jmh.util.Utils
WARNING: sun.misc.Unsafe::objectFieldOffset will be removed in a future release
# Warmup Iteration   1: 39892.706 ns/op
# Warmup Iteration   2: 39491.245 ns/op
# Warmup Iteration   3: 38710.850 ns/op
# Warmup Iteration   4: 39978.663 ns/op
# Warmup Iteration   5: 39516.578 ns/op
Iteration   1: 59084.763 ns/op
Iteration   2: 42774.010 ns/op
Iteration   3: 40161.868 ns/op
Iteration   4: 39047.191 ns/op
Iteration   5: 39576.731 ns/op


Result "numj.ReduceBench.java":
  41148.607 ±(99.9%) 5401.694 ns/op [Average]
  (min, avg, max) = (38915.724, 41148.607, 59084.763), stdev = 5052.748
  CI (99.9%): [35746.912, 46550.301] (assumes normal distribution)


# JMH version: 1.37
# VM version: JDK 25.0.4.1, OpenJDK 64-Bit Server VM, 25.0.4.1+1-LTS
# VM invoker: C:\Users\Hareram ray\AI\numJ\.tools\jdk\bin\java.exe
# VM options: --enable-native-access=ALL-UNNAMED --enable-native-access=ALL-UNNAMED -Xms2g -Xmx2g -XX:+AlwaysPreTouch
# Blackhole mode: compiler (auto-detected, use -Djmh.blackhole.autoDetect=false to disable)
# Warmup: 5 iterations, 200 ms each
# Measurement: 5 iterations, 200 ms each
# Timeout: 10 min per iteration
# Threads: 1 thread, will synchronize iterations
# Benchmark mode: Average time, time/op
# Benchmark: numj.ReduceBench.java
# Parameters: (kind = axis1, n = 10000000)

# Run progress: 47.06% complete, ETA 00:05:24
# Fork: 1 of 3
WARNING: A terminally deprecated method in sun.misc.Unsafe has been called
WARNING: sun.misc.Unsafe::objectFieldOffset has been called by org.openjdk.jmh.util.Utils (file:/C:/Users/Hareram%20ray/AI/numJ/.tools/jmh/jmh-core-1.37.jar)
WARNING: Please consider reporting this to the maintainers of class org.openjdk.jmh.util.Utils
WARNING: sun.misc.Unsafe::objectFieldOffset will be removed in a future release
# Warmup Iteration   1: 6823706.667 ns/op
# Warmup Iteration   2: 7908046.154 ns/op
# Warmup Iteration   3: 6998158.621 ns/op
# Warmup Iteration   4: 7355453.571 ns/op
# Warmup Iteration   5: 7423114.286 ns/op
Iteration   1: 7454351.852 ns/op
Iteration   2: 7624818.519 ns/op
Iteration   3: 7547637.037 ns/op
Iteration   4: 7349542.857 ns/op
Iteration   5: 7943546.154 ns/op

# Run progress: 47.55% complete, ETA 00:05:21
# Fork: 2 of 3
WARNING: A terminally deprecated method in sun.misc.Unsafe has been called
WARNING: sun.misc.Unsafe::objectFieldOffset has been called by org.openjdk.jmh.util.Utils (file:/C:/Users/Hareram%20ray/AI/numJ/.tools/jmh/jmh-core-1.37.jar)
WARNING: Please consider reporting this to the maintainers of class org.openjdk.jmh.util.Utils
WARNING: sun.misc.Unsafe::objectFieldOffset will be removed in a future release
# Warmup Iteration   1: 7497396.296 ns/op
# Warmup Iteration   2: 6728300.000 ns/op
# Warmup Iteration   3: 6892863.333 ns/op
# Warmup Iteration   4: 6918496.667 ns/op
# Warmup Iteration   5: 6973444.828 ns/op
Iteration   1: 7617392.593 ns/op
Iteration   2: 7422914.286 ns/op
Iteration   3: 8217752.000 ns/op
Iteration   4: 8548229.167 ns/op
Iteration   5: 7546214.815 ns/op

# Run progress: 48.04% complete, ETA 00:05:17
# Fork: 3 of 3
WARNING: A terminally deprecated method in sun.misc.Unsafe has been called
WARNING: sun.misc.Unsafe::objectFieldOffset has been called by org.openjdk.jmh.util.Utils (file:/C:/Users/Hareram%20ray/AI/numJ/.tools/jmh/jmh-core-1.37.jar)
WARNING: Please consider reporting this to the maintainers of class org.openjdk.jmh.util.Utils
WARNING: sun.misc.Unsafe::objectFieldOffset will be removed in a future release
# Warmup Iteration   1: 6771233.333 ns/op
# Warmup Iteration   2: 6788626.667 ns/op
# Warmup Iteration   3: 6848866.667 ns/op
# Warmup Iteration   4: 7240667.857 ns/op
# Warmup Iteration   5: 7544170.370 ns/op
Iteration   1: 7061272.414 ns/op
Iteration   2: 6834676.667 ns/op
Iteration   3: 7124717.241 ns/op
Iteration   4: 6973665.517 ns/op
Iteration   5: 7045575.862 ns/op


Result "numj.ReduceBench.java":
  7487487.132 ±(99.9%) 505670.815 ns/op [Average]
  (min, avg, max) = (6834676.667, 7487487.132, 8548229.167), stdev = 473004.794
  CI (99.9%): [6981816.317, 7993157.947] (assumes normal distribution)


# JMH version: 1.37
# VM version: JDK 25.0.4.1, OpenJDK 64-Bit Server VM, 25.0.4.1+1-LTS
# VM invoker: C:\Users\Hareram ray\AI\numJ\.tools\jdk\bin\java.exe
# VM options: --enable-native-access=ALL-UNNAMED --enable-native-access=ALL-UNNAMED -Xms2g -Xmx2g -XX:+AlwaysPreTouch
# Blackhole mode: compiler (auto-detected, use -Djmh.blackhole.autoDetect=false to disable)
# Warmup: 5 iterations, 200 ms each
# Measurement: 5 iterations, 200 ms each
# Timeout: 10 min per iteration
# Threads: 1 thread, will synchronize iterations
# Benchmark mode: Average time, time/op
# Benchmark: numj.ReduceBench.java
# Parameters: (kind = allT, n = 1000)

# Run progress: 48.53% complete, ETA 00:05:14
# Fork: 1 of 3
WARNING: A terminally deprecated method in sun.misc.Unsafe has been called
WARNING: sun.misc.Unsafe::objectFieldOffset has been called by org.openjdk.jmh.util.Utils (file:/C:/Users/Hareram%20ray/AI/numJ/.tools/jmh/jmh-core-1.37.jar)
WARNING: Please consider reporting this to the maintainers of class org.openjdk.jmh.util.Utils
WARNING: sun.misc.Unsafe::objectFieldOffset will be removed in a future release
# Warmup Iteration   1: 488.713 ns/op
# Warmup Iteration   2: 541.177 ns/op
# Warmup Iteration   3: 554.164 ns/op
# Warmup Iteration   4: 443.210 ns/op
# Warmup Iteration   5: 472.229 ns/op
Iteration   1: 505.151 ns/op
Iteration   2: 441.272 ns/op
Iteration   3: 432.194 ns/op
Iteration   4: 435.203 ns/op
Iteration   5: 442.271 ns/op

# Run progress: 49.02% complete, ETA 00:05:11
# Fork: 2 of 3
WARNING: A terminally deprecated method in sun.misc.Unsafe has been called
WARNING: sun.misc.Unsafe::objectFieldOffset has been called by org.openjdk.jmh.util.Utils (file:/C:/Users/Hareram%20ray/AI/numJ/.tools/jmh/jmh-core-1.37.jar)
WARNING: Please consider reporting this to the maintainers of class org.openjdk.jmh.util.Utils
WARNING: sun.misc.Unsafe::objectFieldOffset will be removed in a future release
# Warmup Iteration   1: 455.706 ns/op
# Warmup Iteration   2: 431.633 ns/op
# Warmup Iteration   3: 446.145 ns/op
# Warmup Iteration   4: 435.107 ns/op
# Warmup Iteration   5: 431.618 ns/op
Iteration   1: 436.118 ns/op
Iteration   2: 443.510 ns/op
Iteration   3: 441.859 ns/op
Iteration   4: 445.747 ns/op
Iteration   5: 434.827 ns/op

# Run progress: 49.51% complete, ETA 00:05:07
# Fork: 3 of 3
WARNING: A terminally deprecated method in sun.misc.Unsafe has been called
WARNING: sun.misc.Unsafe::objectFieldOffset has been called by org.openjdk.jmh.util.Utils (file:/C:/Users/Hareram%20ray/AI/numJ/.tools/jmh/jmh-core-1.37.jar)
WARNING: Please consider reporting this to the maintainers of class org.openjdk.jmh.util.Utils
WARNING: sun.misc.Unsafe::objectFieldOffset will be removed in a future release
# Warmup Iteration   1: 467.385 ns/op
# Warmup Iteration   2: 437.846 ns/op
# Warmup Iteration   3: 431.439 ns/op
# Warmup Iteration   4: 436.069 ns/op
# Warmup Iteration   5: 446.415 ns/op
Iteration   1: 442.328 ns/op
Iteration   2: 436.326 ns/op
Iteration   3: 451.518 ns/op
Iteration   4: 444.996 ns/op
Iteration   5: 438.978 ns/op


Result "numj.ReduceBench.java":
  444.820 ±(99.9%) 18.638 ns/op [Average]
  (min, avg, max) = (432.194, 444.820, 505.151), stdev = 17.434
  CI (99.9%): [426.182, 463.458] (assumes normal distribution)


# JMH version: 1.37
# VM version: JDK 25.0.4.1, OpenJDK 64-Bit Server VM, 25.0.4.1+1-LTS
# VM invoker: C:\Users\Hareram ray\AI\numJ\.tools\jdk\bin\java.exe
# VM options: --enable-native-access=ALL-UNNAMED --enable-native-access=ALL-UNNAMED -Xms2g -Xmx2g -XX:+AlwaysPreTouch
# Blackhole mode: compiler (auto-detected, use -Djmh.blackhole.autoDetect=false to disable)
# Warmup: 5 iterations, 200 ms each
# Measurement: 5 iterations, 200 ms each
# Timeout: 10 min per iteration
# Threads: 1 thread, will synchronize iterations
# Benchmark mode: Average time, time/op
# Benchmark: numj.ReduceBench.java
# Parameters: (kind = allT, n = 100000)

# Run progress: 50.00% complete, ETA 00:05:04
# Fork: 1 of 3
WARNING: A terminally deprecated method in sun.misc.Unsafe has been called
WARNING: sun.misc.Unsafe::objectFieldOffset has been called by org.openjdk.jmh.util.Utils (file:/C:/Users/Hareram%20ray/AI/numJ/.tools/jmh/jmh-core-1.37.jar)
WARNING: Please consider reporting this to the maintainers of class org.openjdk.jmh.util.Utils
WARNING: sun.misc.Unsafe::objectFieldOffset will be removed in a future release
# Warmup Iteration   1: 48009.222 ns/op
# Warmup Iteration   2: 47023.811 ns/op
# Warmup Iteration   3: 48319.147 ns/op
# Warmup Iteration   4: 48292.344 ns/op
# Warmup Iteration   5: 47544.175 ns/op
Iteration   1: 48286.050 ns/op
Iteration   2: 48852.538 ns/op
Iteration   3: 48947.517 ns/op
Iteration   4: 48463.785 ns/op
Iteration   5: 47915.317 ns/op

# Run progress: 50.49% complete, ETA 00:05:00
# Fork: 2 of 3
WARNING: A terminally deprecated method in sun.misc.Unsafe has been called
WARNING: sun.misc.Unsafe::objectFieldOffset has been called by org.openjdk.jmh.util.Utils (file:/C:/Users/Hareram%20ray/AI/numJ/.tools/jmh/jmh-core-1.37.jar)
WARNING: Please consider reporting this to the maintainers of class org.openjdk.jmh.util.Utils
WARNING: sun.misc.Unsafe::objectFieldOffset will be removed in a future release
# Warmup Iteration   1: 53405.958 ns/op
# Warmup Iteration   2: 51957.743 ns/op
# Warmup Iteration   3: 55231.872 ns/op
# Warmup Iteration   4: 56703.921 ns/op
# Warmup Iteration   5: 54805.924 ns/op
Iteration   1: 52374.433 ns/op
Iteration   2: 53942.483 ns/op
Iteration   3: 49399.185 ns/op
Iteration   4: 47767.318 ns/op
Iteration   5: 48548.208 ns/op

# Run progress: 50.98% complete, ETA 00:04:57
# Fork: 3 of 3
WARNING: A terminally deprecated method in sun.misc.Unsafe has been called
WARNING: sun.misc.Unsafe::objectFieldOffset has been called by org.openjdk.jmh.util.Utils (file:/C:/Users/Hareram%20ray/AI/numJ/.tools/jmh/jmh-core-1.37.jar)
WARNING: Please consider reporting this to the maintainers of class org.openjdk.jmh.util.Utils
WARNING: sun.misc.Unsafe::objectFieldOffset will be removed in a future release
# Warmup Iteration   1: 48626.269 ns/op
# Warmup Iteration   2: 49172.186 ns/op
# Warmup Iteration   3: 46797.904 ns/op
# Warmup Iteration   4: 50044.971 ns/op
# Warmup Iteration   5: 49562.967 ns/op
Iteration   1: 47208.422 ns/op
Iteration   2: 46924.698 ns/op
Iteration   3: 48066.086 ns/op
Iteration   4: 48364.987 ns/op
Iteration   5: 48205.441 ns/op


Result "numj.ReduceBench.java":
  48884.431 ±(99.9%) 1998.380 ns/op [Average]
  (min, avg, max) = (46924.698, 48884.431, 53942.483), stdev = 1869.286
  CI (99.9%): [46886.051, 50882.812] (assumes normal distribution)


# JMH version: 1.37
# VM version: JDK 25.0.4.1, OpenJDK 64-Bit Server VM, 25.0.4.1+1-LTS
# VM invoker: C:\Users\Hareram ray\AI\numJ\.tools\jdk\bin\java.exe
# VM options: --enable-native-access=ALL-UNNAMED --enable-native-access=ALL-UNNAMED -Xms2g -Xmx2g -XX:+AlwaysPreTouch
# Blackhole mode: compiler (auto-detected, use -Djmh.blackhole.autoDetect=false to disable)
# Warmup: 5 iterations, 200 ms each
# Measurement: 5 iterations, 200 ms each
# Timeout: 10 min per iteration
# Threads: 1 thread, will synchronize iterations
# Benchmark mode: Average time, time/op
# Benchmark: numj.ReduceBench.java
# Parameters: (kind = allT, n = 10000000)

# Run progress: 51.47% complete, ETA 00:04:54
# Fork: 1 of 3
WARNING: A terminally deprecated method in sun.misc.Unsafe has been called
WARNING: sun.misc.Unsafe::objectFieldOffset has been called by org.openjdk.jmh.util.Utils (file:/C:/Users/Hareram%20ray/AI/numJ/.tools/jmh/jmh-core-1.37.jar)
WARNING: Please consider reporting this to the maintainers of class org.openjdk.jmh.util.Utils
WARNING: sun.misc.Unsafe::objectFieldOffset will be removed in a future release
# Warmup Iteration   1: 7643248.148 ns/op
# Warmup Iteration   2: 7125741.379 ns/op
# Warmup Iteration   3: 7256414.286 ns/op
# Warmup Iteration   4: 7140606.897 ns/op
# Warmup Iteration   5: 7087810.345 ns/op
Iteration   1: 7214662.069 ns/op
Iteration   2: 7476521.429 ns/op
Iteration   3: 7074165.517 ns/op
Iteration   4: 7063344.828 ns/op
Iteration   5: 6717706.667 ns/op

# Run progress: 51.96% complete, ETA 00:04:51
# Fork: 2 of 3
WARNING: A terminally deprecated method in sun.misc.Unsafe has been called
WARNING: sun.misc.Unsafe::objectFieldOffset has been called by org.openjdk.jmh.util.Utils (file:/C:/Users/Hareram%20ray/AI/numJ/.tools/jmh/jmh-core-1.37.jar)
WARNING: Please consider reporting this to the maintainers of class org.openjdk.jmh.util.Utils
WARNING: sun.misc.Unsafe::objectFieldOffset will be removed in a future release
# Warmup Iteration   1: 6828040.000 ns/op
# Warmup Iteration   2: 6942500.000 ns/op
# Warmup Iteration   3: 7473822.222 ns/op
# Warmup Iteration   4: 7764176.923 ns/op
# Warmup Iteration   5: 7439092.593 ns/op
Iteration   1: 8103532.000 ns/op
Iteration   2: 7516181.481 ns/op
Iteration   3: 6691853.333 ns/op
Iteration   4: 6940872.414 ns/op
Iteration   5: 7219989.655 ns/op

# Run progress: 52.45% complete, ETA 00:04:47
# Fork: 3 of 3
WARNING: A terminally deprecated method in sun.misc.Unsafe has been called
WARNING: sun.misc.Unsafe::objectFieldOffset has been called by org.openjdk.jmh.util.Utils (file:/C:/Users/Hareram%20ray/AI/numJ/.tools/jmh/jmh-core-1.37.jar)
WARNING: Please consider reporting this to the maintainers of class org.openjdk.jmh.util.Utils
WARNING: sun.misc.Unsafe::objectFieldOffset will be removed in a future release
# Warmup Iteration   1: 6859630.000 ns/op
# Warmup Iteration   2: 6854230.000 ns/op
# Warmup Iteration   3: 7484633.333 ns/op
# Warmup Iteration   4: 7082300.000 ns/op
# Warmup Iteration   5: 7379778.571 ns/op
Iteration   1: 7593611.111 ns/op
Iteration   2: 8794929.167 ns/op
Iteration   3: 7539085.185 ns/op
Iteration   4: 7525057.143 ns/op
Iteration   5: 7759615.385 ns/op


Result "numj.ReduceBench.java":
  7415408.492 ±(99.9%) 580115.623 ns/op [Average]
  (min, avg, max) = (6691853.333, 7415408.492, 8794929.167), stdev = 542640.514
  CI (99.9%): [6835292.869, 7995524.115] (assumes normal distribution)


# JMH version: 1.37
# VM version: JDK 25.0.4.1, OpenJDK 64-Bit Server VM, 25.0.4.1+1-LTS
# VM invoker: C:\Users\Hareram ray\AI\numJ\.tools\jdk\bin\java.exe
# VM options: --enable-native-access=ALL-UNNAMED --enable-native-access=ALL-UNNAMED -Xms2g -Xmx2g -XX:+AlwaysPreTouch
# Blackhole mode: compiler (auto-detected, use -Djmh.blackhole.autoDetect=false to disable)
# Warmup: 5 iterations, 200 ms each
# Measurement: 5 iterations, 200 ms each
# Timeout: 10 min per iteration
# Threads: 1 thread, will synchronize iterations
# Benchmark mode: Average time, time/op
# Benchmark: numj.ReduceBench.numj
# Parameters: (kind = all, n = 1000)

# Run progress: 52.94% complete, ETA 00:04:44
# Fork: 1 of 3
WARNING: A terminally deprecated method in sun.misc.Unsafe has been called
WARNING: sun.misc.Unsafe::objectFieldOffset has been called by org.openjdk.jmh.util.Utils (file:/C:/Users/Hareram%20ray/AI/numJ/.tools/jmh/jmh-core-1.37.jar)
WARNING: Please consider reporting this to the maintainers of class org.openjdk.jmh.util.Utils
WARNING: sun.misc.Unsafe::objectFieldOffset will be removed in a future release
# Warmup Iteration   1: 80.464 ns/op
# Warmup Iteration   2: 42.991 ns/op
# Warmup Iteration   3: 41.312 ns/op
# Warmup Iteration   4: 41.067 ns/op
# Warmup Iteration   5: 41.444 ns/op
Iteration   1: 43.568 ns/op
Iteration   2: 40.642 ns/op
Iteration   3: 41.126 ns/op
Iteration   4: 40.877 ns/op
Iteration   5: 40.659 ns/op

# Run progress: 53.43% complete, ETA 00:04:41
# Fork: 2 of 3
WARNING: A terminally deprecated method in sun.misc.Unsafe has been called
WARNING: sun.misc.Unsafe::objectFieldOffset has been called by org.openjdk.jmh.util.Utils (file:/C:/Users/Hareram%20ray/AI/numJ/.tools/jmh/jmh-core-1.37.jar)
WARNING: Please consider reporting this to the maintainers of class org.openjdk.jmh.util.Utils
WARNING: sun.misc.Unsafe::objectFieldOffset will be removed in a future release
# Warmup Iteration   1: 77.300 ns/op
# Warmup Iteration   2: 42.558 ns/op
# Warmup Iteration   3: 42.642 ns/op
# Warmup Iteration   4: 42.356 ns/op
# Warmup Iteration   5: 42.840 ns/op
Iteration   1: 43.334 ns/op
Iteration   2: 44.593 ns/op
Iteration   3: 44.457 ns/op
Iteration   4: 42.417 ns/op
Iteration   5: 42.651 ns/op

# Run progress: 53.92% complete, ETA 00:04:38
# Fork: 3 of 3
WARNING: A terminally deprecated method in sun.misc.Unsafe has been called
WARNING: sun.misc.Unsafe::objectFieldOffset has been called by org.openjdk.jmh.util.Utils (file:/C:/Users/Hareram%20ray/AI/numJ/.tools/jmh/jmh-core-1.37.jar)
WARNING: Please consider reporting this to the maintainers of class org.openjdk.jmh.util.Utils
WARNING: sun.misc.Unsafe::objectFieldOffset will be removed in a future release
# Warmup Iteration   1: 81.791 ns/op
# Warmup Iteration   2: 43.258 ns/op
# Warmup Iteration   3: 42.344 ns/op
# Warmup Iteration   4: 42.150 ns/op
# Warmup Iteration   5: 42.369 ns/op
Iteration   1: 42.472 ns/op
Iteration   2: 41.004 ns/op
Iteration   3: 42.083 ns/op
Iteration   4: 47.838 ns/op
Iteration   5: 41.839 ns/op


Result "numj.ReduceBench.numj":
  42.637 ±(99.9%) 2.070 ns/op [Average]
  (min, avg, max) = (40.642, 42.637, 47.838), stdev = 1.936
  CI (99.9%): [40.567, 44.707] (assumes normal distribution)


# JMH version: 1.37
# VM version: JDK 25.0.4.1, OpenJDK 64-Bit Server VM, 25.0.4.1+1-LTS
# VM invoker: C:\Users\Hareram ray\AI\numJ\.tools\jdk\bin\java.exe
# VM options: --enable-native-access=ALL-UNNAMED --enable-native-access=ALL-UNNAMED -Xms2g -Xmx2g -XX:+AlwaysPreTouch
# Blackhole mode: compiler (auto-detected, use -Djmh.blackhole.autoDetect=false to disable)
# Warmup: 5 iterations, 200 ms each
# Measurement: 5 iterations, 200 ms each
# Timeout: 10 min per iteration
# Threads: 1 thread, will synchronize iterations
# Benchmark mode: Average time, time/op
# Benchmark: numj.ReduceBench.numj
# Parameters: (kind = all, n = 100000)

# Run progress: 54.41% complete, ETA 00:04:34
# Fork: 1 of 3
WARNING: A terminally deprecated method in sun.misc.Unsafe has been called
WARNING: sun.misc.Unsafe::objectFieldOffset has been called by org.openjdk.jmh.util.Utils (file:/C:/Users/Hareram%20ray/AI/numJ/.tools/jmh/jmh-core-1.37.jar)
WARNING: Please consider reporting this to the maintainers of class org.openjdk.jmh.util.Utils
WARNING: sun.misc.Unsafe::objectFieldOffset will be removed in a future release
# Warmup Iteration   1: 10910.484 ns/op
# Warmup Iteration   2: 5170.575 ns/op
# Warmup Iteration   3: 5224.526 ns/op
# Warmup Iteration   4: 5014.200 ns/op
# Warmup Iteration   5: 5237.152 ns/op
Iteration   1: 5085.378 ns/op
Iteration   2: 5080.124 ns/op
Iteration   3: 5056.222 ns/op
Iteration   4: 5098.088 ns/op
Iteration   5: 5009.726 ns/op

# Run progress: 54.90% complete, ETA 00:04:31
# Fork: 2 of 3
WARNING: A terminally deprecated method in sun.misc.Unsafe has been called
WARNING: sun.misc.Unsafe::objectFieldOffset has been called by org.openjdk.jmh.util.Utils (file:/C:/Users/Hareram%20ray/AI/numJ/.tools/jmh/jmh-core-1.37.jar)
WARNING: Please consider reporting this to the maintainers of class org.openjdk.jmh.util.Utils
WARNING: sun.misc.Unsafe::objectFieldOffset will be removed in a future release
# Warmup Iteration   1: 9158.470 ns/op
# Warmup Iteration   2: 5136.640 ns/op
# Warmup Iteration   3: 5329.495 ns/op
# Warmup Iteration   4: 5064.281 ns/op
# Warmup Iteration   5: 5339.693 ns/op
Iteration   1: 5329.555 ns/op
Iteration   2: 5170.519 ns/op
Iteration   3: 5259.366 ns/op
Iteration   4: 5217.491 ns/op
Iteration   5: 5144.590 ns/op

# Run progress: 55.39% complete, ETA 00:04:28
# Fork: 3 of 3
WARNING: A terminally deprecated method in sun.misc.Unsafe has been called
WARNING: sun.misc.Unsafe::objectFieldOffset has been called by org.openjdk.jmh.util.Utils (file:/C:/Users/Hareram%20ray/AI/numJ/.tools/jmh/jmh-core-1.37.jar)
WARNING: Please consider reporting this to the maintainers of class org.openjdk.jmh.util.Utils
WARNING: sun.misc.Unsafe::objectFieldOffset will be removed in a future release
# Warmup Iteration   1: 10813.881 ns/op
# Warmup Iteration   2: 5004.788 ns/op
# Warmup Iteration   3: 4898.693 ns/op
# Warmup Iteration   4: 4947.422 ns/op
# Warmup Iteration   5: 5023.584 ns/op
Iteration   1: 4973.936 ns/op
Iteration   2: 5113.498 ns/op
Iteration   3: 5074.973 ns/op
Iteration   4: 5146.010 ns/op
Iteration   5: 6058.149 ns/op


Result "numj.ReduceBench.numj":
  5187.842 ±(99.9%) 275.635 ns/op [Average]
  (min, avg, max) = (4973.936, 5187.842, 6058.149), stdev = 257.829
  CI (99.9%): [4912.207, 5463.477] (assumes normal distribution)


# JMH version: 1.37
# VM version: JDK 25.0.4.1, OpenJDK 64-Bit Server VM, 25.0.4.1+1-LTS
# VM invoker: C:\Users\Hareram ray\AI\numJ\.tools\jdk\bin\java.exe
# VM options: --enable-native-access=ALL-UNNAMED --enable-native-access=ALL-UNNAMED -Xms2g -Xmx2g -XX:+AlwaysPreTouch
# Blackhole mode: compiler (auto-detected, use -Djmh.blackhole.autoDetect=false to disable)
# Warmup: 5 iterations, 200 ms each
# Measurement: 5 iterations, 200 ms each
# Timeout: 10 min per iteration
# Threads: 1 thread, will synchronize iterations
# Benchmark mode: Average time, time/op
# Benchmark: numj.ReduceBench.numj
# Parameters: (kind = all, n = 10000000)

# Run progress: 55.88% complete, ETA 00:04:25
# Fork: 1 of 3
WARNING: A terminally deprecated method in sun.misc.Unsafe has been called
WARNING: sun.misc.Unsafe::objectFieldOffset has been called by org.openjdk.jmh.util.Utils (file:/C:/Users/Hareram%20ray/AI/numJ/.tools/jmh/jmh-core-1.37.jar)
WARNING: Please consider reporting this to the maintainers of class org.openjdk.jmh.util.Utils
WARNING: sun.misc.Unsafe::objectFieldOffset will be removed in a future release
# Warmup Iteration   1: 9762638.095 ns/op
# Warmup Iteration   2: 7946223.077 ns/op
# Warmup Iteration   3: 8002184.615 ns/op
# Warmup Iteration   4: 7585996.296 ns/op
# Warmup Iteration   5: 9151304.545 ns/op
Iteration   1: 6967151.724 ns/op
Iteration   2: 6515551.613 ns/op
Iteration   3: 7520777.778 ns/op
Iteration   4: 6891123.333 ns/op
Iteration   5: 5894174.286 ns/op

# Run progress: 56.37% complete, ETA 00:04:21
# Fork: 2 of 3
WARNING: A terminally deprecated method in sun.misc.Unsafe has been called
WARNING: sun.misc.Unsafe::objectFieldOffset has been called by org.openjdk.jmh.util.Utils (file:/C:/Users/Hareram%20ray/AI/numJ/.tools/jmh/jmh-core-1.37.jar)
WARNING: Please consider reporting this to the maintainers of class org.openjdk.jmh.util.Utils
WARNING: sun.misc.Unsafe::objectFieldOffset will be removed in a future release
# Warmup Iteration   1: 9417500.000 ns/op
# Warmup Iteration   2: 5911005.714 ns/op
# Warmup Iteration   3: 6958917.241 ns/op
# Warmup Iteration   4: 5968082.353 ns/op
# Warmup Iteration   5: 6526809.375 ns/op
Iteration   1: 6446403.125 ns/op
Iteration   2: 6818536.667 ns/op
Iteration   3: 6468029.032 ns/op
Iteration   4: 6491061.290 ns/op
Iteration   5: 6307815.152 ns/op

# Run progress: 56.86% complete, ETA 00:04:18
# Fork: 3 of 3
WARNING: A terminally deprecated method in sun.misc.Unsafe has been called
WARNING: sun.misc.Unsafe::objectFieldOffset has been called by org.openjdk.jmh.util.Utils (file:/C:/Users/Hareram%20ray/AI/numJ/.tools/jmh/jmh-core-1.37.jar)
WARNING: Please consider reporting this to the maintainers of class org.openjdk.jmh.util.Utils
WARNING: sun.misc.Unsafe::objectFieldOffset will be removed in a future release
# Warmup Iteration   1: 10275405.000 ns/op
# Warmup Iteration   2: 7018641.379 ns/op
# Warmup Iteration   3: 7864829.630 ns/op
# Warmup Iteration   4: 6376453.125 ns/op
# Warmup Iteration   5: 8826933.333 ns/op
Iteration   1: 7177317.857 ns/op
Iteration   2: 8279812.000 ns/op
Iteration   3: 8505454.167 ns/op
Iteration   4: 7751511.538 ns/op
Iteration   5: 7737573.077 ns/op


Result "numj.ReduceBench.numj":
  7051486.176 ±(99.9%) 813519.700 ns/op [Average]
  (min, avg, max) = (5894174.286, 7051486.176, 8505454.167), stdev = 760966.832
  CI (99.9%): [6237966.476, 7865005.876] (assumes normal distribution)


# JMH version: 1.37
# VM version: JDK 25.0.4.1, OpenJDK 64-Bit Server VM, 25.0.4.1+1-LTS
# VM invoker: C:\Users\Hareram ray\AI\numJ\.tools\jdk\bin\java.exe
# VM options: --enable-native-access=ALL-UNNAMED --enable-native-access=ALL-UNNAMED -Xms2g -Xmx2g -XX:+AlwaysPreTouch
# Blackhole mode: compiler (auto-detected, use -Djmh.blackhole.autoDetect=false to disable)
# Warmup: 5 iterations, 200 ms each
# Measurement: 5 iterations, 200 ms each
# Timeout: 10 min per iteration
# Threads: 1 thread, will synchronize iterations
# Benchmark mode: Average time, time/op
# Benchmark: numj.ReduceBench.numj
# Parameters: (kind = axis0, n = 1000)

# Run progress: 57.35% complete, ETA 00:04:15
# Fork: 1 of 3
WARNING: A terminally deprecated method in sun.misc.Unsafe has been called
WARNING: sun.misc.Unsafe::objectFieldOffset has been called by org.openjdk.jmh.util.Utils (file:/C:/Users/Hareram%20ray/AI/numJ/.tools/jmh/jmh-core-1.37.jar)
WARNING: Please consider reporting this to the maintainers of class org.openjdk.jmh.util.Utils
WARNING: sun.misc.Unsafe::objectFieldOffset will be removed in a future release
# Warmup Iteration   1: 1837.020 ns/op
# Warmup Iteration   2: 569.460 ns/op
# Warmup Iteration   3: 547.457 ns/op
# Warmup Iteration   4: 552.757 ns/op
# Warmup Iteration   5: 544.086 ns/op
Iteration   1: 559.022 ns/op
Iteration   2: 555.298 ns/op
Iteration   3: 545.512 ns/op
Iteration   4: 547.392 ns/op
Iteration   5: 554.806 ns/op

# Run progress: 57.84% complete, ETA 00:04:12
# Fork: 2 of 3
WARNING: A terminally deprecated method in sun.misc.Unsafe has been called
WARNING: sun.misc.Unsafe::objectFieldOffset has been called by org.openjdk.jmh.util.Utils (file:/C:/Users/Hareram%20ray/AI/numJ/.tools/jmh/jmh-core-1.37.jar)
WARNING: Please consider reporting this to the maintainers of class org.openjdk.jmh.util.Utils
WARNING: sun.misc.Unsafe::objectFieldOffset will be removed in a future release
# Warmup Iteration   1: 1197.049 ns/op
# Warmup Iteration   2: 561.311 ns/op
# Warmup Iteration   3: 554.176 ns/op
# Warmup Iteration   4: 561.392 ns/op
# Warmup Iteration   5: 551.152 ns/op
Iteration   1: 559.860 ns/op
Iteration   2: 561.404 ns/op
Iteration   3: 549.889 ns/op
Iteration   4: 568.386 ns/op
Iteration   5: 540.596 ns/op

# Run progress: 58.33% complete, ETA 00:04:09
# Fork: 3 of 3
WARNING: A terminally deprecated method in sun.misc.Unsafe has been called
WARNING: sun.misc.Unsafe::objectFieldOffset has been called by org.openjdk.jmh.util.Utils (file:/C:/Users/Hareram%20ray/AI/numJ/.tools/jmh/jmh-core-1.37.jar)
WARNING: Please consider reporting this to the maintainers of class org.openjdk.jmh.util.Utils
WARNING: sun.misc.Unsafe::objectFieldOffset will be removed in a future release
# Warmup Iteration   1: 1951.864 ns/op
# Warmup Iteration   2: 593.929 ns/op
# Warmup Iteration   3: 552.828 ns/op
# Warmup Iteration   4: 598.417 ns/op
# Warmup Iteration   5: 543.623 ns/op
Iteration   1: 561.131 ns/op
Iteration   2: 897.625 ns/op
Iteration   3: 627.916 ns/op
Iteration   4: 570.128 ns/op
Iteration   5: 572.669 ns/op


Result "numj.ReduceBench.numj":
  584.776 ±(99.9%) 95.033 ns/op [Average]
  (min, avg, max) = (540.596, 584.776, 897.625), stdev = 88.894
  CI (99.9%): [489.742, 679.809] (assumes normal distribution)


# JMH version: 1.37
# VM version: JDK 25.0.4.1, OpenJDK 64-Bit Server VM, 25.0.4.1+1-LTS
# VM invoker: C:\Users\Hareram ray\AI\numJ\.tools\jdk\bin\java.exe
# VM options: --enable-native-access=ALL-UNNAMED --enable-native-access=ALL-UNNAMED -Xms2g -Xmx2g -XX:+AlwaysPreTouch
# Blackhole mode: compiler (auto-detected, use -Djmh.blackhole.autoDetect=false to disable)
# Warmup: 5 iterations, 200 ms each
# Measurement: 5 iterations, 200 ms each
# Timeout: 10 min per iteration
# Threads: 1 thread, will synchronize iterations
# Benchmark mode: Average time, time/op
# Benchmark: numj.ReduceBench.numj
# Parameters: (kind = axis0, n = 100000)

# Run progress: 58.82% complete, ETA 00:04:06
# Fork: 1 of 3
WARNING: A terminally deprecated method in sun.misc.Unsafe has been called
WARNING: sun.misc.Unsafe::objectFieldOffset has been called by org.openjdk.jmh.util.Utils (file:/C:/Users/Hareram%20ray/AI/numJ/.tools/jmh/jmh-core-1.37.jar)
WARNING: Please consider reporting this to the maintainers of class org.openjdk.jmh.util.Utils
WARNING: sun.misc.Unsafe::objectFieldOffset will be removed in a future release
# Warmup Iteration   1: 97999.707 ns/op
# Warmup Iteration   2: 46879.439 ns/op
# Warmup Iteration   3: 27879.460 ns/op
# Warmup Iteration   4: 23594.747 ns/op
# Warmup Iteration   5: 20286.233 ns/op
Iteration   1: 21239.985 ns/op
Iteration   2: 18631.102 ns/op
Iteration   3: 18844.769 ns/op
Iteration   4: 21678.611 ns/op
Iteration   5: 21730.614 ns/op

# Run progress: 59.31% complete, ETA 00:04:02
# Fork: 2 of 3
WARNING: A terminally deprecated method in sun.misc.Unsafe has been called
WARNING: sun.misc.Unsafe::objectFieldOffset has been called by org.openjdk.jmh.util.Utils (file:/C:/Users/Hareram%20ray/AI/numJ/.tools/jmh/jmh-core-1.37.jar)
WARNING: Please consider reporting this to the maintainers of class org.openjdk.jmh.util.Utils
WARNING: sun.misc.Unsafe::objectFieldOffset will be removed in a future release
# Warmup Iteration   1: 31804.273 ns/op
# Warmup Iteration   2: 15824.110 ns/op
# Warmup Iteration   3: 15821.051 ns/op
# Warmup Iteration   4: 15859.790 ns/op
# Warmup Iteration   5: 16904.711 ns/op
Iteration   1: 16034.265 ns/op
Iteration   2: 16040.503 ns/op
Iteration   3: 15491.890 ns/op
Iteration   4: 15980.025 ns/op
Iteration   5: 15614.252 ns/op

# Run progress: 59.80% complete, ETA 00:03:59
# Fork: 3 of 3
WARNING: A terminally deprecated method in sun.misc.Unsafe has been called
WARNING: sun.misc.Unsafe::objectFieldOffset has been called by org.openjdk.jmh.util.Utils (file:/C:/Users/Hareram%20ray/AI/numJ/.tools/jmh/jmh-core-1.37.jar)
WARNING: Please consider reporting this to the maintainers of class org.openjdk.jmh.util.Utils
WARNING: sun.misc.Unsafe::objectFieldOffset will be removed in a future release
# Warmup Iteration   1: 33095.020 ns/op
# Warmup Iteration   2: 20466.398 ns/op
# Warmup Iteration   3: 23818.403 ns/op
# Warmup Iteration   4: 19960.834 ns/op
# Warmup Iteration   5: 18967.616 ns/op
Iteration   1: 19436.784 ns/op
Iteration   2: 18920.045 ns/op
Iteration   3: 18549.464 ns/op
Iteration   4: 18316.665 ns/op
Iteration   5: 18727.620 ns/op


Result "numj.ReduceBench.numj":
  18349.106 ±(99.9%) 2300.697 ns/op [Average]
  (min, avg, max) = (15491.890, 18349.106, 21730.614), stdev = 2152.073
  CI (99.9%): [16048.410, 20649.803] (assumes normal distribution)


# JMH version: 1.37
# VM version: JDK 25.0.4.1, OpenJDK 64-Bit Server VM, 25.0.4.1+1-LTS
# VM invoker: C:\Users\Hareram ray\AI\numJ\.tools\jdk\bin\java.exe
# VM options: --enable-native-access=ALL-UNNAMED --enable-native-access=ALL-UNNAMED -Xms2g -Xmx2g -XX:+AlwaysPreTouch
# Blackhole mode: compiler (auto-detected, use -Djmh.blackhole.autoDetect=false to disable)
# Warmup: 5 iterations, 200 ms each
# Measurement: 5 iterations, 200 ms each
# Timeout: 10 min per iteration
# Threads: 1 thread, will synchronize iterations
# Benchmark mode: Average time, time/op
# Benchmark: numj.ReduceBench.numj
# Parameters: (kind = axis0, n = 10000000)

# Run progress: 60.29% complete, ETA 00:03:56
# Fork: 1 of 3
WARNING: A terminally deprecated method in sun.misc.Unsafe has been called
WARNING: sun.misc.Unsafe::objectFieldOffset has been called by org.openjdk.jmh.util.Utils (file:/C:/Users/Hareram%20ray/AI/numJ/.tools/jmh/jmh-core-1.37.jar)
WARNING: Please consider reporting this to the maintainers of class org.openjdk.jmh.util.Utils
WARNING: sun.misc.Unsafe::objectFieldOffset will be removed in a future release
# Warmup Iteration   1: 8830065.217 ns/op
# Warmup Iteration   2: 5739641.667 ns/op
# Warmup Iteration   3: 5632625.000 ns/op
# Warmup Iteration   4: 5821371.429 ns/op
# Warmup Iteration   5: 6718803.333 ns/op
Iteration   1: 5537243.243 ns/op
Iteration   2: 5426062.162 ns/op
Iteration   3: 5636180.556 ns/op
Iteration   4: 5501981.081 ns/op
Iteration   5: 5503191.892 ns/op

# Run progress: 60.78% complete, ETA 00:03:53
# Fork: 2 of 3
WARNING: A terminally deprecated method in sun.misc.Unsafe has been called
WARNING: sun.misc.Unsafe::objectFieldOffset has been called by org.openjdk.jmh.util.Utils (file:/C:/Users/Hareram%20ray/AI/numJ/.tools/jmh/jmh-core-1.37.jar)
WARNING: Please consider reporting this to the maintainers of class org.openjdk.jmh.util.Utils
WARNING: sun.misc.Unsafe::objectFieldOffset will be removed in a future release
# Warmup Iteration   1: 10790073.684 ns/op
# Warmup Iteration   2: 6171636.364 ns/op
# Warmup Iteration   3: 5405334.211 ns/op
# Warmup Iteration   4: 5767841.667 ns/op
# Warmup Iteration   5: 5468894.595 ns/op
Iteration   1: 6545293.750 ns/op
Iteration   2: 5703983.333 ns/op
Iteration   3: 5447200.000 ns/op
Iteration   4: 5558808.108 ns/op
Iteration   5: 5905457.143 ns/op

# Run progress: 61.27% complete, ETA 00:03:50
# Fork: 3 of 3
WARNING: A terminally deprecated method in sun.misc.Unsafe has been called
WARNING: sun.misc.Unsafe::objectFieldOffset has been called by org.openjdk.jmh.util.Utils (file:/C:/Users/Hareram%20ray/AI/numJ/.tools/jmh/jmh-core-1.37.jar)
WARNING: Please consider reporting this to the maintainers of class org.openjdk.jmh.util.Utils
WARNING: sun.misc.Unsafe::objectFieldOffset will be removed in a future release
# Warmup Iteration   1: 9194904.545 ns/op
# Warmup Iteration   2: 5282007.692 ns/op
# Warmup Iteration   3: 5301978.947 ns/op
# Warmup Iteration   4: 5355339.474 ns/op
# Warmup Iteration   5: 5347936.842 ns/op
Iteration   1: 5076847.500 ns/op
Iteration   2: 5193592.308 ns/op
Iteration   3: 5484294.737 ns/op
Iteration   4: 5081650.000 ns/op
Iteration   5: 5575267.568 ns/op


Result "numj.ReduceBench.numj":
  5545136.892 ±(99.9%) 378360.237 ns/op [Average]
  (min, avg, max) = (5076847.500, 5545136.892, 6545293.750), stdev = 353918.401
  CI (99.9%): [5166776.655, 5923497.130] (assumes normal distribution)


# JMH version: 1.37
# VM version: JDK 25.0.4.1, OpenJDK 64-Bit Server VM, 25.0.4.1+1-LTS
# VM invoker: C:\Users\Hareram ray\AI\numJ\.tools\jdk\bin\java.exe
# VM options: --enable-native-access=ALL-UNNAMED --enable-native-access=ALL-UNNAMED -Xms2g -Xmx2g -XX:+AlwaysPreTouch
# Blackhole mode: compiler (auto-detected, use -Djmh.blackhole.autoDetect=false to disable)
# Warmup: 5 iterations, 200 ms each
# Measurement: 5 iterations, 200 ms each
# Timeout: 10 min per iteration
# Threads: 1 thread, will synchronize iterations
# Benchmark mode: Average time, time/op
# Benchmark: numj.ReduceBench.numj
# Parameters: (kind = axis1, n = 1000)

# Run progress: 61.76% complete, ETA 00:03:47
# Fork: 1 of 3
WARNING: A terminally deprecated method in sun.misc.Unsafe has been called
WARNING: sun.misc.Unsafe::objectFieldOffset has been called by org.openjdk.jmh.util.Utils (file:/C:/Users/Hareram%20ray/AI/numJ/.tools/jmh/jmh-core-1.37.jar)
WARNING: Please consider reporting this to the maintainers of class org.openjdk.jmh.util.Utils
WARNING: sun.misc.Unsafe::objectFieldOffset will be removed in a future release
# Warmup Iteration   1: 1775.357 ns/op
# Warmup Iteration   2: 356.014 ns/op
# Warmup Iteration   3: 350.784 ns/op
# Warmup Iteration   4: 355.970 ns/op
# Warmup Iteration   5: 356.587 ns/op
Iteration   1: 352.378 ns/op
Iteration   2: 347.168 ns/op
Iteration   3: 350.582 ns/op
Iteration   4: 329.223 ns/op
Iteration   5: 343.284 ns/op

# Run progress: 62.25% complete, ETA 00:03:44
# Fork: 2 of 3
WARNING: A terminally deprecated method in sun.misc.Unsafe has been called
WARNING: sun.misc.Unsafe::objectFieldOffset has been called by org.openjdk.jmh.util.Utils (file:/C:/Users/Hareram%20ray/AI/numJ/.tools/jmh/jmh-core-1.37.jar)
WARNING: Please consider reporting this to the maintainers of class org.openjdk.jmh.util.Utils
WARNING: sun.misc.Unsafe::objectFieldOffset will be removed in a future release
# Warmup Iteration   1: 1490.179 ns/op
# Warmup Iteration   2: 508.176 ns/op
# Warmup Iteration   3: 581.930 ns/op
# Warmup Iteration   4: 566.289 ns/op
# Warmup Iteration   5: 555.841 ns/op
Iteration   1: 414.503 ns/op
Iteration   2: 409.164 ns/op
Iteration   3: 396.707 ns/op
Iteration   4: 412.187 ns/op
Iteration   5: 406.671 ns/op

# Run progress: 62.75% complete, ETA 00:03:41
# Fork: 3 of 3
WARNING: A terminally deprecated method in sun.misc.Unsafe has been called
WARNING: sun.misc.Unsafe::objectFieldOffset has been called by org.openjdk.jmh.util.Utils (file:/C:/Users/Hareram%20ray/AI/numJ/.tools/jmh/jmh-core-1.37.jar)
WARNING: Please consider reporting this to the maintainers of class org.openjdk.jmh.util.Utils
WARNING: sun.misc.Unsafe::objectFieldOffset will be removed in a future release
# Warmup Iteration   1: 262795600.000 ns/op
# Warmup Iteration   2: 424.949 ns/op
# Warmup Iteration   3: 465.066 ns/op
# Warmup Iteration   4: 609.048 ns/op
# Warmup Iteration   5: 354.983 ns/op
Iteration   1: 348.912 ns/op
Iteration   2: 349.248 ns/op
Iteration   3: 349.946 ns/op
Iteration   4: 345.381 ns/op
Iteration   5: 346.476 ns/op


Result "numj.ReduceBench.numj":
  366.789 ±(99.9%) 32.851 ns/op [Average]
  (min, avg, max) = (329.223, 366.789, 414.503), stdev = 30.729
  CI (99.9%): [333.937, 399.640] (assumes normal distribution)


# JMH version: 1.37
# VM version: JDK 25.0.4.1, OpenJDK 64-Bit Server VM, 25.0.4.1+1-LTS
# VM invoker: C:\Users\Hareram ray\AI\numJ\.tools\jdk\bin\java.exe
# VM options: --enable-native-access=ALL-UNNAMED --enable-native-access=ALL-UNNAMED -Xms2g -Xmx2g -XX:+AlwaysPreTouch
# Blackhole mode: compiler (auto-detected, use -Djmh.blackhole.autoDetect=false to disable)
# Warmup: 5 iterations, 200 ms each
# Measurement: 5 iterations, 200 ms each
# Timeout: 10 min per iteration
# Threads: 1 thread, will synchronize iterations
# Benchmark mode: Average time, time/op
# Benchmark: numj.ReduceBench.numj
# Parameters: (kind = axis1, n = 100000)

# Run progress: 63.24% complete, ETA 00:03:38
# Fork: 1 of 3
WARNING: A terminally deprecated method in sun.misc.Unsafe has been called
WARNING: sun.misc.Unsafe::objectFieldOffset has been called by org.openjdk.jmh.util.Utils (file:/C:/Users/Hareram%20ray/AI/numJ/.tools/jmh/jmh-core-1.37.jar)
WARNING: Please consider reporting this to the maintainers of class org.openjdk.jmh.util.Utils
WARNING: sun.misc.Unsafe::objectFieldOffset will be removed in a future release
# Warmup Iteration   1: 16112.422 ns/op
# Warmup Iteration   2: 7463.757 ns/op
# Warmup Iteration   3: 7381.055 ns/op
# Warmup Iteration   4: 7301.699 ns/op
# Warmup Iteration   5: 7254.668 ns/op
Iteration   1: 7765.207 ns/op
Iteration   2: 7244.059 ns/op
Iteration   3: 7375.208 ns/op
Iteration   4: 7449.991 ns/op
Iteration   5: 7269.549 ns/op

# Run progress: 63.73% complete, ETA 00:03:35
# Fork: 2 of 3
WARNING: A terminally deprecated method in sun.misc.Unsafe has been called
WARNING: sun.misc.Unsafe::objectFieldOffset has been called by org.openjdk.jmh.util.Utils (file:/C:/Users/Hareram%20ray/AI/numJ/.tools/jmh/jmh-core-1.37.jar)
WARNING: Please consider reporting this to the maintainers of class org.openjdk.jmh.util.Utils
WARNING: sun.misc.Unsafe::objectFieldOffset will be removed in a future release
# Warmup Iteration   1: 12761.813 ns/op
# Warmup Iteration   2: 6868.027 ns/op
# Warmup Iteration   3: 8034.780 ns/op
# Warmup Iteration   4: 7009.575 ns/op
# Warmup Iteration   5: 6691.315 ns/op
Iteration   1: 6886.151 ns/op
Iteration   2: 6743.004 ns/op
Iteration   3: 7478.374 ns/op
Iteration   4: 6836.168 ns/op
Iteration   5: 6671.145 ns/op

# Run progress: 64.22% complete, ETA 00:03:31
# Fork: 3 of 3
WARNING: A terminally deprecated method in sun.misc.Unsafe has been called
WARNING: sun.misc.Unsafe::objectFieldOffset has been called by org.openjdk.jmh.util.Utils (file:/C:/Users/Hareram%20ray/AI/numJ/.tools/jmh/jmh-core-1.37.jar)
WARNING: Please consider reporting this to the maintainers of class org.openjdk.jmh.util.Utils
WARNING: sun.misc.Unsafe::objectFieldOffset will be removed in a future release
# Warmup Iteration   1: 15489.482 ns/op
# Warmup Iteration   2: 6699.671 ns/op
# Warmup Iteration   3: 6774.720 ns/op
# Warmup Iteration   4: 6828.836 ns/op
# Warmup Iteration   5: 6779.833 ns/op
Iteration   1: 6953.407 ns/op
Iteration   2: 6895.333 ns/op
Iteration   3: 6692.319 ns/op
Iteration   4: 6839.327 ns/op
Iteration   5: 6871.405 ns/op


Result "numj.ReduceBench.numj":
  7064.710 ±(99.9%) 360.414 ns/op [Average]
  (min, avg, max) = (6671.145, 7064.710, 7765.207), stdev = 337.132
  CI (99.9%): [6704.295, 7425.124] (assumes normal distribution)


# JMH version: 1.37
# VM version: JDK 25.0.4.1, OpenJDK 64-Bit Server VM, 25.0.4.1+1-LTS
# VM invoker: C:\Users\Hareram ray\AI\numJ\.tools\jdk\bin\java.exe
# VM options: --enable-native-access=ALL-UNNAMED --enable-native-access=ALL-UNNAMED -Xms2g -Xmx2g -XX:+AlwaysPreTouch
# Blackhole mode: compiler (auto-detected, use -Djmh.blackhole.autoDetect=false to disable)
# Warmup: 5 iterations, 200 ms each
# Measurement: 5 iterations, 200 ms each
# Timeout: 10 min per iteration
# Threads: 1 thread, will synchronize iterations
# Benchmark mode: Average time, time/op
# Benchmark: numj.ReduceBench.numj
# Parameters: (kind = axis1, n = 10000000)

# Run progress: 64.71% complete, ETA 00:03:28
# Fork: 1 of 3
WARNING: A terminally deprecated method in sun.misc.Unsafe has been called
WARNING: sun.misc.Unsafe::objectFieldOffset has been called by org.openjdk.jmh.util.Utils (file:/C:/Users/Hareram%20ray/AI/numJ/.tools/jmh/jmh-core-1.37.jar)
WARNING: Please consider reporting this to the maintainers of class org.openjdk.jmh.util.Utils
WARNING: sun.misc.Unsafe::objectFieldOffset will be removed in a future release
# Warmup Iteration   1: 11898211.765 ns/op
# Warmup Iteration   2: 6797683.333 ns/op
# Warmup Iteration   3: 7898080.769 ns/op
# Warmup Iteration   4: 7305239.286 ns/op
# Warmup Iteration   5: 7578681.481 ns/op
Iteration   1: 6945233.333 ns/op
Iteration   2: 7648533.333 ns/op
Iteration   3: 7907561.538 ns/op
Iteration   4: 7103244.828 ns/op
Iteration   5: 7917976.923 ns/op

# Run progress: 65.20% complete, ETA 00:03:25
# Fork: 2 of 3
WARNING: A terminally deprecated method in sun.misc.Unsafe has been called
WARNING: sun.misc.Unsafe::objectFieldOffset has been called by org.openjdk.jmh.util.Utils (file:/C:/Users/Hareram%20ray/AI/numJ/.tools/jmh/jmh-core-1.37.jar)
WARNING: Please consider reporting this to the maintainers of class org.openjdk.jmh.util.Utils
WARNING: sun.misc.Unsafe::objectFieldOffset will be removed in a future release
# Warmup Iteration   1: 9748580.952 ns/op
# Warmup Iteration   2: 6884720.000 ns/op
# Warmup Iteration   3: 7463992.593 ns/op
# Warmup Iteration   4: 8176065.385 ns/op
# Warmup Iteration   5: 6508464.516 ns/op
Iteration   1: 9573627.273 ns/op
Iteration   2: 8728270.833 ns/op
Iteration   3: 7952165.385 ns/op
Iteration   4: 7077820.690 ns/op
Iteration   5: 7868526.923 ns/op

# Run progress: 65.69% complete, ETA 00:03:22
# Fork: 3 of 3
WARNING: A terminally deprecated method in sun.misc.Unsafe has been called
WARNING: sun.misc.Unsafe::objectFieldOffset has been called by org.openjdk.jmh.util.Utils (file:/C:/Users/Hareram%20ray/AI/numJ/.tools/jmh/jmh-core-1.37.jar)
WARNING: Please consider reporting this to the maintainers of class org.openjdk.jmh.util.Utils
WARNING: sun.misc.Unsafe::objectFieldOffset will be removed in a future release
# Warmup Iteration   1: 9372554.545 ns/op
# Warmup Iteration   2: 6085908.824 ns/op
# Warmup Iteration   3: 6190166.667 ns/op
# Warmup Iteration   4: 7025493.103 ns/op
# Warmup Iteration   5: 7392246.429 ns/op
Iteration   1: 7225442.857 ns/op
Iteration   2: 6685012.903 ns/op
Iteration   3: 7170800.000 ns/op
Iteration   4: 5999973.529 ns/op
Iteration   5: 6062929.412 ns/op


Result "numj.ReduceBench.numj":
  7457807.984 ±(99.9%) 1001712.903 ns/op [Average]
  (min, avg, max) = (5999973.529, 7457807.984, 9573627.273), stdev = 937002.871
  CI (99.9%): [6456095.081, 8459520.887] (assumes normal distribution)


# JMH version: 1.37
# VM version: JDK 25.0.4.1, OpenJDK 64-Bit Server VM, 25.0.4.1+1-LTS
# VM invoker: C:\Users\Hareram ray\AI\numJ\.tools\jdk\bin\java.exe
# VM options: --enable-native-access=ALL-UNNAMED --enable-native-access=ALL-UNNAMED -Xms2g -Xmx2g -XX:+AlwaysPreTouch
# Blackhole mode: compiler (auto-detected, use -Djmh.blackhole.autoDetect=false to disable)
# Warmup: 5 iterations, 200 ms each
# Measurement: 5 iterations, 200 ms each
# Timeout: 10 min per iteration
# Threads: 1 thread, will synchronize iterations
# Benchmark mode: Average time, time/op
# Benchmark: numj.ReduceBench.numj
# Parameters: (kind = allT, n = 1000)

# Run progress: 66.18% complete, ETA 00:03:19
# Fork: 1 of 3
WARNING: A terminally deprecated method in sun.misc.Unsafe has been called
WARNING: sun.misc.Unsafe::objectFieldOffset has been called by org.openjdk.jmh.util.Utils (file:/C:/Users/Hareram%20ray/AI/numJ/.tools/jmh/jmh-core-1.37.jar)
WARNING: Please consider reporting this to the maintainers of class org.openjdk.jmh.util.Utils
WARNING: sun.misc.Unsafe::objectFieldOffset will be removed in a future release
# Warmup Iteration   1: 2066.941 ns/op
# Warmup Iteration   2: 750.134 ns/op
# Warmup Iteration   3: 708.363 ns/op
# Warmup Iteration   4: 723.093 ns/op
# Warmup Iteration   5: 718.335 ns/op
Iteration   1: 731.911 ns/op
Iteration   2: 718.891 ns/op
Iteration   3: 728.119 ns/op
Iteration   4: 719.656 ns/op
Iteration   5: 724.043 ns/op

# Run progress: 66.67% complete, ETA 00:03:16
# Fork: 2 of 3
WARNING: A terminally deprecated method in sun.misc.Unsafe has been called
WARNING: sun.misc.Unsafe::objectFieldOffset has been called by org.openjdk.jmh.util.Utils (file:/C:/Users/Hareram%20ray/AI/numJ/.tools/jmh/jmh-core-1.37.jar)
WARNING: Please consider reporting this to the maintainers of class org.openjdk.jmh.util.Utils
WARNING: sun.misc.Unsafe::objectFieldOffset will be removed in a future release
# Warmup Iteration   1: 1883.715 ns/op
# Warmup Iteration   2: 720.829 ns/op
# Warmup Iteration   3: 709.576 ns/op
# Warmup Iteration   4: 713.218 ns/op
# Warmup Iteration   5: 707.656 ns/op
Iteration   1: 712.875 ns/op
Iteration   2: 692.416 ns/op
Iteration   3: 721.238 ns/op
Iteration   4: 708.910 ns/op
Iteration   5: 730.993 ns/op

# Run progress: 67.16% complete, ETA 00:03:13
# Fork: 3 of 3
WARNING: A terminally deprecated method in sun.misc.Unsafe has been called
WARNING: sun.misc.Unsafe::objectFieldOffset has been called by org.openjdk.jmh.util.Utils (file:/C:/Users/Hareram%20ray/AI/numJ/.tools/jmh/jmh-core-1.37.jar)
WARNING: Please consider reporting this to the maintainers of class org.openjdk.jmh.util.Utils
WARNING: sun.misc.Unsafe::objectFieldOffset will be removed in a future release
# Warmup Iteration   1: 2180.547 ns/op
# Warmup Iteration   2: 722.823 ns/op
# Warmup Iteration   3: 701.187 ns/op
# Warmup Iteration   4: 687.067 ns/op
# Warmup Iteration   5: 693.930 ns/op
Iteration   1: 715.971 ns/op
Iteration   2: 750.610 ns/op
Iteration   3: 816.674 ns/op
Iteration   4: 764.243 ns/op
Iteration   5: 778.516 ns/op


Result "numj.ReduceBench.numj":
  734.338 ±(99.9%) 33.661 ns/op [Average]
  (min, avg, max) = (692.416, 734.338, 816.674), stdev = 31.487
  CI (99.9%): [700.677, 767.999] (assumes normal distribution)


# JMH version: 1.37
# VM version: JDK 25.0.4.1, OpenJDK 64-Bit Server VM, 25.0.4.1+1-LTS
# VM invoker: C:\Users\Hareram ray\AI\numJ\.tools\jdk\bin\java.exe
# VM options: --enable-native-access=ALL-UNNAMED --enable-native-access=ALL-UNNAMED -Xms2g -Xmx2g -XX:+AlwaysPreTouch
# Blackhole mode: compiler (auto-detected, use -Djmh.blackhole.autoDetect=false to disable)
# Warmup: 5 iterations, 200 ms each
# Measurement: 5 iterations, 200 ms each
# Timeout: 10 min per iteration
# Threads: 1 thread, will synchronize iterations
# Benchmark mode: Average time, time/op
# Benchmark: numj.ReduceBench.numj
# Parameters: (kind = allT, n = 100000)

# Run progress: 67.65% complete, ETA 00:03:10
# Fork: 1 of 3
WARNING: A terminally deprecated method in sun.misc.Unsafe has been called
WARNING: sun.misc.Unsafe::objectFieldOffset has been called by org.openjdk.jmh.util.Utils (file:/C:/Users/Hareram%20ray/AI/numJ/.tools/jmh/jmh-core-1.37.jar)
WARNING: Please consider reporting this to the maintainers of class org.openjdk.jmh.util.Utils
WARNING: sun.misc.Unsafe::objectFieldOffset will be removed in a future release
# Warmup Iteration   1: 94336.859 ns/op
# Warmup Iteration   2: 45914.429 ns/op
# Warmup Iteration   3: 46716.299 ns/op
# Warmup Iteration   4: 45080.018 ns/op
# Warmup Iteration   5: 46195.463 ns/op
Iteration   1: 46194.756 ns/op
Iteration   2: 49123.999 ns/op
Iteration   3: 54266.667 ns/op
Iteration   4: 46936.154 ns/op
Iteration   5: 47152.346 ns/op

# Run progress: 68.14% complete, ETA 00:03:07
# Fork: 2 of 3
WARNING: A terminally deprecated method in sun.misc.Unsafe has been called
WARNING: sun.misc.Unsafe::objectFieldOffset has been called by org.openjdk.jmh.util.Utils (file:/C:/Users/Hareram%20ray/AI/numJ/.tools/jmh/jmh-core-1.37.jar)
WARNING: Please consider reporting this to the maintainers of class org.openjdk.jmh.util.Utils
WARNING: sun.misc.Unsafe::objectFieldOffset will be removed in a future release
# Warmup Iteration   1: 119459.018 ns/op
# Warmup Iteration   2: 46397.627 ns/op
# Warmup Iteration   3: 43919.742 ns/op
# Warmup Iteration   4: 45359.825 ns/op
# Warmup Iteration   5: 51063.510 ns/op
Iteration   1: 48733.309 ns/op
Iteration   2: 45178.594 ns/op
Iteration   3: 45363.454 ns/op
Iteration   4: 45438.873 ns/op
Iteration   5: 67893.973 ns/op

# Run progress: 68.63% complete, ETA 00:03:04
# Fork: 3 of 3
WARNING: A terminally deprecated method in sun.misc.Unsafe has been called
WARNING: sun.misc.Unsafe::objectFieldOffset has been called by org.openjdk.jmh.util.Utils (file:/C:/Users/Hareram%20ray/AI/numJ/.tools/jmh/jmh-core-1.37.jar)
WARNING: Please consider reporting this to the maintainers of class org.openjdk.jmh.util.Utils
WARNING: sun.misc.Unsafe::objectFieldOffset will be removed in a future release
# Warmup Iteration   1: 87323.836 ns/op
# Warmup Iteration   2: 50115.927 ns/op
# Warmup Iteration   3: 40034.474 ns/op
# Warmup Iteration   4: 40982.290 ns/op
# Warmup Iteration   5: 43175.011 ns/op
Iteration   1: 42172.648 ns/op
Iteration   2: 43403.984 ns/op
Iteration   3: 42516.246 ns/op
Iteration   4: 41890.596 ns/op
Iteration   5: 40928.545 ns/op


Result "numj.ReduceBench.numj":
  47146.276 ±(99.9%) 7142.809 ns/op [Average]
  (min, avg, max) = (40928.545, 47146.276, 67893.973), stdev = 6681.388
  CI (99.9%): [40003.467, 54289.085] (assumes normal distribution)


# JMH version: 1.37
# VM version: JDK 25.0.4.1, OpenJDK 64-Bit Server VM, 25.0.4.1+1-LTS
# VM invoker: C:\Users\Hareram ray\AI\numJ\.tools\jdk\bin\java.exe
# VM options: --enable-native-access=ALL-UNNAMED --enable-native-access=ALL-UNNAMED -Xms2g -Xmx2g -XX:+AlwaysPreTouch
# Blackhole mode: compiler (auto-detected, use -Djmh.blackhole.autoDetect=false to disable)
# Warmup: 5 iterations, 200 ms each
# Measurement: 5 iterations, 200 ms each
# Timeout: 10 min per iteration
# Threads: 1 thread, will synchronize iterations
# Benchmark mode: Average time, time/op
# Benchmark: numj.ReduceBench.numj
# Parameters: (kind = allT, n = 10000000)

# Run progress: 69.12% complete, ETA 00:03:01
# Fork: 1 of 3
WARNING: A terminally deprecated method in sun.misc.Unsafe has been called
WARNING: sun.misc.Unsafe::objectFieldOffset has been called by org.openjdk.jmh.util.Utils (file:/C:/Users/Hareram%20ray/AI/numJ/.tools/jmh/jmh-core-1.37.jar)
WARNING: Please consider reporting this to the maintainers of class org.openjdk.jmh.util.Utils
WARNING: sun.misc.Unsafe::objectFieldOffset will be removed in a future release
# Warmup Iteration   1: 101670950.000 ns/op
# Warmup Iteration   2: 49348120.000 ns/op
# Warmup Iteration   3: 52479700.000 ns/op
# Warmup Iteration   4: 48689280.000 ns/op
# Warmup Iteration   5: 49465180.000 ns/op
Iteration   1: 50136700.000 ns/op
Iteration   2: 53821100.000 ns/op
Iteration   3: 49023680.000 ns/op
Iteration   4: 48112020.000 ns/op
Iteration   5: 50256350.000 ns/op

# Run progress: 69.61% complete, ETA 00:02:58
# Fork: 2 of 3
WARNING: A terminally deprecated method in sun.misc.Unsafe has been called
WARNING: sun.misc.Unsafe::objectFieldOffset has been called by org.openjdk.jmh.util.Utils (file:/C:/Users/Hareram%20ray/AI/numJ/.tools/jmh/jmh-core-1.37.jar)
WARNING: Please consider reporting this to the maintainers of class org.openjdk.jmh.util.Utils
WARNING: sun.misc.Unsafe::objectFieldOffset will be removed in a future release
# Warmup Iteration   1: 83342700.000 ns/op
# Warmup Iteration   2: 58945350.000 ns/op
# Warmup Iteration   3: 57312100.000 ns/op
# Warmup Iteration   4: 49284360.000 ns/op
# Warmup Iteration   5: 48335400.000 ns/op
Iteration   1: 52836250.000 ns/op
Iteration   2: 50998175.000 ns/op
Iteration   3: 52323100.000 ns/op
Iteration   4: 66140225.000 ns/op
Iteration   5: 52099650.000 ns/op

# Run progress: 70.10% complete, ETA 00:02:55
# Fork: 3 of 3
WARNING: A terminally deprecated method in sun.misc.Unsafe has been called
WARNING: sun.misc.Unsafe::objectFieldOffset has been called by org.openjdk.jmh.util.Utils (file:/C:/Users/Hareram%20ray/AI/numJ/.tools/jmh/jmh-core-1.37.jar)
WARNING: Please consider reporting this to the maintainers of class org.openjdk.jmh.util.Utils
WARNING: sun.misc.Unsafe::objectFieldOffset will be removed in a future release
# Warmup Iteration   1: 87725400.000 ns/op
# Warmup Iteration   2: 58964850.000 ns/op
# Warmup Iteration   3: 59370400.000 ns/op
# Warmup Iteration   4: 54855600.000 ns/op
# Warmup Iteration   5: 47401360.000 ns/op
Iteration   1: 48717360.000 ns/op
Iteration   2: 49639480.000 ns/op
Iteration   3: 51287200.000 ns/op
Iteration   4: 50528100.000 ns/op
Iteration   5: 48457080.000 ns/op


Result "numj.ReduceBench.numj":
  51625098.000 ±(99.9%) 4651450.264 ns/op [Average]
  (min, avg, max) = (48112020.000, 51625098.000, 66140225.000), stdev = 4350969.463
  CI (99.9%): [46973647.736, 56276548.264] (assumes normal distribution)


# JMH version: 1.37
# VM version: JDK 25.0.4.1, OpenJDK 64-Bit Server VM, 25.0.4.1+1-LTS
# VM invoker: C:\Users\Hareram ray\AI\numJ\.tools\jdk\bin\java.exe
# VM options: --enable-native-access=ALL-UNNAMED --enable-native-access=ALL-UNNAMED -Xms2g -Xmx2g -XX:+AlwaysPreTouch
# Blackhole mode: compiler (auto-detected, use -Djmh.blackhole.autoDetect=false to disable)
# Warmup: 5 iterations, 200 ms each
# Measurement: 5 iterations, 200 ms each
# Timeout: 10 min per iteration
# Threads: 1 thread, will synchronize iterations
# Benchmark mode: Average time, time/op
# Benchmark: numj.ShortRowBench.addRows
# Parameters: (k = 2)

# Run progress: 70.59% complete, ETA 00:02:53
# Fork: 1 of 3
WARNING: A terminally deprecated method in sun.misc.Unsafe has been called
WARNING: sun.misc.Unsafe::objectFieldOffset has been called by org.openjdk.jmh.util.Utils (file:/C:/Users/Hareram%20ray/AI/numJ/.tools/jmh/jmh-core-1.37.jar)
WARNING: Please consider reporting this to the maintainers of class org.openjdk.jmh.util.Utils
WARNING: sun.misc.Unsafe::objectFieldOffset will be removed in a future release
# Warmup Iteration   1: 5305.518 us/op
# Warmup Iteration   2: 3078.856 us/op
# Warmup Iteration   3: 3378.670 us/op
# Warmup Iteration   4: 3356.327 us/op
# Warmup Iteration   5: 3199.570 us/op
Iteration   1: 3103.105 us/op
Iteration   2: 3020.981 us/op
Iteration   3: 2823.046 us/op
Iteration   4: 3053.623 us/op
Iteration   5: 2958.829 us/op

# Run progress: 71.08% complete, ETA 00:02:50
# Fork: 2 of 3
WARNING: A terminally deprecated method in sun.misc.Unsafe has been called
WARNING: sun.misc.Unsafe::objectFieldOffset has been called by org.openjdk.jmh.util.Utils (file:/C:/Users/Hareram%20ray/AI/numJ/.tools/jmh/jmh-core-1.37.jar)
WARNING: Please consider reporting this to the maintainers of class org.openjdk.jmh.util.Utils
WARNING: sun.misc.Unsafe::objectFieldOffset will be removed in a future release
# Warmup Iteration   1: 6176.391 us/op
# Warmup Iteration   2: 3413.936 us/op
# Warmup Iteration   3: 3066.980 us/op
# Warmup Iteration   4: 3095.112 us/op
# Warmup Iteration   5: 3220.654 us/op
Iteration   1: 3323.515 us/op
Iteration   2: 3061.614 us/op
Iteration   3: 3078.867 us/op
Iteration   4: 3325.508 us/op
Iteration   5: 3185.810 us/op

# Run progress: 71.57% complete, ETA 00:02:47
# Fork: 3 of 3
WARNING: A terminally deprecated method in sun.misc.Unsafe has been called
WARNING: sun.misc.Unsafe::objectFieldOffset has been called by org.openjdk.jmh.util.Utils (file:/C:/Users/Hareram%20ray/AI/numJ/.tools/jmh/jmh-core-1.37.jar)
WARNING: Please consider reporting this to the maintainers of class org.openjdk.jmh.util.Utils
WARNING: sun.misc.Unsafe::objectFieldOffset will be removed in a future release
# Warmup Iteration   1: 5443.503 us/op
# Warmup Iteration   2: 3283.882 us/op
# Warmup Iteration   3: 3103.906 us/op
# Warmup Iteration   4: 3439.149 us/op
# Warmup Iteration   5: 3470.359 us/op
Iteration   1: 3287.408 us/op
Iteration   2: 5862.906 us/op
Iteration   3: 3811.379 us/op
Iteration   4: 3412.098 us/op
Iteration   5: 3631.030 us/op


Result "numj.ShortRowBench.addRows":
  3395.981 ±(99.9%) 780.136 us/op [Average]
  (min, avg, max) = (2823.046, 3395.981, 5862.906), stdev = 729.740
  CI (99.9%): [2615.845, 4176.118] (assumes normal distribution)


# JMH version: 1.37
# VM version: JDK 25.0.4.1, OpenJDK 64-Bit Server VM, 25.0.4.1+1-LTS
# VM invoker: C:\Users\Hareram ray\AI\numJ\.tools\jdk\bin\java.exe
# VM options: --enable-native-access=ALL-UNNAMED --enable-native-access=ALL-UNNAMED -Xms2g -Xmx2g -XX:+AlwaysPreTouch
# Blackhole mode: compiler (auto-detected, use -Djmh.blackhole.autoDetect=false to disable)
# Warmup: 5 iterations, 200 ms each
# Measurement: 5 iterations, 200 ms each
# Timeout: 10 min per iteration
# Threads: 1 thread, will synchronize iterations
# Benchmark mode: Average time, time/op
# Benchmark: numj.ShortRowBench.addRows
# Parameters: (k = 4)

# Run progress: 72.06% complete, ETA 00:02:44
# Fork: 1 of 3
WARNING: A terminally deprecated method in sun.misc.Unsafe has been called
WARNING: sun.misc.Unsafe::objectFieldOffset has been called by org.openjdk.jmh.util.Utils (file:/C:/Users/Hareram%20ray/AI/numJ/.tools/jmh/jmh-core-1.37.jar)
WARNING: Please consider reporting this to the maintainers of class org.openjdk.jmh.util.Utils
WARNING: sun.misc.Unsafe::objectFieldOffset will be removed in a future release
# Warmup Iteration   1: 3909.942 us/op
# Warmup Iteration   2: 2066.860 us/op
# Warmup Iteration   3: 2181.425 us/op
# Warmup Iteration   4: 2083.764 us/op
# Warmup Iteration   5: 2162.792 us/op
Iteration   1: 2043.957 us/op
Iteration   2: 2042.074 us/op
Iteration   3: 1863.339 us/op
Iteration   4: 2372.951 us/op
Iteration   5: 1995.404 us/op

# Run progress: 72.55% complete, ETA 00:02:41
# Fork: 2 of 3
WARNING: A terminally deprecated method in sun.misc.Unsafe has been called
WARNING: sun.misc.Unsafe::objectFieldOffset has been called by org.openjdk.jmh.util.Utils (file:/C:/Users/Hareram%20ray/AI/numJ/.tools/jmh/jmh-core-1.37.jar)
WARNING: Please consider reporting this to the maintainers of class org.openjdk.jmh.util.Utils
WARNING: sun.misc.Unsafe::objectFieldOffset will be removed in a future release
# Warmup Iteration   1: 4140.182 us/op
# Warmup Iteration   2: 2093.939 us/op
# Warmup Iteration   3: 2145.484 us/op
# Warmup Iteration   4: 1996.107 us/op
# Warmup Iteration   5: 2086.195 us/op
Iteration   1: 2173.111 us/op
Iteration   2: 2031.203 us/op
Iteration   3: 2208.667 us/op
Iteration   4: 1905.068 us/op
Iteration   5: 2214.589 us/op

# Run progress: 73.04% complete, ETA 00:02:38
# Fork: 3 of 3
WARNING: A terminally deprecated method in sun.misc.Unsafe has been called
WARNING: sun.misc.Unsafe::objectFieldOffset has been called by org.openjdk.jmh.util.Utils (file:/C:/Users/Hareram%20ray/AI/numJ/.tools/jmh/jmh-core-1.37.jar)
WARNING: Please consider reporting this to the maintainers of class org.openjdk.jmh.util.Utils
WARNING: sun.misc.Unsafe::objectFieldOffset will be removed in a future release
# Warmup Iteration   1: 3975.690 us/op
# Warmup Iteration   2: 2348.433 us/op
# Warmup Iteration   3: 2318.470 us/op
# Warmup Iteration   4: 2277.825 us/op
# Warmup Iteration   5: 2541.088 us/op
Iteration   1: 2239.717 us/op
Iteration   2: 2238.506 us/op
Iteration   3: 1928.921 us/op
Iteration   4: 2386.405 us/op
Iteration   5: 2205.261 us/op


Result "numj.ShortRowBench.addRows":
  2123.278 ±(99.9%) 174.713 us/op [Average]
  (min, avg, max) = (1863.339, 2123.278, 2386.405), stdev = 163.427
  CI (99.9%): [1948.565, 2297.991] (assumes normal distribution)


# JMH version: 1.37
# VM version: JDK 25.0.4.1, OpenJDK 64-Bit Server VM, 25.0.4.1+1-LTS
# VM invoker: C:\Users\Hareram ray\AI\numJ\.tools\jdk\bin\java.exe
# VM options: --enable-native-access=ALL-UNNAMED --enable-native-access=ALL-UNNAMED -Xms2g -Xmx2g -XX:+AlwaysPreTouch
# Blackhole mode: compiler (auto-detected, use -Djmh.blackhole.autoDetect=false to disable)
# Warmup: 5 iterations, 200 ms each
# Measurement: 5 iterations, 200 ms each
# Timeout: 10 min per iteration
# Threads: 1 thread, will synchronize iterations
# Benchmark mode: Average time, time/op
# Benchmark: numj.ShortRowBench.addRows
# Parameters: (k = 8)

# Run progress: 73.53% complete, ETA 00:02:35
# Fork: 1 of 3
WARNING: A terminally deprecated method in sun.misc.Unsafe has been called
WARNING: sun.misc.Unsafe::objectFieldOffset has been called by org.openjdk.jmh.util.Utils (file:/C:/Users/Hareram%20ray/AI/numJ/.tools/jmh/jmh-core-1.37.jar)
WARNING: Please consider reporting this to the maintainers of class org.openjdk.jmh.util.Utils
WARNING: sun.misc.Unsafe::objectFieldOffset will be removed in a future release
# Warmup Iteration   1: 11280.206 us/op
# Warmup Iteration   2: 2413.839 us/op
# Warmup Iteration   3: 2841.086 us/op
# Warmup Iteration   4: 2131.093 us/op
# Warmup Iteration   5: 2247.216 us/op
Iteration   1: 2019.911 us/op
Iteration   2: 2749.041 us/op
Iteration   3: 3336.823 us/op
Iteration   4: 3433.078 us/op
Iteration   5: 3028.896 us/op

# Run progress: 74.02% complete, ETA 00:02:32
# Fork: 2 of 3
WARNING: A terminally deprecated method in sun.misc.Unsafe has been called
WARNING: sun.misc.Unsafe::objectFieldOffset has been called by org.openjdk.jmh.util.Utils (file:/C:/Users/Hareram%20ray/AI/numJ/.tools/jmh/jmh-core-1.37.jar)
WARNING: Please consider reporting this to the maintainers of class org.openjdk.jmh.util.Utils
WARNING: sun.misc.Unsafe::objectFieldOffset will be removed in a future release
# Warmup Iteration   1: 8173.832 us/op
# Warmup Iteration   2: 2503.254 us/op
# Warmup Iteration   3: 2219.245 us/op
# Warmup Iteration   4: 2132.906 us/op
# Warmup Iteration   5: 2269.324 us/op
Iteration   1: 2339.456 us/op
Iteration   2: 2213.988 us/op
Iteration   3: 2217.618 us/op
Iteration   4: 2314.018 us/op
Iteration   5: 2268.566 us/op

# Run progress: 74.51% complete, ETA 00:02:29
# Fork: 3 of 3
WARNING: A terminally deprecated method in sun.misc.Unsafe has been called
WARNING: sun.misc.Unsafe::objectFieldOffset has been called by org.openjdk.jmh.util.Utils (file:/C:/Users/Hareram%20ray/AI/numJ/.tools/jmh/jmh-core-1.37.jar)
WARNING: Please consider reporting this to the maintainers of class org.openjdk.jmh.util.Utils
WARNING: sun.misc.Unsafe::objectFieldOffset will be removed in a future release
# Warmup Iteration   1: 4252.531 us/op
# Warmup Iteration   2: 2006.375 us/op
# Warmup Iteration   3: 2182.273 us/op
# Warmup Iteration   4: 1954.003 us/op
# Warmup Iteration   5: 2187.963 us/op
Iteration   1: 1884.545 us/op
Iteration   2: 1848.289 us/op
Iteration   3: 1959.704 us/op
Iteration   4: 2007.122 us/op
Iteration   5: 1925.485 us/op


Result "numj.ShortRowBench.addRows":
  2369.769 ±(99.9%) 559.355 us/op [Average]
  (min, avg, max) = (1848.289, 2369.769, 3433.078), stdev = 523.221
  CI (99.9%): [1810.414, 2929.124] (assumes normal distribution)


# JMH version: 1.37
# VM version: JDK 25.0.4.1, OpenJDK 64-Bit Server VM, 25.0.4.1+1-LTS
# VM invoker: C:\Users\Hareram ray\AI\numJ\.tools\jdk\bin\java.exe
# VM options: --enable-native-access=ALL-UNNAMED --enable-native-access=ALL-UNNAMED -Xms2g -Xmx2g -XX:+AlwaysPreTouch
# Blackhole mode: compiler (auto-detected, use -Djmh.blackhole.autoDetect=false to disable)
# Warmup: 5 iterations, 200 ms each
# Measurement: 5 iterations, 200 ms each
# Timeout: 10 min per iteration
# Threads: 1 thread, will synchronize iterations
# Benchmark mode: Average time, time/op
# Benchmark: numj.ShortRowBench.addRows
# Parameters: (k = 16)

# Run progress: 75.00% complete, ETA 00:02:26
# Fork: 1 of 3
WARNING: A terminally deprecated method in sun.misc.Unsafe has been called
WARNING: sun.misc.Unsafe::objectFieldOffset has been called by org.openjdk.jmh.util.Utils (file:/C:/Users/Hareram%20ray/AI/numJ/.tools/jmh/jmh-core-1.37.jar)
WARNING: Please consider reporting this to the maintainers of class org.openjdk.jmh.util.Utils
WARNING: sun.misc.Unsafe::objectFieldOffset will be removed in a future release
# Warmup Iteration   1: 3965.084 us/op
# Warmup Iteration   2: 1940.322 us/op
# Warmup Iteration   3: 1892.521 us/op
# Warmup Iteration   4: 1855.563 us/op
# Warmup Iteration   5: 1768.754 us/op
Iteration   1: 1756.889 us/op
Iteration   2: 1700.315 us/op
Iteration   3: 1800.330 us/op
Iteration   4: 1776.770 us/op
Iteration   5: 1785.615 us/op

# Run progress: 75.49% complete, ETA 00:02:23
# Fork: 2 of 3
WARNING: A terminally deprecated method in sun.misc.Unsafe has been called
WARNING: sun.misc.Unsafe::objectFieldOffset has been called by org.openjdk.jmh.util.Utils (file:/C:/Users/Hareram%20ray/AI/numJ/.tools/jmh/jmh-core-1.37.jar)
WARNING: Please consider reporting this to the maintainers of class org.openjdk.jmh.util.Utils
WARNING: sun.misc.Unsafe::objectFieldOffset will be removed in a future release
# Warmup Iteration   1: 5795.043 us/op
# Warmup Iteration   2: 1995.484 us/op
# Warmup Iteration   3: 1964.594 us/op
# Warmup Iteration   4: 5557.722 us/op
# Warmup Iteration   5: 5444.514 us/op
Iteration   1: 6575.455 us/op
Iteration   2: 6238.494 us/op
Iteration   3: 5535.327 us/op
Iteration   4: 2851.024 us/op
Iteration   5: 1849.543 us/op

# Run progress: 75.98% complete, ETA 00:02:20
# Fork: 3 of 3
WARNING: A terminally deprecated method in sun.misc.Unsafe has been called
WARNING: sun.misc.Unsafe::objectFieldOffset has been called by org.openjdk.jmh.util.Utils (file:/C:/Users/Hareram%20ray/AI/numJ/.tools/jmh/jmh-core-1.37.jar)
WARNING: Please consider reporting this to the maintainers of class org.openjdk.jmh.util.Utils
WARNING: sun.misc.Unsafe::objectFieldOffset will be removed in a future release
# Warmup Iteration   1: 7279.082 us/op
# Warmup Iteration   2: 6906.353 us/op
# Warmup Iteration   3: 6435.566 us/op
# Warmup Iteration   4: 7128.755 us/op
# Warmup Iteration   5: 6908.157 us/op
Iteration   1: 3301.433 us/op
Iteration   2: 1934.628 us/op
Iteration   3: 1766.363 us/op
Iteration   4: 1919.653 us/op
Iteration   5: 1964.978 us/op


Result "numj.ShortRowBench.addRows":
  2850.454 ±(99.9%) 1880.991 us/op [Average]
  (min, avg, max) = (1700.315, 2850.454, 6575.455), stdev = 1759.480
  CI (99.9%): [969.463, 4731.445] (assumes normal distribution)


# JMH version: 1.37
# VM version: JDK 25.0.4.1, OpenJDK 64-Bit Server VM, 25.0.4.1+1-LTS
# VM invoker: C:\Users\Hareram ray\AI\numJ\.tools\jdk\bin\java.exe
# VM options: --enable-native-access=ALL-UNNAMED --enable-native-access=ALL-UNNAMED -Xms2g -Xmx2g -XX:+AlwaysPreTouch
# Blackhole mode: compiler (auto-detected, use -Djmh.blackhole.autoDetect=false to disable)
# Warmup: 5 iterations, 200 ms each
# Measurement: 5 iterations, 200 ms each
# Timeout: 10 min per iteration
# Threads: 1 thread, will synchronize iterations
# Benchmark mode: Average time, time/op
# Benchmark: numj.ShortRowBench.addRows
# Parameters: (k = 64)

# Run progress: 76.47% complete, ETA 00:02:17
# Fork: 1 of 3
WARNING: A terminally deprecated method in sun.misc.Unsafe has been called
WARNING: sun.misc.Unsafe::objectFieldOffset has been called by org.openjdk.jmh.util.Utils (file:/C:/Users/Hareram%20ray/AI/numJ/.tools/jmh/jmh-core-1.37.jar)
WARNING: Please consider reporting this to the maintainers of class org.openjdk.jmh.util.Utils
WARNING: sun.misc.Unsafe::objectFieldOffset will be removed in a future release
# Warmup Iteration   1: 4062.860 us/op
# Warmup Iteration   2: 1845.973 us/op
# Warmup Iteration   3: 1819.781 us/op
# Warmup Iteration   4: 1708.272 us/op
# Warmup Iteration   5: 1698.414 us/op
Iteration   1: 1764.844 us/op
Iteration   2: 1706.065 us/op
Iteration   3: 1638.085 us/op
Iteration   4: 1640.033 us/op
Iteration   5: 1670.070 us/op

# Run progress: 76.96% complete, ETA 00:02:14
# Fork: 2 of 3
WARNING: A terminally deprecated method in sun.misc.Unsafe has been called
WARNING: sun.misc.Unsafe::objectFieldOffset has been called by org.openjdk.jmh.util.Utils (file:/C:/Users/Hareram%20ray/AI/numJ/.tools/jmh/jmh-core-1.37.jar)
WARNING: Please consider reporting this to the maintainers of class org.openjdk.jmh.util.Utils
WARNING: sun.misc.Unsafe::objectFieldOffset will be removed in a future release
# Warmup Iteration   1: 3550.249 us/op
# Warmup Iteration   2: 1855.100 us/op
# Warmup Iteration   3: 1671.383 us/op
# Warmup Iteration   4: 1908.992 us/op
# Warmup Iteration   5: 1761.836 us/op
Iteration   1: 1701.351 us/op
Iteration   2: 1819.680 us/op
Iteration   3: 1753.540 us/op
Iteration   4: 1871.516 us/op
Iteration   5: 1764.005 us/op

# Run progress: 77.45% complete, ETA 00:02:11
# Fork: 3 of 3
WARNING: A terminally deprecated method in sun.misc.Unsafe has been called
WARNING: sun.misc.Unsafe::objectFieldOffset has been called by org.openjdk.jmh.util.Utils (file:/C:/Users/Hareram%20ray/AI/numJ/.tools/jmh/jmh-core-1.37.jar)
WARNING: Please consider reporting this to the maintainers of class org.openjdk.jmh.util.Utils
WARNING: sun.misc.Unsafe::objectFieldOffset will be removed in a future release
# Warmup Iteration   1: 3636.448 us/op
# Warmup Iteration   2: 1822.026 us/op
# Warmup Iteration   3: 1708.079 us/op
# Warmup Iteration   4: 1786.742 us/op
# Warmup Iteration   5: 1730.043 us/op
Iteration   1: 1820.834 us/op
Iteration   2: 1745.339 us/op
Iteration   3: 1650.357 us/op
Iteration   4: 1678.458 us/op
Iteration   5: 1726.985 us/op


Result "numj.ShortRowBench.addRows":
  1730.077 ±(99.9%) 75.603 us/op [Average]
  (min, avg, max) = (1638.085, 1730.077, 1871.516), stdev = 70.719
  CI (99.9%): [1654.474, 1805.680] (assumes normal distribution)


# JMH version: 1.37
# VM version: JDK 25.0.4.1, OpenJDK 64-Bit Server VM, 25.0.4.1+1-LTS
# VM invoker: C:\Users\Hareram ray\AI\numJ\.tools\jdk\bin\java.exe
# VM options: --enable-native-access=ALL-UNNAMED --enable-native-access=ALL-UNNAMED -Xms2g -Xmx2g -XX:+AlwaysPreTouch
# Blackhole mode: compiler (auto-detected, use -Djmh.blackhole.autoDetect=false to disable)
# Warmup: 5 iterations, 200 ms each
# Measurement: 5 iterations, 200 ms each
# Timeout: 10 min per iteration
# Threads: 1 thread, will synchronize iterations
# Benchmark mode: Average time, time/op
# Benchmark: numj.ShortRowBench.javaAddRows
# Parameters: (k = 2)

# Run progress: 77.94% complete, ETA 00:02:09
# Fork: 1 of 3
WARNING: A terminally deprecated method in sun.misc.Unsafe has been called
WARNING: sun.misc.Unsafe::objectFieldOffset has been called by org.openjdk.jmh.util.Utils (file:/C:/Users/Hareram%20ray/AI/numJ/.tools/jmh/jmh-core-1.37.jar)
WARNING: Please consider reporting this to the maintainers of class org.openjdk.jmh.util.Utils
WARNING: sun.misc.Unsafe::objectFieldOffset will be removed in a future release
# Warmup Iteration   1: 2370.180 us/op
# Warmup Iteration   2: 2403.652 us/op
# Warmup Iteration   3: 2486.152 us/op
# Warmup Iteration   4: 2498.029 us/op
# Warmup Iteration   5: 2342.323 us/op
Iteration   1: 2372.459 us/op
Iteration   2: 2273.749 us/op
Iteration   3: 2615.603 us/op
Iteration   4: 2488.158 us/op
Iteration   5: 2312.907 us/op

# Run progress: 78.43% complete, ETA 00:02:06
# Fork: 2 of 3
WARNING: A terminally deprecated method in sun.misc.Unsafe has been called
WARNING: sun.misc.Unsafe::objectFieldOffset has been called by org.openjdk.jmh.util.Utils (file:/C:/Users/Hareram%20ray/AI/numJ/.tools/jmh/jmh-core-1.37.jar)
WARNING: Please consider reporting this to the maintainers of class org.openjdk.jmh.util.Utils
WARNING: sun.misc.Unsafe::objectFieldOffset will be removed in a future release
# Warmup Iteration   1: 3537.158 us/op
# Warmup Iteration   2: 2612.346 us/op
# Warmup Iteration   3: 2619.882 us/op
# Warmup Iteration   4: 2918.538 us/op
# Warmup Iteration   5: 2802.600 us/op
Iteration   1: 2519.885 us/op
Iteration   2: 2590.581 us/op
Iteration   3: 2655.613 us/op
Iteration   4: 2491.262 us/op
Iteration   5: 2447.599 us/op

# Run progress: 78.92% complete, ETA 00:02:03
# Fork: 3 of 3
WARNING: A terminally deprecated method in sun.misc.Unsafe has been called
WARNING: sun.misc.Unsafe::objectFieldOffset has been called by org.openjdk.jmh.util.Utils (file:/C:/Users/Hareram%20ray/AI/numJ/.tools/jmh/jmh-core-1.37.jar)
WARNING: Please consider reporting this to the maintainers of class org.openjdk.jmh.util.Utils
WARNING: sun.misc.Unsafe::objectFieldOffset will be removed in a future release
# Warmup Iteration   1: 2621.068 us/op
# Warmup Iteration   2: 2966.199 us/op
# Warmup Iteration   3: 2835.882 us/op
# Warmup Iteration   4: 2564.141 us/op
# Warmup Iteration   5: 2639.968 us/op
Iteration   1: 2464.595 us/op
Iteration   2: 2456.277 us/op
Iteration   3: 2513.230 us/op
Iteration   4: 2316.143 us/op
Iteration   5: 2421.829 us/op


Result "numj.ShortRowBench.javaAddRows":
  2462.659 ±(99.9%) 119.163 us/op [Average]
  (min, avg, max) = (2273.749, 2462.659, 2655.613), stdev = 111.465
  CI (99.9%): [2343.497, 2581.822] (assumes normal distribution)


# JMH version: 1.37
# VM version: JDK 25.0.4.1, OpenJDK 64-Bit Server VM, 25.0.4.1+1-LTS
# VM invoker: C:\Users\Hareram ray\AI\numJ\.tools\jdk\bin\java.exe
# VM options: --enable-native-access=ALL-UNNAMED --enable-native-access=ALL-UNNAMED -Xms2g -Xmx2g -XX:+AlwaysPreTouch
# Blackhole mode: compiler (auto-detected, use -Djmh.blackhole.autoDetect=false to disable)
# Warmup: 5 iterations, 200 ms each
# Measurement: 5 iterations, 200 ms each
# Timeout: 10 min per iteration
# Threads: 1 thread, will synchronize iterations
# Benchmark mode: Average time, time/op
# Benchmark: numj.ShortRowBench.javaAddRows
# Parameters: (k = 4)

# Run progress: 79.41% complete, ETA 00:02:00
# Fork: 1 of 3
WARNING: A terminally deprecated method in sun.misc.Unsafe has been called
WARNING: sun.misc.Unsafe::objectFieldOffset has been called by org.openjdk.jmh.util.Utils (file:/C:/Users/Hareram%20ray/AI/numJ/.tools/jmh/jmh-core-1.37.jar)
WARNING: Please consider reporting this to the maintainers of class org.openjdk.jmh.util.Utils
WARNING: sun.misc.Unsafe::objectFieldOffset will be removed in a future release
# Warmup Iteration   1: 2050.590 us/op
# Warmup Iteration   2: 2221.474 us/op
# Warmup Iteration   3: 2312.462 us/op
# Warmup Iteration   4: 2136.590 us/op
# Warmup Iteration   5: 2061.919 us/op
Iteration   1: 1896.164 us/op
Iteration   2: 1993.796 us/op
Iteration   3: 2073.404 us/op
Iteration   4: 2095.083 us/op
Iteration   5: 2054.909 us/op

# Run progress: 79.90% complete, ETA 00:01:57
# Fork: 2 of 3
WARNING: A terminally deprecated method in sun.misc.Unsafe has been called
WARNING: sun.misc.Unsafe::objectFieldOffset has been called by org.openjdk.jmh.util.Utils (file:/C:/Users/Hareram%20ray/AI/numJ/.tools/jmh/jmh-core-1.37.jar)
WARNING: Please consider reporting this to the maintainers of class org.openjdk.jmh.util.Utils
WARNING: sun.misc.Unsafe::objectFieldOffset will be removed in a future release
# Warmup Iteration   1: 2131.076 us/op
# Warmup Iteration   2: 2090.435 us/op
# Warmup Iteration   3: 2100.071 us/op
# Warmup Iteration   4: 2025.508 us/op
# Warmup Iteration   5: 2113.858 us/op
Iteration   1: 2255.494 us/op
Iteration   2: 2033.329 us/op
Iteration   3: 2050.258 us/op
Iteration   4: 2051.698 us/op
Iteration   5: 2638.919 us/op

# Run progress: 80.39% complete, ETA 00:01:54
# Fork: 3 of 3
WARNING: A terminally deprecated method in sun.misc.Unsafe has been called
WARNING: sun.misc.Unsafe::objectFieldOffset has been called by org.openjdk.jmh.util.Utils (file:/C:/Users/Hareram%20ray/AI/numJ/.tools/jmh/jmh-core-1.37.jar)
WARNING: Please consider reporting this to the maintainers of class org.openjdk.jmh.util.Utils
WARNING: sun.misc.Unsafe::objectFieldOffset will be removed in a future release
# Warmup Iteration   1: 2047.809 us/op
# Warmup Iteration   2: 1994.432 us/op
# Warmup Iteration   3: 2075.391 us/op
# Warmup Iteration   4: 1972.420 us/op
# Warmup Iteration   5: 2009.767 us/op
Iteration   1: 2013.505 us/op
Iteration   2: 1913.786 us/op
Iteration   3: 1992.908 us/op
Iteration   4: 3928.031 us/op
Iteration   5: 3488.224 us/op


Result "numj.ShortRowBench.javaAddRows":
  2298.634 ±(99.9%) 645.883 us/op [Average]
  (min, avg, max) = (1896.164, 2298.634, 3928.031), stdev = 604.159
  CI (99.9%): [1652.751, 2944.517] (assumes normal distribution)


# JMH version: 1.37
# VM version: JDK 25.0.4.1, OpenJDK 64-Bit Server VM, 25.0.4.1+1-LTS
# VM invoker: C:\Users\Hareram ray\AI\numJ\.tools\jdk\bin\java.exe
# VM options: --enable-native-access=ALL-UNNAMED --enable-native-access=ALL-UNNAMED -Xms2g -Xmx2g -XX:+AlwaysPreTouch
# Blackhole mode: compiler (auto-detected, use -Djmh.blackhole.autoDetect=false to disable)
# Warmup: 5 iterations, 200 ms each
# Measurement: 5 iterations, 200 ms each
# Timeout: 10 min per iteration
# Threads: 1 thread, will synchronize iterations
# Benchmark mode: Average time, time/op
# Benchmark: numj.ShortRowBench.javaAddRows
# Parameters: (k = 8)

# Run progress: 80.88% complete, ETA 00:01:51
# Fork: 1 of 3
WARNING: A terminally deprecated method in sun.misc.Unsafe has been called
WARNING: sun.misc.Unsafe::objectFieldOffset has been called by org.openjdk.jmh.util.Utils (file:/C:/Users/Hareram%20ray/AI/numJ/.tools/jmh/jmh-core-1.37.jar)
WARNING: Please consider reporting this to the maintainers of class org.openjdk.jmh.util.Utils
WARNING: sun.misc.Unsafe::objectFieldOffset will be removed in a future release
# Warmup Iteration   1: 1891.838 us/op
# Warmup Iteration   2: 1944.151 us/op
# Warmup Iteration   3: 2148.787 us/op
# Warmup Iteration   4: 1999.562 us/op
# Warmup Iteration   5: 2073.920 us/op
Iteration   1: 2545.539 us/op
Iteration   2: 1902.119 us/op
Iteration   3: 1953.609 us/op
Iteration   4: 1891.347 us/op
Iteration   5: 1804.721 us/op

# Run progress: 81.37% complete, ETA 00:01:48
# Fork: 2 of 3
WARNING: A terminally deprecated method in sun.misc.Unsafe has been called
WARNING: sun.misc.Unsafe::objectFieldOffset has been called by org.openjdk.jmh.util.Utils (file:/C:/Users/Hareram%20ray/AI/numJ/.tools/jmh/jmh-core-1.37.jar)
WARNING: Please consider reporting this to the maintainers of class org.openjdk.jmh.util.Utils
WARNING: sun.misc.Unsafe::objectFieldOffset will be removed in a future release
# Warmup Iteration   1: 2197.713 us/op
# Warmup Iteration   2: 1982.219 us/op
# Warmup Iteration   3: 1993.732 us/op
# Warmup Iteration   4: 2112.529 us/op
# Warmup Iteration   5: 1945.872 us/op
Iteration   1: 2003.364 us/op
Iteration   2: 1831.566 us/op
Iteration   3: 1806.623 us/op
Iteration   4: 1917.029 us/op
Iteration   5: 2040.493 us/op

# Run progress: 81.86% complete, ETA 00:01:45
# Fork: 3 of 3
WARNING: A terminally deprecated method in sun.misc.Unsafe has been called
WARNING: sun.misc.Unsafe::objectFieldOffset has been called by org.openjdk.jmh.util.Utils (file:/C:/Users/Hareram%20ray/AI/numJ/.tools/jmh/jmh-core-1.37.jar)
WARNING: Please consider reporting this to the maintainers of class org.openjdk.jmh.util.Utils
WARNING: sun.misc.Unsafe::objectFieldOffset will be removed in a future release
# Warmup Iteration   1: 2267.468 us/op
# Warmup Iteration   2: 2097.489 us/op
# Warmup Iteration   3: 2692.985 us/op
# Warmup Iteration   4: 1992.043 us/op
# Warmup Iteration   5: 1964.412 us/op
Iteration   1: 2150.994 us/op
Iteration   2: 1774.112 us/op
Iteration   3: 2047.446 us/op
Iteration   4: 1814.413 us/op
Iteration   5: 2020.211 us/op


Result "numj.ShortRowBench.javaAddRows":
  1966.906 ±(99.9%) 207.630 us/op [Average]
  (min, avg, max) = (1774.112, 1966.906, 2545.539), stdev = 194.217
  CI (99.9%): [1759.276, 2174.535] (assumes normal distribution)


# JMH version: 1.37
# VM version: JDK 25.0.4.1, OpenJDK 64-Bit Server VM, 25.0.4.1+1-LTS
# VM invoker: C:\Users\Hareram ray\AI\numJ\.tools\jdk\bin\java.exe
# VM options: --enable-native-access=ALL-UNNAMED --enable-native-access=ALL-UNNAMED -Xms2g -Xmx2g -XX:+AlwaysPreTouch
# Blackhole mode: compiler (auto-detected, use -Djmh.blackhole.autoDetect=false to disable)
# Warmup: 5 iterations, 200 ms each
# Measurement: 5 iterations, 200 ms each
# Timeout: 10 min per iteration
# Threads: 1 thread, will synchronize iterations
# Benchmark mode: Average time, time/op
# Benchmark: numj.ShortRowBench.javaAddRows
# Parameters: (k = 16)

# Run progress: 82.35% complete, ETA 00:01:42
# Fork: 1 of 3
WARNING: A terminally deprecated method in sun.misc.Unsafe has been called
WARNING: sun.misc.Unsafe::objectFieldOffset has been called by org.openjdk.jmh.util.Utils (file:/C:/Users/Hareram%20ray/AI/numJ/.tools/jmh/jmh-core-1.37.jar)
WARNING: Please consider reporting this to the maintainers of class org.openjdk.jmh.util.Utils
WARNING: sun.misc.Unsafe::objectFieldOffset will be removed in a future release
# Warmup Iteration   1: 1897.984 us/op
# Warmup Iteration   2: 1908.499 us/op
# Warmup Iteration   3: 2119.656 us/op
# Warmup Iteration   4: 2169.277 us/op
# Warmup Iteration   5: 2115.911 us/op
Iteration   1: 1699.170 us/op
Iteration   2: 1711.761 us/op
Iteration   3: 1793.714 us/op
Iteration   4: 1749.543 us/op
Iteration   5: 1815.877 us/op

# Run progress: 82.84% complete, ETA 00:01:39
# Fork: 2 of 3
WARNING: A terminally deprecated method in sun.misc.Unsafe has been called
WARNING: sun.misc.Unsafe::objectFieldOffset has been called by org.openjdk.jmh.util.Utils (file:/C:/Users/Hareram%20ray/AI/numJ/.tools/jmh/jmh-core-1.37.jar)
WARNING: Please consider reporting this to the maintainers of class org.openjdk.jmh.util.Utils
WARNING: sun.misc.Unsafe::objectFieldOffset will be removed in a future release
# Warmup Iteration   1: 1774.023 us/op
# Warmup Iteration   2: 1821.756 us/op
# Warmup Iteration   3: 1762.154 us/op
# Warmup Iteration   4: 1761.338 us/op
# Warmup Iteration   5: 1772.101 us/op
Iteration   1: 1889.043 us/op
Iteration   2: 1771.382 us/op
Iteration   3: 1742.697 us/op
Iteration   4: 1776.876 us/op
Iteration   5: 1829.842 us/op

# Run progress: 83.33% complete, ETA 00:01:36
# Fork: 3 of 3
WARNING: A terminally deprecated method in sun.misc.Unsafe has been called
WARNING: sun.misc.Unsafe::objectFieldOffset has been called by org.openjdk.jmh.util.Utils (file:/C:/Users/Hareram%20ray/AI/numJ/.tools/jmh/jmh-core-1.37.jar)
WARNING: Please consider reporting this to the maintainers of class org.openjdk.jmh.util.Utils
WARNING: sun.misc.Unsafe::objectFieldOffset will be removed in a future release
# Warmup Iteration   1: 1816.631 us/op
# Warmup Iteration   2: 1866.794 us/op
# Warmup Iteration   3: 1819.263 us/op
# Warmup Iteration   4: 1747.714 us/op
# Warmup Iteration   5: 1754.572 us/op
Iteration   1: 6495.847 us/op
Iteration   2: 6352.828 us/op
Iteration   3: 5755.519 us/op
Iteration   4: 2357.708 us/op
Iteration   5: 1921.863 us/op


Result "numj.ShortRowBench.javaAddRows":
  2710.911 ±(99.9%) 1944.967 us/op [Average]
  (min, avg, max) = (1699.170, 2710.911, 6495.847), stdev = 1819.323
  CI (99.9%): [765.945, 4655.878] (assumes normal distribution)


# JMH version: 1.37
# VM version: JDK 25.0.4.1, OpenJDK 64-Bit Server VM, 25.0.4.1+1-LTS
# VM invoker: C:\Users\Hareram ray\AI\numJ\.tools\jdk\bin\java.exe
# VM options: --enable-native-access=ALL-UNNAMED --enable-native-access=ALL-UNNAMED -Xms2g -Xmx2g -XX:+AlwaysPreTouch
# Blackhole mode: compiler (auto-detected, use -Djmh.blackhole.autoDetect=false to disable)
# Warmup: 5 iterations, 200 ms each
# Measurement: 5 iterations, 200 ms each
# Timeout: 10 min per iteration
# Threads: 1 thread, will synchronize iterations
# Benchmark mode: Average time, time/op
# Benchmark: numj.ShortRowBench.javaAddRows
# Parameters: (k = 64)

# Run progress: 83.82% complete, ETA 00:01:34
# Fork: 1 of 3
WARNING: A terminally deprecated method in sun.misc.Unsafe has been called
WARNING: sun.misc.Unsafe::objectFieldOffset has been called by org.openjdk.jmh.util.Utils (file:/C:/Users/Hareram%20ray/AI/numJ/.tools/jmh/jmh-core-1.37.jar)
WARNING: Please consider reporting this to the maintainers of class org.openjdk.jmh.util.Utils
WARNING: sun.misc.Unsafe::objectFieldOffset will be removed in a future release
# Warmup Iteration   1: 1781.858 us/op
# Warmup Iteration   2: 1791.068 us/op
# Warmup Iteration   3: 2104.080 us/op
# Warmup Iteration   4: 2111.990 us/op
# Warmup Iteration   5: 1912.513 us/op
Iteration   1: 1607.490 us/op
Iteration   2: 1865.819 us/op
Iteration   3: 2072.990 us/op
Iteration   4: 2429.259 us/op
Iteration   5: 2054.336 us/op

# Run progress: 84.31% complete, ETA 00:01:31
# Fork: 2 of 3
WARNING: A terminally deprecated method in sun.misc.Unsafe has been called
WARNING: sun.misc.Unsafe::objectFieldOffset has been called by org.openjdk.jmh.util.Utils (file:/C:/Users/Hareram%20ray/AI/numJ/.tools/jmh/jmh-core-1.37.jar)
WARNING: Please consider reporting this to the maintainers of class org.openjdk.jmh.util.Utils
WARNING: sun.misc.Unsafe::objectFieldOffset will be removed in a future release
# Warmup Iteration   1: 1851.357 us/op
# Warmup Iteration   2: 2039.202 us/op
# Warmup Iteration   3: 2891.203 us/op
# Warmup Iteration   4: 2001.374 us/op
# Warmup Iteration   5: 1656.647 us/op
Iteration   1: 1750.395 us/op
Iteration   2: 1393.163 us/op
Iteration   3: 1447.304 us/op
Iteration   4: 1478.188 us/op
Iteration   5: 1451.544 us/op

# Run progress: 84.80% complete, ETA 00:01:28
# Fork: 3 of 3
WARNING: A terminally deprecated method in sun.misc.Unsafe has been called
WARNING: sun.misc.Unsafe::objectFieldOffset has been called by org.openjdk.jmh.util.Utils (file:/C:/Users/Hareram%20ray/AI/numJ/.tools/jmh/jmh-core-1.37.jar)
WARNING: Please consider reporting this to the maintainers of class org.openjdk.jmh.util.Utils
WARNING: sun.misc.Unsafe::objectFieldOffset will be removed in a future release
# Warmup Iteration   1: 1551.090 us/op
# Warmup Iteration   2: 1561.078 us/op
# Warmup Iteration   3: 1598.657 us/op
# Warmup Iteration   4: 1563.342 us/op
# Warmup Iteration   5: 1475.247 us/op
Iteration   1: 1445.001 us/op
Iteration   2: 1506.747 us/op
Iteration   3: 1463.737 us/op
Iteration   4: 1585.052 us/op
Iteration   5: 1434.472 us/op


Result "numj.ShortRowBench.javaAddRows":
  1665.700 ±(99.9%) 329.294 us/op [Average]
  (min, avg, max) = (1393.163, 1665.700, 2429.259), stdev = 308.022
  CI (99.9%): [1336.406, 1994.994] (assumes normal distribution)


# JMH version: 1.37
# VM version: JDK 25.0.4.1, OpenJDK 64-Bit Server VM, 25.0.4.1+1-LTS
# VM invoker: C:\Users\Hareram ray\AI\numJ\.tools\jdk\bin\java.exe
# VM options: --enable-native-access=ALL-UNNAMED --enable-native-access=ALL-UNNAMED -Xms2g -Xmx2g -XX:+AlwaysPreTouch
# Blackhole mode: compiler (auto-detected, use -Djmh.blackhole.autoDetect=false to disable)
# Warmup: 5 iterations, 200 ms each
# Measurement: 5 iterations, 200 ms each
# Timeout: 10 min per iteration
# Threads: 1 thread, will synchronize iterations
# Benchmark mode: Average time, time/op
# Benchmark: numj.ShortRowBench.javaSumRows
# Parameters: (k = 2)

# Run progress: 85.29% complete, ETA 00:01:25
# Fork: 1 of 3
WARNING: A terminally deprecated method in sun.misc.Unsafe has been called
WARNING: sun.misc.Unsafe::objectFieldOffset has been called by org.openjdk.jmh.util.Utils (file:/C:/Users/Hareram%20ray/AI/numJ/.tools/jmh/jmh-core-1.37.jar)
WARNING: Please consider reporting this to the maintainers of class org.openjdk.jmh.util.Utils
WARNING: sun.misc.Unsafe::objectFieldOffset will be removed in a future release
# Warmup Iteration   1: 1170.345 us/op
# Warmup Iteration   2: 1127.980 us/op
# Warmup Iteration   3: 1150.871 us/op
# Warmup Iteration   4: 1092.291 us/op
# Warmup Iteration   5: 1127.626 us/op
Iteration   1: 1049.639 us/op
Iteration   2: 1167.582 us/op
Iteration   3: 1102.236 us/op
Iteration   4: 1122.069 us/op
Iteration   5: 1144.111 us/op

# Run progress: 85.78% complete, ETA 00:01:22
# Fork: 2 of 3
WARNING: A terminally deprecated method in sun.misc.Unsafe has been called
WARNING: sun.misc.Unsafe::objectFieldOffset has been called by org.openjdk.jmh.util.Utils (file:/C:/Users/Hareram%20ray/AI/numJ/.tools/jmh/jmh-core-1.37.jar)
WARNING: Please consider reporting this to the maintainers of class org.openjdk.jmh.util.Utils
WARNING: sun.misc.Unsafe::objectFieldOffset will be removed in a future release
# Warmup Iteration   1: 1159.476 us/op
# Warmup Iteration   2: 1138.762 us/op
# Warmup Iteration   3: 1085.976 us/op
# Warmup Iteration   4: 1107.859 us/op
# Warmup Iteration   5: 1105.691 us/op
Iteration   1: 1128.298 us/op
Iteration   2: 1166.076 us/op
Iteration   3: 1085.747 us/op
Iteration   4: 1130.769 us/op
Iteration   5: 1121.935 us/op

# Run progress: 86.27% complete, ETA 00:01:19
# Fork: 3 of 3
WARNING: A terminally deprecated method in sun.misc.Unsafe has been called
WARNING: sun.misc.Unsafe::objectFieldOffset has been called by org.openjdk.jmh.util.Utils (file:/C:/Users/Hareram%20ray/AI/numJ/.tools/jmh/jmh-core-1.37.jar)
WARNING: Please consider reporting this to the maintainers of class org.openjdk.jmh.util.Utils
WARNING: sun.misc.Unsafe::objectFieldOffset will be removed in a future release
# Warmup Iteration   1: 1173.968 us/op
# Warmup Iteration   2: 1223.264 us/op
# Warmup Iteration   3: 1190.689 us/op
# Warmup Iteration   4: 1151.905 us/op
# Warmup Iteration   5: 1132.085 us/op
Iteration   1: 1127.339 us/op
Iteration   2: 1186.052 us/op
Iteration   3: 1165.890 us/op
Iteration   4: 1171.092 us/op
Iteration   5: 1085.908 us/op


Result "numj.ShortRowBench.javaSumRows":
  1130.316 ±(99.9%) 40.708 us/op [Average]
  (min, avg, max) = (1049.639, 1130.316, 1186.052), stdev = 38.079
  CI (99.9%): [1089.608, 1171.025] (assumes normal distribution)


# JMH version: 1.37
# VM version: JDK 25.0.4.1, OpenJDK 64-Bit Server VM, 25.0.4.1+1-LTS
# VM invoker: C:\Users\Hareram ray\AI\numJ\.tools\jdk\bin\java.exe
# VM options: --enable-native-access=ALL-UNNAMED --enable-native-access=ALL-UNNAMED -Xms2g -Xmx2g -XX:+AlwaysPreTouch
# Blackhole mode: compiler (auto-detected, use -Djmh.blackhole.autoDetect=false to disable)
# Warmup: 5 iterations, 200 ms each
# Measurement: 5 iterations, 200 ms each
# Timeout: 10 min per iteration
# Threads: 1 thread, will synchronize iterations
# Benchmark mode: Average time, time/op
# Benchmark: numj.ShortRowBench.javaSumRows
# Parameters: (k = 4)

# Run progress: 86.76% complete, ETA 00:01:16
# Fork: 1 of 3
WARNING: A terminally deprecated method in sun.misc.Unsafe has been called
WARNING: sun.misc.Unsafe::objectFieldOffset has been called by org.openjdk.jmh.util.Utils (file:/C:/Users/Hareram%20ray/AI/numJ/.tools/jmh/jmh-core-1.37.jar)
WARNING: Please consider reporting this to the maintainers of class org.openjdk.jmh.util.Utils
WARNING: sun.misc.Unsafe::objectFieldOffset will be removed in a future release
# Warmup Iteration   1: 660.598 us/op
# Warmup Iteration   2: 634.468 us/op
# Warmup Iteration   3: 687.162 us/op
# Warmup Iteration   4: 704.230 us/op
# Warmup Iteration   5: 688.942 us/op
Iteration   1: 734.472 us/op
Iteration   2: 682.330 us/op
Iteration   3: 667.617 us/op
Iteration   4: 712.107 us/op
Iteration   5: 697.882 us/op

# Run progress: 87.25% complete, ETA 00:01:13
# Fork: 2 of 3
WARNING: A terminally deprecated method in sun.misc.Unsafe has been called
WARNING: sun.misc.Unsafe::objectFieldOffset has been called by org.openjdk.jmh.util.Utils (file:/C:/Users/Hareram%20ray/AI/numJ/.tools/jmh/jmh-core-1.37.jar)
WARNING: Please consider reporting this to the maintainers of class org.openjdk.jmh.util.Utils
WARNING: sun.misc.Unsafe::objectFieldOffset will be removed in a future release
# Warmup Iteration   1: 712.506 us/op
# Warmup Iteration   2: 691.315 us/op
# Warmup Iteration   3: 702.159 us/op
# Warmup Iteration   4: 707.715 us/op
# Warmup Iteration   5: 695.377 us/op
Iteration   1: 702.408 us/op
Iteration   2: 714.519 us/op
Iteration   3: 684.446 us/op
Iteration   4: 756.309 us/op
Iteration   5: 739.542 us/op

# Run progress: 87.75% complete, ETA 00:01:11
# Fork: 3 of 3
WARNING: A terminally deprecated method in sun.misc.Unsafe has been called
WARNING: sun.misc.Unsafe::objectFieldOffset has been called by org.openjdk.jmh.util.Utils (file:/C:/Users/Hareram%20ray/AI/numJ/.tools/jmh/jmh-core-1.37.jar)
WARNING: Please consider reporting this to the maintainers of class org.openjdk.jmh.util.Utils
WARNING: sun.misc.Unsafe::objectFieldOffset will be removed in a future release
# Warmup Iteration   1: 718.964 us/op
# Warmup Iteration   2: 729.089 us/op
# Warmup Iteration   3: 740.415 us/op
# Warmup Iteration   4: 736.634 us/op
# Warmup Iteration   5: 721.972 us/op
Iteration   1: 702.529 us/op
Iteration   2: 705.417 us/op
Iteration   3: 716.098 us/op
Iteration   4: 785.911 us/op
Iteration   5: 735.117 us/op


Result "numj.ShortRowBench.javaSumRows":
  715.780 ±(99.9%) 32.660 us/op [Average]
  (min, avg, max) = (667.617, 715.780, 785.911), stdev = 30.550
  CI (99.9%): [683.120, 748.440] (assumes normal distribution)


# JMH version: 1.37
# VM version: JDK 25.0.4.1, OpenJDK 64-Bit Server VM, 25.0.4.1+1-LTS
# VM invoker: C:\Users\Hareram ray\AI\numJ\.tools\jdk\bin\java.exe
# VM options: --enable-native-access=ALL-UNNAMED --enable-native-access=ALL-UNNAMED -Xms2g -Xmx2g -XX:+AlwaysPreTouch
# Blackhole mode: compiler (auto-detected, use -Djmh.blackhole.autoDetect=false to disable)
# Warmup: 5 iterations, 200 ms each
# Measurement: 5 iterations, 200 ms each
# Timeout: 10 min per iteration
# Threads: 1 thread, will synchronize iterations
# Benchmark mode: Average time, time/op
# Benchmark: numj.ShortRowBench.javaSumRows
# Parameters: (k = 8)

# Run progress: 88.24% complete, ETA 00:01:08
# Fork: 1 of 3
WARNING: A terminally deprecated method in sun.misc.Unsafe has been called
WARNING: sun.misc.Unsafe::objectFieldOffset has been called by org.openjdk.jmh.util.Utils (file:/C:/Users/Hareram%20ray/AI/numJ/.tools/jmh/jmh-core-1.37.jar)
WARNING: Please consider reporting this to the maintainers of class org.openjdk.jmh.util.Utils
WARNING: sun.misc.Unsafe::objectFieldOffset will be removed in a future release
# Warmup Iteration   1: 542.661 us/op
# Warmup Iteration   2: 493.263 us/op
# Warmup Iteration   3: 459.946 us/op
# Warmup Iteration   4: 507.064 us/op
# Warmup Iteration   5: 548.867 us/op
Iteration   1: 521.305 us/op
Iteration   2: 515.698 us/op
Iteration   3: 501.306 us/op
Iteration   4: 506.215 us/op
Iteration   5: 506.789 us/op

# Run progress: 88.73% complete, ETA 00:01:05
# Fork: 2 of 3
WARNING: A terminally deprecated method in sun.misc.Unsafe has been called
WARNING: sun.misc.Unsafe::objectFieldOffset has been called by org.openjdk.jmh.util.Utils (file:/C:/Users/Hareram%20ray/AI/numJ/.tools/jmh/jmh-core-1.37.jar)
WARNING: Please consider reporting this to the maintainers of class org.openjdk.jmh.util.Utils
WARNING: sun.misc.Unsafe::objectFieldOffset will be removed in a future release
# Warmup Iteration   1: 514.016 us/op
# Warmup Iteration   2: 515.840 us/op
# Warmup Iteration   3: 532.405 us/op
# Warmup Iteration   4: 524.698 us/op
# Warmup Iteration   5: 516.036 us/op
Iteration   1: 524.205 us/op
Iteration   2: 529.106 us/op
Iteration   3: 483.843 us/op
Iteration   4: 522.548 us/op
Iteration   5: 501.350 us/op

# Run progress: 89.22% complete, ETA 00:01:02
# Fork: 3 of 3
WARNING: A terminally deprecated method in sun.misc.Unsafe has been called
WARNING: sun.misc.Unsafe::objectFieldOffset has been called by org.openjdk.jmh.util.Utils (file:/C:/Users/Hareram%20ray/AI/numJ/.tools/jmh/jmh-core-1.37.jar)
WARNING: Please consider reporting this to the maintainers of class org.openjdk.jmh.util.Utils
WARNING: sun.misc.Unsafe::objectFieldOffset will be removed in a future release
# Warmup Iteration   1: 500.951 us/op
# Warmup Iteration   2: 501.874 us/op
# Warmup Iteration   3: 464.409 us/op
# Warmup Iteration   4: 489.166 us/op
# Warmup Iteration   5: 468.992 us/op
Iteration   1: 481.184 us/op
Iteration   2: 486.561 us/op
Iteration   3: 462.218 us/op
Iteration   4: 441.507 us/op
Iteration   5: 502.460 us/op


Result "numj.ShortRowBench.javaSumRows":
  499.086 ±(99.9%) 26.137 us/op [Average]
  (min, avg, max) = (441.507, 499.086, 529.106), stdev = 24.448
  CI (99.9%): [472.949, 525.223] (assumes normal distribution)


# JMH version: 1.37
# VM version: JDK 25.0.4.1, OpenJDK 64-Bit Server VM, 25.0.4.1+1-LTS
# VM invoker: C:\Users\Hareram ray\AI\numJ\.tools\jdk\bin\java.exe
# VM options: --enable-native-access=ALL-UNNAMED --enable-native-access=ALL-UNNAMED -Xms2g -Xmx2g -XX:+AlwaysPreTouch
# Blackhole mode: compiler (auto-detected, use -Djmh.blackhole.autoDetect=false to disable)
# Warmup: 5 iterations, 200 ms each
# Measurement: 5 iterations, 200 ms each
# Timeout: 10 min per iteration
# Threads: 1 thread, will synchronize iterations
# Benchmark mode: Average time, time/op
# Benchmark: numj.ShortRowBench.javaSumRows
# Parameters: (k = 16)

# Run progress: 89.71% complete, ETA 00:00:59
# Fork: 1 of 3
WARNING: A terminally deprecated method in sun.misc.Unsafe has been called
WARNING: sun.misc.Unsafe::objectFieldOffset has been called by org.openjdk.jmh.util.Utils (file:/C:/Users/Hareram%20ray/AI/numJ/.tools/jmh/jmh-core-1.37.jar)
WARNING: Please consider reporting this to the maintainers of class org.openjdk.jmh.util.Utils
WARNING: sun.misc.Unsafe::objectFieldOffset will be removed in a future release
# Warmup Iteration   1: 431.056 us/op
# Warmup Iteration   2: 441.440 us/op
# Warmup Iteration   3: 392.257 us/op
# Warmup Iteration   4: 410.525 us/op
# Warmup Iteration   5: 2093.829 us/op
Iteration   1: 1005.323 us/op
Iteration   2: 523.352 us/op
Iteration   3: 563.469 us/op
Iteration   4: 605.039 us/op
Iteration   5: 458.143 us/op

# Run progress: 90.20% complete, ETA 00:00:56
# Fork: 2 of 3
WARNING: A terminally deprecated method in sun.misc.Unsafe has been called
WARNING: sun.misc.Unsafe::objectFieldOffset has been called by org.openjdk.jmh.util.Utils (file:/C:/Users/Hareram%20ray/AI/numJ/.tools/jmh/jmh-core-1.37.jar)
WARNING: Please consider reporting this to the maintainers of class org.openjdk.jmh.util.Utils
WARNING: sun.misc.Unsafe::objectFieldOffset will be removed in a future release
# Warmup Iteration   1: 417.459 us/op
# Warmup Iteration   2: 434.599 us/op
# Warmup Iteration   3: 510.086 us/op
# Warmup Iteration   4: 406.338 us/op
# Warmup Iteration   5: 470.057 us/op
Iteration   1: 542.781 us/op
Iteration   2: 440.912 us/op
Iteration   3: 428.167 us/op
Iteration   4: 441.645 us/op
Iteration   5: 538.619 us/op

# Run progress: 90.69% complete, ETA 00:00:53
# Fork: 3 of 3
WARNING: A terminally deprecated method in sun.misc.Unsafe has been called
WARNING: sun.misc.Unsafe::objectFieldOffset has been called by org.openjdk.jmh.util.Utils (file:/C:/Users/Hareram%20ray/AI/numJ/.tools/jmh/jmh-core-1.37.jar)
WARNING: Please consider reporting this to the maintainers of class org.openjdk.jmh.util.Utils
WARNING: sun.misc.Unsafe::objectFieldOffset will be removed in a future release
# Warmup Iteration   1: 520.039 us/op
# Warmup Iteration   2: 520.296 us/op
# Warmup Iteration   3: 434.682 us/op
# Warmup Iteration   4: 507.087 us/op
# Warmup Iteration   5: 536.919 us/op
Iteration   1: 452.016 us/op
Iteration   2: 431.923 us/op
Iteration   3: 422.861 us/op
Iteration   4: 430.943 us/op
Iteration   5: 461.416 us/op


Result "numj.ShortRowBench.javaSumRows":
  516.441 ±(99.9%) 157.321 us/op [Average]
  (min, avg, max) = (422.861, 516.441, 1005.323), stdev = 147.158
  CI (99.9%): [359.119, 673.762] (assumes normal distribution)


# JMH version: 1.37
# VM version: JDK 25.0.4.1, OpenJDK 64-Bit Server VM, 25.0.4.1+1-LTS
# VM invoker: C:\Users\Hareram ray\AI\numJ\.tools\jdk\bin\java.exe
# VM options: --enable-native-access=ALL-UNNAMED --enable-native-access=ALL-UNNAMED -Xms2g -Xmx2g -XX:+AlwaysPreTouch
# Blackhole mode: compiler (auto-detected, use -Djmh.blackhole.autoDetect=false to disable)
# Warmup: 5 iterations, 200 ms each
# Measurement: 5 iterations, 200 ms each
# Timeout: 10 min per iteration
# Threads: 1 thread, will synchronize iterations
# Benchmark mode: Average time, time/op
# Benchmark: numj.ShortRowBench.javaSumRows
# Parameters: (k = 64)

# Run progress: 91.18% complete, ETA 00:00:50
# Fork: 1 of 3
WARNING: A terminally deprecated method in sun.misc.Unsafe has been called
WARNING: sun.misc.Unsafe::objectFieldOffset has been called by org.openjdk.jmh.util.Utils (file:/C:/Users/Hareram%20ray/AI/numJ/.tools/jmh/jmh-core-1.37.jar)
WARNING: Please consider reporting this to the maintainers of class org.openjdk.jmh.util.Utils
WARNING: sun.misc.Unsafe::objectFieldOffset will be removed in a future release
# Warmup Iteration   1: 402.773 us/op
# Warmup Iteration   2: 334.906 us/op
# Warmup Iteration   3: 366.307 us/op
# Warmup Iteration   4: 382.711 us/op
# Warmup Iteration   5: 374.527 us/op
Iteration   1: 354.118 us/op
Iteration   2: 388.810 us/op
Iteration   3: 357.653 us/op
Iteration   4: 368.282 us/op
Iteration   5: 371.868 us/op

# Run progress: 91.67% complete, ETA 00:00:48
# Fork: 2 of 3
WARNING: A terminally deprecated method in sun.misc.Unsafe has been called
WARNING: sun.misc.Unsafe::objectFieldOffset has been called by org.openjdk.jmh.util.Utils (file:/C:/Users/Hareram%20ray/AI/numJ/.tools/jmh/jmh-core-1.37.jar)
WARNING: Please consider reporting this to the maintainers of class org.openjdk.jmh.util.Utils
WARNING: sun.misc.Unsafe::objectFieldOffset will be removed in a future release
# Warmup Iteration   1: 402.284 us/op
# Warmup Iteration   2: 393.340 us/op
# Warmup Iteration   3: 415.123 us/op
# Warmup Iteration   4: 405.623 us/op
# Warmup Iteration   5: 328.926 us/op
Iteration   1: 369.374 us/op
Iteration   2: 356.367 us/op
Iteration   3: 380.425 us/op
Iteration   4: 346.606 us/op
Iteration   5: 368.219 us/op

# Run progress: 92.16% complete, ETA 00:00:45
# Fork: 3 of 3
WARNING: A terminally deprecated method in sun.misc.Unsafe has been called
WARNING: sun.misc.Unsafe::objectFieldOffset has been called by org.openjdk.jmh.util.Utils (file:/C:/Users/Hareram%20ray/AI/numJ/.tools/jmh/jmh-core-1.37.jar)
WARNING: Please consider reporting this to the maintainers of class org.openjdk.jmh.util.Utils
WARNING: sun.misc.Unsafe::objectFieldOffset will be removed in a future release
# Warmup Iteration   1: 377.369 us/op
# Warmup Iteration   2: 400.403 us/op
# Warmup Iteration   3: 360.253 us/op
# Warmup Iteration   4: 349.043 us/op
# Warmup Iteration   5: 374.668 us/op
Iteration   1: 354.022 us/op
Iteration   2: 351.973 us/op
Iteration   3: 360.928 us/op
Iteration   4: 371.780 us/op
Iteration   5: 381.891 us/op


Result "numj.ShortRowBench.javaSumRows":
  365.488 ±(99.9%) 13.131 us/op [Average]
  (min, avg, max) = (346.606, 365.488, 388.810), stdev = 12.283
  CI (99.9%): [352.357, 378.619] (assumes normal distribution)


# JMH version: 1.37
# VM version: JDK 25.0.4.1, OpenJDK 64-Bit Server VM, 25.0.4.1+1-LTS
# VM invoker: C:\Users\Hareram ray\AI\numJ\.tools\jdk\bin\java.exe
# VM options: --enable-native-access=ALL-UNNAMED --enable-native-access=ALL-UNNAMED -Xms2g -Xmx2g -XX:+AlwaysPreTouch
# Blackhole mode: compiler (auto-detected, use -Djmh.blackhole.autoDetect=false to disable)
# Warmup: 5 iterations, 200 ms each
# Measurement: 5 iterations, 200 ms each
# Timeout: 10 min per iteration
# Threads: 1 thread, will synchronize iterations
# Benchmark mode: Average time, time/op
# Benchmark: numj.ShortRowBench.sumRows
# Parameters: (k = 2)

# Run progress: 92.65% complete, ETA 00:00:42
# Fork: 1 of 3
WARNING: A terminally deprecated method in sun.misc.Unsafe has been called
WARNING: sun.misc.Unsafe::objectFieldOffset has been called by org.openjdk.jmh.util.Utils (file:/C:/Users/Hareram%20ray/AI/numJ/.tools/jmh/jmh-core-1.37.jar)
WARNING: Please consider reporting this to the maintainers of class org.openjdk.jmh.util.Utils
WARNING: sun.misc.Unsafe::objectFieldOffset will be removed in a future release
# Warmup Iteration   1: 1292.247 us/op
# Warmup Iteration   2: 547.194 us/op
# Warmup Iteration   3: 637.070 us/op
# Warmup Iteration   4: 582.958 us/op
# Warmup Iteration   5: 649.702 us/op
Iteration   1: 663.258 us/op
Iteration   2: 595.514 us/op
Iteration   3: 634.403 us/op
Iteration   4: 633.235 us/op
Iteration   5: 563.167 us/op

# Run progress: 93.14% complete, ETA 00:00:39
# Fork: 2 of 3
WARNING: A terminally deprecated method in sun.misc.Unsafe has been called
WARNING: sun.misc.Unsafe::objectFieldOffset has been called by org.openjdk.jmh.util.Utils (file:/C:/Users/Hareram%20ray/AI/numJ/.tools/jmh/jmh-core-1.37.jar)
WARNING: Please consider reporting this to the maintainers of class org.openjdk.jmh.util.Utils
WARNING: sun.misc.Unsafe::objectFieldOffset will be removed in a future release
# Warmup Iteration   1: 1273.951 us/op
# Warmup Iteration   2: 544.271 us/op
# Warmup Iteration   3: 644.774 us/op
# Warmup Iteration   4: 650.093 us/op
# Warmup Iteration   5: 583.123 us/op
Iteration   1: 550.214 us/op
Iteration   2: 599.213 us/op
Iteration   3: 639.435 us/op
Iteration   4: 572.992 us/op
Iteration   5: 601.291 us/op

# Run progress: 93.63% complete, ETA 00:00:36
# Fork: 3 of 3
WARNING: A terminally deprecated method in sun.misc.Unsafe has been called
WARNING: sun.misc.Unsafe::objectFieldOffset has been called by org.openjdk.jmh.util.Utils (file:/C:/Users/Hareram%20ray/AI/numJ/.tools/jmh/jmh-core-1.37.jar)
WARNING: Please consider reporting this to the maintainers of class org.openjdk.jmh.util.Utils
WARNING: sun.misc.Unsafe::objectFieldOffset will be removed in a future release
# Warmup Iteration   1: 1515.004 us/op
# Warmup Iteration   2: 652.278 us/op
# Warmup Iteration   3: 612.462 us/op
# Warmup Iteration   4: 601.249 us/op
# Warmup Iteration   5: 633.365 us/op
Iteration   1: 628.548 us/op
Iteration   2: 644.285 us/op
Iteration   3: 618.780 us/op
Iteration   4: 624.349 us/op
Iteration   5: 707.721 us/op


Result "numj.ShortRowBench.sumRows":
  618.427 ±(99.9%) 43.014 us/op [Average]
  (min, avg, max) = (550.214, 618.427, 707.721), stdev = 40.235
  CI (99.9%): [575.413, 661.441] (assumes normal distribution)


# JMH version: 1.37
# VM version: JDK 25.0.4.1, OpenJDK 64-Bit Server VM, 25.0.4.1+1-LTS
# VM invoker: C:\Users\Hareram ray\AI\numJ\.tools\jdk\bin\java.exe
# VM options: --enable-native-access=ALL-UNNAMED --enable-native-access=ALL-UNNAMED -Xms2g -Xmx2g -XX:+AlwaysPreTouch
# Blackhole mode: compiler (auto-detected, use -Djmh.blackhole.autoDetect=false to disable)
# Warmup: 5 iterations, 200 ms each
# Measurement: 5 iterations, 200 ms each
# Timeout: 10 min per iteration
# Threads: 1 thread, will synchronize iterations
# Benchmark mode: Average time, time/op
# Benchmark: numj.ShortRowBench.sumRows
# Parameters: (k = 4)

# Run progress: 94.12% complete, ETA 00:00:33
# Fork: 1 of 3
WARNING: A terminally deprecated method in sun.misc.Unsafe has been called
WARNING: sun.misc.Unsafe::objectFieldOffset has been called by org.openjdk.jmh.util.Utils (file:/C:/Users/Hareram%20ray/AI/numJ/.tools/jmh/jmh-core-1.37.jar)
WARNING: Please consider reporting this to the maintainers of class org.openjdk.jmh.util.Utils
WARNING: sun.misc.Unsafe::objectFieldOffset will be removed in a future release
# Warmup Iteration   1: 1051.876 us/op
# Warmup Iteration   2: 539.729 us/op
# Warmup Iteration   3: 761.529 us/op
# Warmup Iteration   4: 554.452 us/op
# Warmup Iteration   5: 479.581 us/op
Iteration   1: 423.622 us/op
Iteration   2: 430.607 us/op
Iteration   3: 454.475 us/op
Iteration   4: 451.200 us/op
Iteration   5: 401.551 us/op

# Run progress: 94.61% complete, ETA 00:00:31
# Fork: 2 of 3
WARNING: A terminally deprecated method in sun.misc.Unsafe has been called
WARNING: sun.misc.Unsafe::objectFieldOffset has been called by org.openjdk.jmh.util.Utils (file:/C:/Users/Hareram%20ray/AI/numJ/.tools/jmh/jmh-core-1.37.jar)
WARNING: Please consider reporting this to the maintainers of class org.openjdk.jmh.util.Utils
WARNING: sun.misc.Unsafe::objectFieldOffset will be removed in a future release
# Warmup Iteration   1: 914.510 us/op
# Warmup Iteration   2: 393.641 us/op
# Warmup Iteration   3: 408.828 us/op
# Warmup Iteration   4: 419.061 us/op
# Warmup Iteration   5: 401.732 us/op
Iteration   1: 414.337 us/op
Iteration   2: 405.696 us/op
Iteration   3: 431.208 us/op
Iteration   4: 449.355 us/op
Iteration   5: 401.402 us/op

# Run progress: 95.10% complete, ETA 00:00:28
# Fork: 3 of 3
WARNING: A terminally deprecated method in sun.misc.Unsafe has been called
WARNING: sun.misc.Unsafe::objectFieldOffset has been called by org.openjdk.jmh.util.Utils (file:/C:/Users/Hareram%20ray/AI/numJ/.tools/jmh/jmh-core-1.37.jar)
WARNING: Please consider reporting this to the maintainers of class org.openjdk.jmh.util.Utils
WARNING: sun.misc.Unsafe::objectFieldOffset will be removed in a future release
# Warmup Iteration   1: 1040.669 us/op
# Warmup Iteration   2: 443.660 us/op
# Warmup Iteration   3: 396.422 us/op
# Warmup Iteration   4: 367.311 us/op
# Warmup Iteration   5: 442.322 us/op
Iteration   1: 406.994 us/op
Iteration   2: 465.169 us/op
Iteration   3: 433.885 us/op
Iteration   4: 376.184 us/op
Iteration   5: 383.567 us/op


Result "numj.ShortRowBench.sumRows":
  421.950 ±(99.9%) 28.271 us/op [Average]
  (min, avg, max) = (376.184, 421.950, 465.169), stdev = 26.444
  CI (99.9%): [393.680, 450.221] (assumes normal distribution)


# JMH version: 1.37
# VM version: JDK 25.0.4.1, OpenJDK 64-Bit Server VM, 25.0.4.1+1-LTS
# VM invoker: C:\Users\Hareram ray\AI\numJ\.tools\jdk\bin\java.exe
# VM options: --enable-native-access=ALL-UNNAMED --enable-native-access=ALL-UNNAMED -Xms2g -Xmx2g -XX:+AlwaysPreTouch
# Blackhole mode: compiler (auto-detected, use -Djmh.blackhole.autoDetect=false to disable)
# Warmup: 5 iterations, 200 ms each
# Measurement: 5 iterations, 200 ms each
# Timeout: 10 min per iteration
# Threads: 1 thread, will synchronize iterations
# Benchmark mode: Average time, time/op
# Benchmark: numj.ShortRowBench.sumRows
# Parameters: (k = 8)

# Run progress: 95.59% complete, ETA 00:00:25
# Fork: 1 of 3
WARNING: A terminally deprecated method in sun.misc.Unsafe has been called
WARNING: sun.misc.Unsafe::objectFieldOffset has been called by org.openjdk.jmh.util.Utils (file:/C:/Users/Hareram%20ray/AI/numJ/.tools/jmh/jmh-core-1.37.jar)
WARNING: Please consider reporting this to the maintainers of class org.openjdk.jmh.util.Utils
WARNING: sun.misc.Unsafe::objectFieldOffset will be removed in a future release
# Warmup Iteration   1: 1104.000 us/op
# Warmup Iteration   2: 494.559 us/op
# Warmup Iteration   3: 489.071 us/op
# Warmup Iteration   4: 444.200 us/op
# Warmup Iteration   5: 471.136 us/op
Iteration   1: 518.109 us/op
Iteration   2: 475.264 us/op
Iteration   3: 479.731 us/op
Iteration   4: 437.883 us/op
Iteration   5: 485.874 us/op

# Run progress: 96.08% complete, ETA 00:00:22
# Fork: 2 of 3
WARNING: A terminally deprecated method in sun.misc.Unsafe has been called
WARNING: sun.misc.Unsafe::objectFieldOffset has been called by org.openjdk.jmh.util.Utils (file:/C:/Users/Hareram%20ray/AI/numJ/.tools/jmh/jmh-core-1.37.jar)
WARNING: Please consider reporting this to the maintainers of class org.openjdk.jmh.util.Utils
WARNING: sun.misc.Unsafe::objectFieldOffset will be removed in a future release
# Warmup Iteration   1: 1010.662 us/op
# Warmup Iteration   2: 467.491 us/op
# Warmup Iteration   3: 435.866 us/op
# Warmup Iteration   4: 453.355 us/op
# Warmup Iteration   5: 434.322 us/op
Iteration   1: 441.316 us/op
Iteration   2: 449.621 us/op
Iteration   3: 409.142 us/op
Iteration   4: 420.437 us/op
Iteration   5: 441.783 us/op

# Run progress: 96.57% complete, ETA 00:00:19
# Fork: 3 of 3
WARNING: A terminally deprecated method in sun.misc.Unsafe has been called
WARNING: sun.misc.Unsafe::objectFieldOffset has been called by org.openjdk.jmh.util.Utils (file:/C:/Users/Hareram%20ray/AI/numJ/.tools/jmh/jmh-core-1.37.jar)
WARNING: Please consider reporting this to the maintainers of class org.openjdk.jmh.util.Utils
WARNING: sun.misc.Unsafe::objectFieldOffset will be removed in a future release
# Warmup Iteration   1: 952.808 us/op
# Warmup Iteration   2: 476.240 us/op
# Warmup Iteration   3: 492.286 us/op
# Warmup Iteration   4: 476.844 us/op
# Warmup Iteration   5: 496.172 us/op
Iteration   1: 452.656 us/op
Iteration   2: 435.202 us/op
Iteration   3: 452.332 us/op
Iteration   4: 490.689 us/op
Iteration   5: 424.384 us/op


Result "numj.ShortRowBench.sumRows":
  454.295 ±(99.9%) 32.005 us/op [Average]
  (min, avg, max) = (409.142, 454.295, 518.109), stdev = 29.938
  CI (99.9%): [422.290, 486.300] (assumes normal distribution)


# JMH version: 1.37
# VM version: JDK 25.0.4.1, OpenJDK 64-Bit Server VM, 25.0.4.1+1-LTS
# VM invoker: C:\Users\Hareram ray\AI\numJ\.tools\jdk\bin\java.exe
# VM options: --enable-native-access=ALL-UNNAMED --enable-native-access=ALL-UNNAMED -Xms2g -Xmx2g -XX:+AlwaysPreTouch
# Blackhole mode: compiler (auto-detected, use -Djmh.blackhole.autoDetect=false to disable)
# Warmup: 5 iterations, 200 ms each
# Measurement: 5 iterations, 200 ms each
# Timeout: 10 min per iteration
# Threads: 1 thread, will synchronize iterations
# Benchmark mode: Average time, time/op
# Benchmark: numj.ShortRowBench.sumRows
# Parameters: (k = 16)

# Run progress: 97.06% complete, ETA 00:00:16
# Fork: 1 of 3
WARNING: A terminally deprecated method in sun.misc.Unsafe has been called
WARNING: sun.misc.Unsafe::objectFieldOffset has been called by org.openjdk.jmh.util.Utils (file:/C:/Users/Hareram%20ray/AI/numJ/.tools/jmh/jmh-core-1.37.jar)
WARNING: Please consider reporting this to the maintainers of class org.openjdk.jmh.util.Utils
WARNING: sun.misc.Unsafe::objectFieldOffset will be removed in a future release
# Warmup Iteration   1: 906.955 us/op
# Warmup Iteration   2: 372.448 us/op
# Warmup Iteration   3: 384.071 us/op
# Warmup Iteration   4: 402.528 us/op
# Warmup Iteration   5: 367.275 us/op
Iteration   1: 381.196 us/op
Iteration   2: 480.538 us/op
Iteration   3: 402.062 us/op
Iteration   4: 378.704 us/op
Iteration   5: 386.461 us/op

# Run progress: 97.55% complete, ETA 00:00:14
# Fork: 2 of 3
WARNING: A terminally deprecated method in sun.misc.Unsafe has been called
WARNING: sun.misc.Unsafe::objectFieldOffset has been called by org.openjdk.jmh.util.Utils (file:/C:/Users/Hareram%20ray/AI/numJ/.tools/jmh/jmh-core-1.37.jar)
WARNING: Please consider reporting this to the maintainers of class org.openjdk.jmh.util.Utils
WARNING: sun.misc.Unsafe::objectFieldOffset will be removed in a future release
# Warmup Iteration   1: 814.306 us/op
# Warmup Iteration   2: 873.434 us/op
# Warmup Iteration   3: 1721.217 us/op
# Warmup Iteration   4: 1590.583 us/op
# Warmup Iteration   5: 1578.317 us/op
Iteration   1: 1651.057 us/op
Iteration   2: 1627.860 us/op
Iteration   3: 1594.735 us/op
Iteration   4: 1621.306 us/op
Iteration   5: 1586.034 us/op

# Run progress: 98.04% complete, ETA 00:00:11
# Fork: 3 of 3
WARNING: A terminally deprecated method in sun.misc.Unsafe has been called
WARNING: sun.misc.Unsafe::objectFieldOffset has been called by org.openjdk.jmh.util.Utils (file:/C:/Users/Hareram%20ray/AI/numJ/.tools/jmh/jmh-core-1.37.jar)
WARNING: Please consider reporting this to the maintainers of class org.openjdk.jmh.util.Utils
WARNING: sun.misc.Unsafe::objectFieldOffset will be removed in a future release
# Warmup Iteration   1: 947.952 us/op
# Warmup Iteration   2: 449.695 us/op
# Warmup Iteration   3: 519.116 us/op
# Warmup Iteration   4: 499.247 us/op
# Warmup Iteration   5: 504.864 us/op
Iteration   1: 495.399 us/op
Iteration   2: 452.829 us/op
Iteration   3: 416.596 us/op
Iteration   4: 415.381 us/op
Iteration   5: 455.437 us/op


Result "numj.ShortRowBench.sumRows":
  823.040 ±(99.9%) 621.854 us/op [Average]
  (min, avg, max) = (378.704, 823.040, 1651.057), stdev = 581.682
  CI (99.9%): [201.186, 1444.893] (assumes normal distribution)


# JMH version: 1.37
# VM version: JDK 25.0.4.1, OpenJDK 64-Bit Server VM, 25.0.4.1+1-LTS
# VM invoker: C:\Users\Hareram ray\AI\numJ\.tools\jdk\bin\java.exe
# VM options: --enable-native-access=ALL-UNNAMED --enable-native-access=ALL-UNNAMED -Xms2g -Xmx2g -XX:+AlwaysPreTouch
# Blackhole mode: compiler (auto-detected, use -Djmh.blackhole.autoDetect=false to disable)
# Warmup: 5 iterations, 200 ms each
# Measurement: 5 iterations, 200 ms each
# Timeout: 10 min per iteration
# Threads: 1 thread, will synchronize iterations
# Benchmark mode: Average time, time/op
# Benchmark: numj.ShortRowBench.sumRows
# Parameters: (k = 64)

# Run progress: 98.53% complete, ETA 00:00:08
# Fork: 1 of 3
WARNING: A terminally deprecated method in sun.misc.Unsafe has been called
WARNING: sun.misc.Unsafe::objectFieldOffset has been called by org.openjdk.jmh.util.Utils (file:/C:/Users/Hareram%20ray/AI/numJ/.tools/jmh/jmh-core-1.37.jar)
WARNING: Please consider reporting this to the maintainers of class org.openjdk.jmh.util.Utils
WARNING: sun.misc.Unsafe::objectFieldOffset will be removed in a future release
# Warmup Iteration   1: 627.455 us/op
# Warmup Iteration   2: 273.204 us/op
# Warmup Iteration   3: 281.394 us/op
# Warmup Iteration   4: 264.895 us/op
# Warmup Iteration   5: 259.801 us/op
Iteration   1: 235.488 us/op
Iteration   2: 257.382 us/op
Iteration   3: 265.333 us/op
Iteration   4: 263.246 us/op
Iteration   5: 264.104 us/op

# Run progress: 99.02% complete, ETA 00:00:05
# Fork: 2 of 3
WARNING: A terminally deprecated method in sun.misc.Unsafe has been called
WARNING: sun.misc.Unsafe::objectFieldOffset has been called by org.openjdk.jmh.util.Utils (file:/C:/Users/Hareram%20ray/AI/numJ/.tools/jmh/jmh-core-1.37.jar)
WARNING: Please consider reporting this to the maintainers of class org.openjdk.jmh.util.Utils
WARNING: sun.misc.Unsafe::objectFieldOffset will be removed in a future release
# Warmup Iteration   1: 808.586 us/op
# Warmup Iteration   2: 272.916 us/op
# Warmup Iteration   3: 251.921 us/op
# Warmup Iteration   4: 248.183 us/op
# Warmup Iteration   5: 245.898 us/op
Iteration   1: 232.368 us/op
Iteration   2: 231.368 us/op
Iteration   3: 269.894 us/op
Iteration   4: 240.282 us/op
Iteration   5: 240.916 us/op

# Run progress: 99.51% complete, ETA 00:00:02
# Fork: 3 of 3
WARNING: A terminally deprecated method in sun.misc.Unsafe has been called
WARNING: sun.misc.Unsafe::objectFieldOffset has been called by org.openjdk.jmh.util.Utils (file:/C:/Users/Hareram%20ray/AI/numJ/.tools/jmh/jmh-core-1.37.jar)
WARNING: Please consider reporting this to the maintainers of class org.openjdk.jmh.util.Utils
WARNING: sun.misc.Unsafe::objectFieldOffset will be removed in a future release
# Warmup Iteration   1: 584.869 us/op
# Warmup Iteration   2: 282.282 us/op
# Warmup Iteration   3: 276.319 us/op
# Warmup Iteration   4: 271.907 us/op
# Warmup Iteration   5: 268.638 us/op
Iteration   1: 265.914 us/op
Iteration   2: 262.559 us/op
Iteration   3: 250.856 us/op
Iteration   4: 245.204 us/op
Iteration   5: 239.661 us/op


Result "numj.ShortRowBench.sumRows":
  250.972 ±(99.9%) 14.660 us/op [Average]
  (min, avg, max) = (231.368, 250.972, 269.894), stdev = 13.713
  CI (99.9%): [236.311, 265.632] (assumes normal distribution)


# Run complete. Total time: 00:09:33

REMEMBER: The numbers below are just data. To gain reusable insights, you need to follow up on
why the numbers are the way they are. Use profilers (see -prof, -lprof), design factorial
experiments, perform baseline and negative tests that provide experimental control, make sure
the benchmarking environment is safe on JVM/OS/HW level, ask for reviews from the domain experts.
Do not assume the numbers tell you what you want them to tell.

NOTE: Current JVM experimentally supports Compiler Blackholes, and they are in use. Please exercise
extra caution when trusting the results, look into the generated code to check the benchmark still
works, and factor in a small probability of new VM bugs. Additionally, while comparisons between
different JVMs are already problematic, the performance difference caused by different Blackhole
modes can be very significant. Please make sure you use the consistent Blackhole mode for comparisons.

Benchmark                  (k)  (kind)    (layout)       (n)  Mode  Cnt          Score           Error  Units
FusedBench.fused           N/A     N/A      contig      1000  avgt   15        135.314 ±        20.433  ns/op
FusedBench.fused           N/A     N/A      contig    100000  avgt   15      47700.025 ±     37672.197  ns/op
FusedBench.fused           N/A     N/A      contig  10000000  avgt   15   15698777.479 ±   1738710.143  ns/op
FusedBench.fused           N/A     N/A  transposed      1000  avgt   15       1480.122 ±        70.848  ns/op
FusedBench.fused           N/A     N/A  transposed    100000  avgt   15     570925.423 ±    524738.810  ns/op
FusedBench.fused           N/A     N/A  transposed  10000000  avgt   15  522352793.333 ± 168126984.383  ns/op
FusedBench.java            N/A     N/A      contig      1000  avgt   15        441.228 ±         7.634  ns/op
FusedBench.java            N/A     N/A      contig    100000  avgt   15      48414.878 ±      1540.111  ns/op
FusedBench.java            N/A     N/A      contig  10000000  avgt   15   15408616.013 ±    979428.608  ns/op
FusedBench.java            N/A     N/A  transposed      1000  avgt   15        446.598 ±        13.491  ns/op
FusedBench.java            N/A     N/A  transposed    100000  avgt   15      58900.381 ±     15673.017  ns/op
FusedBench.java            N/A     N/A  transposed  10000000  avgt   15   22668667.426 ±  15002421.855  ns/op
FusedBench.unfusedAlloc    N/A     N/A      contig      1000  avgt   15        733.765 ±        29.666  ns/op
FusedBench.unfusedAlloc    N/A     N/A      contig    100000  avgt   15     133741.179 ±     27152.560  ns/op
FusedBench.unfusedAlloc    N/A     N/A      contig  10000000  avgt   15  163209117.778 ±  75568670.749  ns/op
FusedBench.unfusedAlloc    N/A     N/A  transposed      1000  avgt   15       3224.771 ±      1838.164  ns/op
FusedBench.unfusedAlloc    N/A     N/A  transposed    100000  avgt   15     237305.915 ±     11113.271  ns/op
FusedBench.unfusedAlloc    N/A     N/A  transposed  10000000  avgt   15  538460086.667 ± 216051660.396  ns/op
FusedBench.unfusedReuse    N/A     N/A      contig      1000  avgt   15        332.405 ±        22.013  ns/op
FusedBench.unfusedReuse    N/A     N/A      contig    100000  avgt   15     106021.206 ±     42481.694  ns/op
FusedBench.unfusedReuse    N/A     N/A      contig  10000000  avgt   15   61461089.222 ±  20287162.009  ns/op
FusedBench.unfusedReuse    N/A     N/A  transposed      1000  avgt   15       1799.804 ±       128.948  ns/op
FusedBench.unfusedReuse    N/A     N/A  transposed    100000  avgt   15     412432.120 ±    291740.080  ns/op
FusedBench.unfusedReuse    N/A     N/A  transposed  10000000  avgt   15  442182793.333 ± 126172215.492  ns/op
ReduceBench.java           N/A     all         N/A      1000  avgt   15        481.118 ±        88.237  ns/op
ReduceBench.java           N/A     all         N/A    100000  avgt   15      52421.203 ±      8375.765  ns/op
ReduceBench.java           N/A     all         N/A  10000000  avgt   15    7152778.814 ±    397321.293  ns/op
ReduceBench.java           N/A   axis0         N/A      1000  avgt   15        348.089 ±         5.354  ns/op
ReduceBench.java           N/A   axis0         N/A    100000  avgt   15      30896.928 ±       672.056  ns/op
ReduceBench.java           N/A   axis0         N/A  10000000  avgt   15    6903510.134 ±    422102.324  ns/op
ReduceBench.java           N/A   axis1         N/A      1000  avgt   15        226.149 ±        12.354  ns/op
ReduceBench.java           N/A   axis1         N/A    100000  avgt   15      41148.607 ±      5401.694  ns/op
ReduceBench.java           N/A   axis1         N/A  10000000  avgt   15    7487487.132 ±    505670.815  ns/op
ReduceBench.java           N/A    allT         N/A      1000  avgt   15        444.820 ±        18.638  ns/op
ReduceBench.java           N/A    allT         N/A    100000  avgt   15      48884.431 ±      1998.380  ns/op
ReduceBench.java           N/A    allT         N/A  10000000  avgt   15    7415408.492 ±    580115.623  ns/op
ReduceBench.numj           N/A     all         N/A      1000  avgt   15         42.637 ±         2.070  ns/op
ReduceBench.numj           N/A     all         N/A    100000  avgt   15       5187.842 ±       275.635  ns/op
ReduceBench.numj           N/A     all         N/A  10000000  avgt   15    7051486.176 ±    813519.700  ns/op
ReduceBench.numj           N/A   axis0         N/A      1000  avgt   15        584.776 ±        95.033  ns/op
ReduceBench.numj           N/A   axis0         N/A    100000  avgt   15      18349.106 ±      2300.697  ns/op
ReduceBench.numj           N/A   axis0         N/A  10000000  avgt   15    5545136.892 ±    378360.237  ns/op
ReduceBench.numj           N/A   axis1         N/A      1000  avgt   15        366.789 ±        32.851  ns/op
ReduceBench.numj           N/A   axis1         N/A    100000  avgt   15       7064.710 ±       360.414  ns/op
ReduceBench.numj           N/A   axis1         N/A  10000000  avgt   15    7457807.984 ±   1001712.903  ns/op
ReduceBench.numj           N/A    allT         N/A      1000  avgt   15        734.338 ±        33.661  ns/op
ReduceBench.numj           N/A    allT         N/A    100000  avgt   15      47146.276 ±      7142.809  ns/op
ReduceBench.numj           N/A    allT         N/A  10000000  avgt   15   51625098.000 ±   4651450.264  ns/op
ShortRowBench.addRows        2     N/A         N/A       N/A  avgt   15       3395.981 ±       780.136  us/op
ShortRowBench.addRows        4     N/A         N/A       N/A  avgt   15       2123.278 ±       174.713  us/op
ShortRowBench.addRows        8     N/A         N/A       N/A  avgt   15       2369.769 ±       559.355  us/op
ShortRowBench.addRows       16     N/A         N/A       N/A  avgt   15       2850.454 ±      1880.991  us/op
ShortRowBench.addRows       64     N/A         N/A       N/A  avgt   15       1730.077 ±        75.603  us/op
ShortRowBench.javaAddRows    2     N/A         N/A       N/A  avgt   15       2462.659 ±       119.163  us/op
ShortRowBench.javaAddRows    4     N/A         N/A       N/A  avgt   15       2298.634 ±       645.883  us/op
ShortRowBench.javaAddRows    8     N/A         N/A       N/A  avgt   15       1966.906 ±       207.630  us/op
ShortRowBench.javaAddRows   16     N/A         N/A       N/A  avgt   15       2710.911 ±      1944.967  us/op
ShortRowBench.javaAddRows   64     N/A         N/A       N/A  avgt   15       1665.700 ±       329.294  us/op
ShortRowBench.javaSumRows    2     N/A         N/A       N/A  avgt   15       1130.316 ±        40.708  us/op
ShortRowBench.javaSumRows    4     N/A         N/A       N/A  avgt   15        715.780 ±        32.660  us/op
ShortRowBench.javaSumRows    8     N/A         N/A       N/A  avgt   15        499.086 ±        26.137  us/op
ShortRowBench.javaSumRows   16     N/A         N/A       N/A  avgt   15        516.441 ±       157.321  us/op
ShortRowBench.javaSumRows   64     N/A         N/A       N/A  avgt   15        365.488 ±        13.131  us/op
ShortRowBench.sumRows        2     N/A         N/A       N/A  avgt   15        618.427 ±        43.014  us/op
ShortRowBench.sumRows        4     N/A         N/A       N/A  avgt   15        421.950 ±        28.271  us/op
ShortRowBench.sumRows        8     N/A         N/A       N/A  avgt   15        454.295 ±        32.005  us/op
ShortRowBench.sumRows       16     N/A         N/A       N/A  avgt   15        823.040 ±       621.854  us/op
ShortRowBench.sumRows       64     N/A         N/A       N/A  avgt   15        250.972 ±        14.660  us/op

Benchmark result is saved to results\nd\jmh_fix2.json
