# JMH version: 1.37
# VM version: JDK 25.0.4.1, OpenJDK 64-Bit Server VM, 25.0.4.1+1-LTS
# VM invoker: C:\Users\Hareram ray\AI\numJ\.tools\jdk\bin\java.exe
# VM options: --enable-native-access=ALL-UNNAMED --enable-native-access=ALL-UNNAMED -Xms1g -Xmx1g -Dnumj.resultAlloc=malloc
# Blackhole mode: compiler (auto-detected, use -Djmh.blackhole.autoDetect=false to disable)
# Warmup: 5 iterations, 200 ms each
# Measurement: 5 iterations, 200 ms each
# Timeout: 10 min per iteration
# Threads: 1 thread, will synchronize iterations
# Benchmark mode: Average time, time/op
# Benchmark: numj.AllocBench.Malloc.addAllocMalloc
# Parameters: (n = 16)

# Run progress: 0.00% complete, ETA 00:07:43
# Fork: 1 of 3
WARNING: A terminally deprecated method in sun.misc.Unsafe has been called
WARNING: sun.misc.Unsafe::objectFieldOffset has been called by org.openjdk.jmh.util.Utils (file:/C:/Users/Hareram%20ray/AI/numJ/.tools/jmh/jmh-core-1.37.jar)
WARNING: Please consider reporting this to the maintainers of class org.openjdk.jmh.util.Utils
WARNING: sun.misc.Unsafe::objectFieldOffset will be removed in a future release
# Warmup Iteration   1: 2317.674 ns/op
# Warmup Iteration   2: 399.201 ns/op
# Warmup Iteration   3: 273.672 ns/op
# Warmup Iteration   4: 290.473 ns/op
# Warmup Iteration   5: 279.108 ns/op
Iteration   1: 253.986 ns/op
Iteration   2: 249.587 ns/op
Iteration   3: 247.845 ns/op
Iteration   4: 255.699 ns/op
Iteration   5: 319.006 ns/op

# Run progress: 0.43% complete, ETA 00:09:19
# Fork: 2 of 3
WARNING: A terminally deprecated method in sun.misc.Unsafe has been called
WARNING: sun.misc.Unsafe::objectFieldOffset has been called by org.openjdk.jmh.util.Utils (file:/C:/Users/Hareram%20ray/AI/numJ/.tools/jmh/jmh-core-1.37.jar)
WARNING: Please consider reporting this to the maintainers of class org.openjdk.jmh.util.Utils
WARNING: sun.misc.Unsafe::objectFieldOffset will be removed in a future release
# Warmup Iteration   1: 757.743 ns/op
# Warmup Iteration   2: 294.082 ns/op
# Warmup Iteration   3: 283.820 ns/op
# Warmup Iteration   4: 280.387 ns/op
# Warmup Iteration   5: 261.465 ns/op
Iteration   1: 257.747 ns/op
Iteration   2: 249.965 ns/op
Iteration   3: 263.873 ns/op
Iteration   4: 252.839 ns/op
Iteration   5: 261.890 ns/op

# Run progress: 0.86% complete, ETA 00:09:09
# Fork: 3 of 3
WARNING: A terminally deprecated method in sun.misc.Unsafe has been called
WARNING: sun.misc.Unsafe::objectFieldOffset has been called by org.openjdk.jmh.util.Utils (file:/C:/Users/Hareram%20ray/AI/numJ/.tools/jmh/jmh-core-1.37.jar)
WARNING: Please consider reporting this to the maintainers of class org.openjdk.jmh.util.Utils
WARNING: sun.misc.Unsafe::objectFieldOffset will be removed in a future release
# Warmup Iteration   1: 717.576 ns/op
# Warmup Iteration   2: 283.185 ns/op
# Warmup Iteration   3: 269.094 ns/op
# Warmup Iteration   4: 261.459 ns/op
# Warmup Iteration   5: 250.675 ns/op
Iteration   1: 241.487 ns/op
Iteration   2: 242.396 ns/op
Iteration   3: 249.858 ns/op
Iteration   4: 247.830 ns/op
Iteration   5: 239.842 ns/op


Result "numj.AllocBench.Malloc.addAllocMalloc":
  255.590 ±(99.9%) 20.176 ns/op [Average]
  (min, avg, max) = (239.842, 255.590, 319.006), stdev = 18.872
  CI (99.9%): [235.414, 275.766] (assumes normal distribution)


# JMH version: 1.37
# VM version: JDK 25.0.4.1, OpenJDK 64-Bit Server VM, 25.0.4.1+1-LTS
# VM invoker: C:\Users\Hareram ray\AI\numJ\.tools\jdk\bin\java.exe
# VM options: --enable-native-access=ALL-UNNAMED --enable-native-access=ALL-UNNAMED -Xms1g -Xmx1g -Dnumj.resultAlloc=malloc
# Blackhole mode: compiler (auto-detected, use -Djmh.blackhole.autoDetect=false to disable)
# Warmup: 5 iterations, 200 ms each
# Measurement: 5 iterations, 200 ms each
# Timeout: 10 min per iteration
# Threads: 1 thread, will synchronize iterations
# Benchmark mode: Average time, time/op
# Benchmark: numj.AllocBench.Malloc.addAllocMalloc
# Parameters: (n = 1000)

# Run progress: 1.30% complete, ETA 00:09:00
# Fork: 1 of 3
WARNING: A terminally deprecated method in sun.misc.Unsafe has been called
WARNING: sun.misc.Unsafe::objectFieldOffset has been called by org.openjdk.jmh.util.Utils (file:/C:/Users/Hareram%20ray/AI/numJ/.tools/jmh/jmh-core-1.37.jar)
WARNING: Please consider reporting this to the maintainers of class org.openjdk.jmh.util.Utils
WARNING: sun.misc.Unsafe::objectFieldOffset will be removed in a future release
# Warmup Iteration   1: 1640.373 ns/op
# Warmup Iteration   2: 407.822 ns/op
# Warmup Iteration   3: 369.035 ns/op
# Warmup Iteration   4: 344.153 ns/op
# Warmup Iteration   5: 356.422 ns/op
Iteration   1: 317.307 ns/op
Iteration   2: 321.785 ns/op
Iteration   3: 322.537 ns/op
Iteration   4: 339.718 ns/op
Iteration   5: 375.389 ns/op

# Run progress: 1.73% complete, ETA 00:08:57
# Fork: 2 of 3
WARNING: A terminally deprecated method in sun.misc.Unsafe has been called
WARNING: sun.misc.Unsafe::objectFieldOffset has been called by org.openjdk.jmh.util.Utils (file:/C:/Users/Hareram%20ray/AI/numJ/.tools/jmh/jmh-core-1.37.jar)
WARNING: Please consider reporting this to the maintainers of class org.openjdk.jmh.util.Utils
WARNING: sun.misc.Unsafe::objectFieldOffset will be removed in a future release
# Warmup Iteration   1: 3048.098 ns/op
# Warmup Iteration   2: 432.187 ns/op
# Warmup Iteration   3: 352.071 ns/op
# Warmup Iteration   4: 448.990 ns/op
# Warmup Iteration   5: 376.702 ns/op
Iteration   1: 342.734 ns/op
Iteration   2: 359.121 ns/op
Iteration   3: 343.833 ns/op
Iteration   4: 412.819 ns/op
Iteration   5: 338.112 ns/op

# Run progress: 2.16% complete, ETA 00:08:54
# Fork: 3 of 3
WARNING: A terminally deprecated method in sun.misc.Unsafe has been called
WARNING: sun.misc.Unsafe::objectFieldOffset has been called by org.openjdk.jmh.util.Utils (file:/C:/Users/Hareram%20ray/AI/numJ/.tools/jmh/jmh-core-1.37.jar)
WARNING: Please consider reporting this to the maintainers of class org.openjdk.jmh.util.Utils
WARNING: sun.misc.Unsafe::objectFieldOffset will be removed in a future release
# Warmup Iteration   1: 11811.729 ns/op
# Warmup Iteration   2: 497.685 ns/op
# Warmup Iteration   3: 338.935 ns/op
# Warmup Iteration   4: 341.798 ns/op
# Warmup Iteration   5: 341.785 ns/op
Iteration   1: 334.762 ns/op
Iteration   2: 363.642 ns/op
Iteration   3: 318.413 ns/op
Iteration   4: 346.196 ns/op
Iteration   5: 334.866 ns/op


Result "numj.AllocBench.Malloc.addAllocMalloc":
  344.749 ±(99.9%) 26.920 ns/op [Average]
  (min, avg, max) = (317.307, 344.749, 412.819), stdev = 25.181
  CI (99.9%): [317.829, 371.669] (assumes normal distribution)


# JMH version: 1.37
# VM version: JDK 25.0.4.1, OpenJDK 64-Bit Server VM, 25.0.4.1+1-LTS
# VM invoker: C:\Users\Hareram ray\AI\numJ\.tools\jdk\bin\java.exe
# VM options: --enable-native-access=ALL-UNNAMED --enable-native-access=ALL-UNNAMED -Xms1g -Xmx1g -Dnumj.resultAlloc=malloc
# Blackhole mode: compiler (auto-detected, use -Djmh.blackhole.autoDetect=false to disable)
# Warmup: 5 iterations, 200 ms each
# Measurement: 5 iterations, 200 ms each
# Timeout: 10 min per iteration
# Threads: 1 thread, will synchronize iterations
# Benchmark mode: Average time, time/op
# Benchmark: numj.AllocBench.Malloc.addAllocMalloc
# Parameters: (n = 100000)

# Run progress: 2.59% complete, ETA 00:08:51
# Fork: 1 of 3
WARNING: A terminally deprecated method in sun.misc.Unsafe has been called
WARNING: sun.misc.Unsafe::objectFieldOffset has been called by org.openjdk.jmh.util.Utils (file:/C:/Users/Hareram%20ray/AI/numJ/.tools/jmh/jmh-core-1.37.jar)
WARNING: Please consider reporting this to the maintainers of class org.openjdk.jmh.util.Utils
WARNING: sun.misc.Unsafe::objectFieldOffset will be removed in a future release
# Warmup Iteration   1: 113519.168 ns/op
# Warmup Iteration   2: 54891.397 ns/op
# Warmup Iteration   3: 79379.485 ns/op
# Warmup Iteration   4: 56264.369 ns/op
# Warmup Iteration   5: 44753.071 ns/op
Iteration   1: 50187.108 ns/op
Iteration   2: 44135.497 ns/op
Iteration   3: 51229.316 ns/op
Iteration   4: 45139.576 ns/op
Iteration   5: 44790.009 ns/op

# Run progress: 3.02% complete, ETA 00:08:50
# Fork: 2 of 3
WARNING: A terminally deprecated method in sun.misc.Unsafe has been called
WARNING: sun.misc.Unsafe::objectFieldOffset has been called by org.openjdk.jmh.util.Utils (file:/C:/Users/Hareram%20ray/AI/numJ/.tools/jmh/jmh-core-1.37.jar)
WARNING: Please consider reporting this to the maintainers of class org.openjdk.jmh.util.Utils
WARNING: sun.misc.Unsafe::objectFieldOffset will be removed in a future release
# Warmup Iteration   1: 116200.288 ns/op
# Warmup Iteration   2: 48690.619 ns/op
# Warmup Iteration   3: 57999.479 ns/op
# Warmup Iteration   4: 43556.694 ns/op
# Warmup Iteration   5: 42307.976 ns/op
Iteration   1: 41041.897 ns/op
Iteration   2: 38967.917 ns/op
Iteration   3: 41974.765 ns/op
Iteration   4: 49612.673 ns/op
Iteration   5: 48108.098 ns/op

# Run progress: 3.45% complete, ETA 00:08:46
# Fork: 3 of 3
WARNING: A terminally deprecated method in sun.misc.Unsafe has been called
WARNING: sun.misc.Unsafe::objectFieldOffset has been called by org.openjdk.jmh.util.Utils (file:/C:/Users/Hareram%20ray/AI/numJ/.tools/jmh/jmh-core-1.37.jar)
WARNING: Please consider reporting this to the maintainers of class org.openjdk.jmh.util.Utils
WARNING: sun.misc.Unsafe::objectFieldOffset will be removed in a future release
# Warmup Iteration   1: 129717.084 ns/op
# Warmup Iteration   2: 58753.209 ns/op
# Warmup Iteration   3: 50517.687 ns/op
# Warmup Iteration   4: 50108.604 ns/op
# Warmup Iteration   5: 49132.561 ns/op
Iteration   1: 48901.682 ns/op
Iteration   2: 55657.754 ns/op
Iteration   3: 46353.693 ns/op
Iteration   4: 49016.273 ns/op
Iteration   5: 45518.382 ns/op


Result "numj.AllocBench.Malloc.addAllocMalloc":
  46708.976 ±(99.9%) 4623.845 ns/op [Average]
  (min, avg, max) = (38967.917, 46708.976, 55657.754), stdev = 4325.147
  CI (99.9%): [42085.131, 51332.821] (assumes normal distribution)


# JMH version: 1.37
# VM version: JDK 25.0.4.1, OpenJDK 64-Bit Server VM, 25.0.4.1+1-LTS
# VM invoker: C:\Users\Hareram ray\AI\numJ\.tools\jdk\bin\java.exe
# VM options: --enable-native-access=ALL-UNNAMED --enable-native-access=ALL-UNNAMED -Xms1g -Xmx1g -Dnumj.resultAlloc=malloc
# Blackhole mode: compiler (auto-detected, use -Djmh.blackhole.autoDetect=false to disable)
# Warmup: 5 iterations, 200 ms each
# Measurement: 5 iterations, 200 ms each
# Timeout: 10 min per iteration
# Threads: 1 thread, will synchronize iterations
# Benchmark mode: Average time, time/op
# Benchmark: numj.AllocBench.Malloc.addAllocMalloc
# Parameters: (n = 10000000)

# Run progress: 3.89% complete, ETA 00:08:43
# Fork: 1 of 3
WARNING: A terminally deprecated method in sun.misc.Unsafe has been called
WARNING: sun.misc.Unsafe::objectFieldOffset has been called by org.openjdk.jmh.util.Utils (file:/C:/Users/Hareram%20ray/AI/numJ/.tools/jmh/jmh-core-1.37.jar)
WARNING: Please consider reporting this to the maintainers of class org.openjdk.jmh.util.Utils
WARNING: sun.misc.Unsafe::objectFieldOffset will be removed in a future release
# Warmup Iteration   1: 214929500.000 ns/op
# Warmup Iteration   2: 42791120.000 ns/op
# Warmup Iteration   3: 52520975.000 ns/op
# Warmup Iteration   4: 40984540.000 ns/op
# Warmup Iteration   5: 47402120.000 ns/op
Iteration   1: 42706600.000 ns/op
Iteration   2: 42684460.000 ns/op
Iteration   3: 45719320.000 ns/op
Iteration   4: 40935340.000 ns/op
Iteration   5: 42244260.000 ns/op

# Run progress: 4.32% complete, ETA 00:08:50
# Fork: 2 of 3
WARNING: A terminally deprecated method in sun.misc.Unsafe has been called
WARNING: sun.misc.Unsafe::objectFieldOffset has been called by org.openjdk.jmh.util.Utils (file:/C:/Users/Hareram%20ray/AI/numJ/.tools/jmh/jmh-core-1.37.jar)
WARNING: Please consider reporting this to the maintainers of class org.openjdk.jmh.util.Utils
WARNING: sun.misc.Unsafe::objectFieldOffset will be removed in a future release
# Warmup Iteration   1: 75947666.667 ns/op
# Warmup Iteration   2: 31665714.286 ns/op
# Warmup Iteration   3: 29259657.143 ns/op
# Warmup Iteration   4: 25688162.500 ns/op
# Warmup Iteration   5: 29189785.714 ns/op
Iteration   1: 27092912.500 ns/op
Iteration   2: 26776412.500 ns/op
Iteration   3: 26299000.000 ns/op
Iteration   4: 36085100.000 ns/op
Iteration   5: 26952750.000 ns/op

# Run progress: 4.75% complete, ETA 00:08:53
# Fork: 3 of 3
WARNING: A terminally deprecated method in sun.misc.Unsafe has been called
WARNING: sun.misc.Unsafe::objectFieldOffset has been called by org.openjdk.jmh.util.Utils (file:/C:/Users/Hareram%20ray/AI/numJ/.tools/jmh/jmh-core-1.37.jar)
WARNING: Please consider reporting this to the maintainers of class org.openjdk.jmh.util.Utils
WARNING: sun.misc.Unsafe::objectFieldOffset will be removed in a future release
# Warmup Iteration   1: 51148150.000 ns/op
# Warmup Iteration   2: 47270940.000 ns/op
# Warmup Iteration   3: 43006960.000 ns/op
# Warmup Iteration   4: 35659116.667 ns/op
# Warmup Iteration   5: 28275900.000 ns/op
Iteration   1: 28890625.000 ns/op
Iteration   2: 50800950.000 ns/op
Iteration   3: 34343616.667 ns/op
Iteration   4: 42008420.000 ns/op
Iteration   5: 41298840.000 ns/op


Result "numj.AllocBench.Malloc.addAllocMalloc":
  36989240.444 ±(99.9%) 8617664.290 ns/op [Average]
  (min, avg, max) = (26299000.000, 36989240.444, 50800950.000), stdev = 8060968.525
  CI (99.9%): [28371576.154, 45606904.735] (assumes normal distribution)


# JMH version: 1.37
# VM version: JDK 25.0.4.1, OpenJDK 64-Bit Server VM, 25.0.4.1+1-LTS
# VM invoker: C:\Users\Hareram ray\AI\numJ\.tools\jdk\bin\java.exe
# VM options: --enable-native-access=ALL-UNNAMED --enable-native-access=ALL-UNNAMED -Xms1g -Xmx1g
# Blackhole mode: compiler (auto-detected, use -Djmh.blackhole.autoDetect=false to disable)
# Warmup: 5 iterations, 200 ms each
# Measurement: 5 iterations, 200 ms each
# Timeout: 10 min per iteration
# Threads: 1 thread, will synchronize iterations
# Benchmark mode: Average time, time/op
# Benchmark: numj.AllocBench.addAlloc
# Parameters: (n = 16)

# Run progress: 5.18% complete, ETA 00:08:54
# Fork: 1 of 3
WARNING: A terminally deprecated method in sun.misc.Unsafe has been called
WARNING: sun.misc.Unsafe::objectFieldOffset has been called by org.openjdk.jmh.util.Utils (file:/C:/Users/Hareram%20ray/AI/numJ/.tools/jmh/jmh-core-1.37.jar)
WARNING: Please consider reporting this to the maintainers of class org.openjdk.jmh.util.Utils
WARNING: sun.misc.Unsafe::objectFieldOffset will be removed in a future release
# Warmup Iteration   1: 466.685 ns/op
# Warmup Iteration   2: 352.420 ns/op
# Warmup Iteration   3: 353.668 ns/op
# Warmup Iteration   4: 288.759 ns/op
# Warmup Iteration   5: 254.728 ns/op
Iteration   1: 289.404 ns/op
Iteration   2: 303.288 ns/op
Iteration   3: 316.524 ns/op
Iteration   4: 275.761 ns/op
Iteration   5: 274.029 ns/op

# Run progress: 5.61% complete, ETA 00:08:51
# Fork: 2 of 3
WARNING: A terminally deprecated method in sun.misc.Unsafe has been called
WARNING: sun.misc.Unsafe::objectFieldOffset has been called by org.openjdk.jmh.util.Utils (file:/C:/Users/Hareram%20ray/AI/numJ/.tools/jmh/jmh-core-1.37.jar)
WARNING: Please consider reporting this to the maintainers of class org.openjdk.jmh.util.Utils
WARNING: sun.misc.Unsafe::objectFieldOffset will be removed in a future release
# Warmup Iteration   1: 528.679 ns/op
# Warmup Iteration   2: 303.120 ns/op
# Warmup Iteration   3: 282.328 ns/op
# Warmup Iteration   4: 298.097 ns/op
# Warmup Iteration   5: 279.092 ns/op
Iteration   1: 250.773 ns/op
Iteration   2: 248.626 ns/op
Iteration   3: 250.687 ns/op
Iteration   4: 249.620 ns/op
Iteration   5: 245.498 ns/op

# Run progress: 6.04% complete, ETA 00:08:48
# Fork: 3 of 3
WARNING: A terminally deprecated method in sun.misc.Unsafe has been called
WARNING: sun.misc.Unsafe::objectFieldOffset has been called by org.openjdk.jmh.util.Utils (file:/C:/Users/Hareram%20ray/AI/numJ/.tools/jmh/jmh-core-1.37.jar)
WARNING: Please consider reporting this to the maintainers of class org.openjdk.jmh.util.Utils
WARNING: sun.misc.Unsafe::objectFieldOffset will be removed in a future release
# Warmup Iteration   1: 473.362 ns/op
# Warmup Iteration   2: 296.624 ns/op
# Warmup Iteration   3: 295.595 ns/op
# Warmup Iteration   4: 407.398 ns/op
# Warmup Iteration   5: 551.676 ns/op
Iteration   1: 307.246 ns/op
Iteration   2: 250.074 ns/op
Iteration   3: 259.871 ns/op
Iteration   4: 258.889 ns/op
Iteration   5: 254.905 ns/op


Result "numj.AllocBench.addAlloc":
  269.013 ±(99.9%) 25.774 ns/op [Average]
  (min, avg, max) = (245.498, 269.013, 316.524), stdev = 24.109
  CI (99.9%): [243.239, 294.787] (assumes normal distribution)


# JMH version: 1.37
# VM version: JDK 25.0.4.1, OpenJDK 64-Bit Server VM, 25.0.4.1+1-LTS
# VM invoker: C:\Users\Hareram ray\AI\numJ\.tools\jdk\bin\java.exe
# VM options: --enable-native-access=ALL-UNNAMED --enable-native-access=ALL-UNNAMED -Xms1g -Xmx1g
# Blackhole mode: compiler (auto-detected, use -Djmh.blackhole.autoDetect=false to disable)
# Warmup: 5 iterations, 200 ms each
# Measurement: 5 iterations, 200 ms each
# Timeout: 10 min per iteration
# Threads: 1 thread, will synchronize iterations
# Benchmark mode: Average time, time/op
# Benchmark: numj.AllocBench.addAlloc
# Parameters: (n = 1000)

# Run progress: 6.48% complete, ETA 00:08:43
# Fork: 1 of 3
WARNING: A terminally deprecated method in sun.misc.Unsafe has been called
WARNING: sun.misc.Unsafe::objectFieldOffset has been called by org.openjdk.jmh.util.Utils (file:/C:/Users/Hareram%20ray/AI/numJ/.tools/jmh/jmh-core-1.37.jar)
WARNING: Please consider reporting this to the maintainers of class org.openjdk.jmh.util.Utils
WARNING: sun.misc.Unsafe::objectFieldOffset will be removed in a future release
# Warmup Iteration   1: 2003.161 ns/op
# Warmup Iteration   2: 504.314 ns/op
# Warmup Iteration   3: 486.314 ns/op
# Warmup Iteration   4: 464.568 ns/op
# Warmup Iteration   5: 450.362 ns/op
Iteration   1: 442.353 ns/op
Iteration   2: 442.766 ns/op
Iteration   3: 443.057 ns/op
Iteration   4: 400.113 ns/op
Iteration   5: 400.180 ns/op

# Run progress: 6.91% complete, ETA 00:08:40
# Fork: 2 of 3
WARNING: A terminally deprecated method in sun.misc.Unsafe has been called
WARNING: sun.misc.Unsafe::objectFieldOffset has been called by org.openjdk.jmh.util.Utils (file:/C:/Users/Hareram%20ray/AI/numJ/.tools/jmh/jmh-core-1.37.jar)
WARNING: Please consider reporting this to the maintainers of class org.openjdk.jmh.util.Utils
WARNING: sun.misc.Unsafe::objectFieldOffset will be removed in a future release
# Warmup Iteration   1: 1286.013 ns/op
# Warmup Iteration   2: 472.684 ns/op
# Warmup Iteration   3: 406.892 ns/op
# Warmup Iteration   4: 433.040 ns/op
# Warmup Iteration   5: 400.791 ns/op
Iteration   1: 452.994 ns/op
Iteration   2: 453.422 ns/op
Iteration   3: 433.559 ns/op
Iteration   4: 396.087 ns/op
Iteration   5: 411.211 ns/op

# Run progress: 7.34% complete, ETA 00:08:36
# Fork: 3 of 3
WARNING: A terminally deprecated method in sun.misc.Unsafe has been called
WARNING: sun.misc.Unsafe::objectFieldOffset has been called by org.openjdk.jmh.util.Utils (file:/C:/Users/Hareram%20ray/AI/numJ/.tools/jmh/jmh-core-1.37.jar)
WARNING: Please consider reporting this to the maintainers of class org.openjdk.jmh.util.Utils
WARNING: sun.misc.Unsafe::objectFieldOffset will be removed in a future release
# Warmup Iteration   1: 1671.500 ns/op
# Warmup Iteration   2: 478.246 ns/op
# Warmup Iteration   3: 438.583 ns/op
# Warmup Iteration   4: 498.666 ns/op
# Warmup Iteration   5: 452.753 ns/op
Iteration   1: 449.577 ns/op
Iteration   2: 489.566 ns/op
Iteration   3: 460.502 ns/op
Iteration   4: 418.046 ns/op
Iteration   5: 406.263 ns/op


Result "numj.AllocBench.addAlloc":
  433.313 ±(99.9%) 28.948 ns/op [Average]
  (min, avg, max) = (396.087, 433.313, 489.566), stdev = 27.078
  CI (99.9%): [404.365, 462.261] (assumes normal distribution)


# JMH version: 1.37
# VM version: JDK 25.0.4.1, OpenJDK 64-Bit Server VM, 25.0.4.1+1-LTS
# VM invoker: C:\Users\Hareram ray\AI\numJ\.tools\jdk\bin\java.exe
# VM options: --enable-native-access=ALL-UNNAMED --enable-native-access=ALL-UNNAMED -Xms1g -Xmx1g
# Blackhole mode: compiler (auto-detected, use -Djmh.blackhole.autoDetect=false to disable)
# Warmup: 5 iterations, 200 ms each
# Measurement: 5 iterations, 200 ms each
# Timeout: 10 min per iteration
# Threads: 1 thread, will synchronize iterations
# Benchmark mode: Average time, time/op
# Benchmark: numj.AllocBench.addAlloc
# Parameters: (n = 100000)

# Run progress: 7.77% complete, ETA 00:08:32
# Fork: 1 of 3
WARNING: A terminally deprecated method in sun.misc.Unsafe has been called
WARNING: sun.misc.Unsafe::objectFieldOffset has been called by org.openjdk.jmh.util.Utils (file:/C:/Users/Hareram%20ray/AI/numJ/.tools/jmh/jmh-core-1.37.jar)
WARNING: Please consider reporting this to the maintainers of class org.openjdk.jmh.util.Utils
WARNING: sun.misc.Unsafe::objectFieldOffset will be removed in a future release
# Warmup Iteration   1: 103490.598 ns/op
# Warmup Iteration   2: 54239.387 ns/op
# Warmup Iteration   3: 55647.831 ns/op
# Warmup Iteration   4: 58609.081 ns/op
# Warmup Iteration   5: 70427.969 ns/op
Iteration   1: 64110.108 ns/op
Iteration   2: 62909.137 ns/op
Iteration   3: 61047.599 ns/op
Iteration   4: 87220.322 ns/op
Iteration   5: 67463.315 ns/op

# Run progress: 8.20% complete, ETA 00:08:30
# Fork: 2 of 3
WARNING: A terminally deprecated method in sun.misc.Unsafe has been called
WARNING: sun.misc.Unsafe::objectFieldOffset has been called by org.openjdk.jmh.util.Utils (file:/C:/Users/Hareram%20ray/AI/numJ/.tools/jmh/jmh-core-1.37.jar)
WARNING: Please consider reporting this to the maintainers of class org.openjdk.jmh.util.Utils
WARNING: sun.misc.Unsafe::objectFieldOffset will be removed in a future release
# Warmup Iteration   1: 116535.871 ns/op
# Warmup Iteration   2: 52426.778 ns/op
# Warmup Iteration   3: 54777.657 ns/op
# Warmup Iteration   4: 64069.111 ns/op
# Warmup Iteration   5: 53468.973 ns/op
Iteration   1: 52532.323 ns/op
Iteration   2: 52697.840 ns/op
Iteration   3: 54650.435 ns/op
Iteration   4: 53604.474 ns/op
Iteration   5: 52051.675 ns/op

# Run progress: 8.64% complete, ETA 00:08:27
# Fork: 3 of 3
WARNING: A terminally deprecated method in sun.misc.Unsafe has been called
WARNING: sun.misc.Unsafe::objectFieldOffset has been called by org.openjdk.jmh.util.Utils (file:/C:/Users/Hareram%20ray/AI/numJ/.tools/jmh/jmh-core-1.37.jar)
WARNING: Please consider reporting this to the maintainers of class org.openjdk.jmh.util.Utils
WARNING: sun.misc.Unsafe::objectFieldOffset will be removed in a future release
# Warmup Iteration   1: 102441.552 ns/op
# Warmup Iteration   2: 56017.220 ns/op
# Warmup Iteration   3: 54575.701 ns/op
# Warmup Iteration   4: 54703.737 ns/op
# Warmup Iteration   5: 50653.404 ns/op
Iteration   1: 57159.175 ns/op
Iteration   2: 52956.232 ns/op
Iteration   3: 52103.014 ns/op
Iteration   4: 59643.768 ns/op
Iteration   5: 56387.245 ns/op


Result "numj.AllocBench.addAlloc":
  59102.444 ±(99.9%) 9839.785 ns/op [Average]
  (min, avg, max) = (52051.675, 59102.444, 87220.322), stdev = 9204.141
  CI (99.9%): [49262.660, 68942.229] (assumes normal distribution)


# JMH version: 1.37
# VM version: JDK 25.0.4.1, OpenJDK 64-Bit Server VM, 25.0.4.1+1-LTS
# VM invoker: C:\Users\Hareram ray\AI\numJ\.tools\jdk\bin\java.exe
# VM options: --enable-native-access=ALL-UNNAMED --enable-native-access=ALL-UNNAMED -Xms1g -Xmx1g
# Blackhole mode: compiler (auto-detected, use -Djmh.blackhole.autoDetect=false to disable)
# Warmup: 5 iterations, 200 ms each
# Measurement: 5 iterations, 200 ms each
# Timeout: 10 min per iteration
# Threads: 1 thread, will synchronize iterations
# Benchmark mode: Average time, time/op
# Benchmark: numj.AllocBench.addAlloc
# Parameters: (n = 10000000)

# Run progress: 9.07% complete, ETA 00:08:23
# Fork: 1 of 3
WARNING: A terminally deprecated method in sun.misc.Unsafe has been called
WARNING: sun.misc.Unsafe::objectFieldOffset has been called by org.openjdk.jmh.util.Utils (file:/C:/Users/Hareram%20ray/AI/numJ/.tools/jmh/jmh-core-1.37.jar)
WARNING: Please consider reporting this to the maintainers of class org.openjdk.jmh.util.Utils
WARNING: sun.misc.Unsafe::objectFieldOffset will be removed in a future release
# Warmup Iteration   1: 109923000.000 ns/op
# Warmup Iteration   2: 45159920.000 ns/op
# Warmup Iteration   3: 42860120.000 ns/op
# Warmup Iteration   4: 62391050.000 ns/op
# Warmup Iteration   5: 54895700.000 ns/op
Iteration   1: 45001160.000 ns/op
Iteration   2: 43881780.000 ns/op
Iteration   3: 39095016.667 ns/op
Iteration   4: 45838440.000 ns/op
Iteration   5: 37784616.667 ns/op

# Run progress: 9.50% complete, ETA 00:08:24
# Fork: 2 of 3
WARNING: A terminally deprecated method in sun.misc.Unsafe has been called
WARNING: sun.misc.Unsafe::objectFieldOffset has been called by org.openjdk.jmh.util.Utils (file:/C:/Users/Hareram%20ray/AI/numJ/.tools/jmh/jmh-core-1.37.jar)
WARNING: Please consider reporting this to the maintainers of class org.openjdk.jmh.util.Utils
WARNING: sun.misc.Unsafe::objectFieldOffset will be removed in a future release
# Warmup Iteration   1: 72276266.667 ns/op
# Warmup Iteration   2: 40317840.000 ns/op
# Warmup Iteration   3: 38406300.000 ns/op
# Warmup Iteration   4: 42095060.000 ns/op
# Warmup Iteration   5: 41674980.000 ns/op
Iteration   1: 49428480.000 ns/op
Iteration   2: 52173100.000 ns/op
Iteration   3: 40120440.000 ns/op
Iteration   4: 38539766.667 ns/op
Iteration   5: 37444500.000 ns/op

# Run progress: 9.93% complete, ETA 00:08:24
# Fork: 3 of 3
WARNING: A terminally deprecated method in sun.misc.Unsafe has been called
WARNING: sun.misc.Unsafe::objectFieldOffset has been called by org.openjdk.jmh.util.Utils (file:/C:/Users/Hareram%20ray/AI/numJ/.tools/jmh/jmh-core-1.37.jar)
WARNING: Please consider reporting this to the maintainers of class org.openjdk.jmh.util.Utils
WARNING: sun.misc.Unsafe::objectFieldOffset will be removed in a future release
# Warmup Iteration   1: 80392500.000 ns/op
# Warmup Iteration   2: 39948250.000 ns/op
# Warmup Iteration   3: 43570760.000 ns/op
# Warmup Iteration   4: 37526150.000 ns/op
# Warmup Iteration   5: 38309616.667 ns/op
Iteration   1: 40428080.000 ns/op
Iteration   2: 47139740.000 ns/op
Iteration   3: 48389140.000 ns/op
Iteration   4: 39747466.667 ns/op
Iteration   5: 43590520.000 ns/op


Result "numj.AllocBench.addAlloc":
  43240149.778 ±(99.9%) 4970729.211 ns/op [Average]
  (min, avg, max) = (37444500.000, 43240149.778, 52173100.000), stdev = 4649623.189
  CI (99.9%): [38269420.566, 48210878.989] (assumes normal distribution)


# JMH version: 1.37
# VM version: JDK 25.0.4.1, OpenJDK 64-Bit Server VM, 25.0.4.1+1-LTS
# VM invoker: C:\Users\Hareram ray\AI\numJ\.tools\jdk\bin\java.exe
# VM options: --enable-native-access=ALL-UNNAMED --enable-native-access=ALL-UNNAMED -Xms1g -Xmx1g
# Blackhole mode: compiler (auto-detected, use -Djmh.blackhole.autoDetect=false to disable)
# Warmup: 5 iterations, 200 ms each
# Measurement: 5 iterations, 200 ms each
# Timeout: 10 min per iteration
# Threads: 1 thread, will synchronize iterations
# Benchmark mode: Average time, time/op
# Benchmark: numj.AllocBench.addReuse
# Parameters: (n = 16)

# Run progress: 10.36% complete, ETA 00:08:25
# Fork: 1 of 3
WARNING: A terminally deprecated method in sun.misc.Unsafe has been called
WARNING: sun.misc.Unsafe::objectFieldOffset has been called by org.openjdk.jmh.util.Utils (file:/C:/Users/Hareram%20ray/AI/numJ/.tools/jmh/jmh-core-1.37.jar)
WARNING: Please consider reporting this to the maintainers of class org.openjdk.jmh.util.Utils
WARNING: sun.misc.Unsafe::objectFieldOffset will be removed in a future release
# Warmup Iteration   1: 316.576 ns/op
# Warmup Iteration   2: 198.065 ns/op
# Warmup Iteration   3: 233.808 ns/op
# Warmup Iteration   4: 197.893 ns/op
# Warmup Iteration   5: 216.557 ns/op
Iteration   1: 275.810 ns/op
Iteration   2: 166.978 ns/op
Iteration   3: 157.220 ns/op
Iteration   4: 164.659 ns/op
Iteration   5: 162.045 ns/op

# Run progress: 10.79% complete, ETA 00:08:23
# Fork: 2 of 3
WARNING: A terminally deprecated method in sun.misc.Unsafe has been called
WARNING: sun.misc.Unsafe::objectFieldOffset has been called by org.openjdk.jmh.util.Utils (file:/C:/Users/Hareram%20ray/AI/numJ/.tools/jmh/jmh-core-1.37.jar)
WARNING: Please consider reporting this to the maintainers of class org.openjdk.jmh.util.Utils
WARNING: sun.misc.Unsafe::objectFieldOffset will be removed in a future release
# Warmup Iteration   1: 275.293 ns/op
# Warmup Iteration   2: 171.992 ns/op
# Warmup Iteration   3: 166.171 ns/op
# Warmup Iteration   4: 179.479 ns/op
# Warmup Iteration   5: 165.776 ns/op
Iteration   1: 167.396 ns/op
Iteration   2: 165.457 ns/op
Iteration   3: 162.348 ns/op
Iteration   4: 156.901 ns/op
Iteration   5: 170.616 ns/op

# Run progress: 11.23% complete, ETA 00:08:19
# Fork: 3 of 3
WARNING: A terminally deprecated method in sun.misc.Unsafe has been called
WARNING: sun.misc.Unsafe::objectFieldOffset has been called by org.openjdk.jmh.util.Utils (file:/C:/Users/Hareram%20ray/AI/numJ/.tools/jmh/jmh-core-1.37.jar)
WARNING: Please consider reporting this to the maintainers of class org.openjdk.jmh.util.Utils
WARNING: sun.misc.Unsafe::objectFieldOffset will be removed in a future release
# Warmup Iteration   1: 282.494 ns/op
# Warmup Iteration   2: 319.947 ns/op
# Warmup Iteration   3: 224.115 ns/op
# Warmup Iteration   4: 168.758 ns/op
# Warmup Iteration   5: 167.152 ns/op
Iteration   1: 167.033 ns/op
Iteration   2: 182.992 ns/op
Iteration   3: 168.571 ns/op
Iteration   4: 166.790 ns/op
Iteration   5: 194.002 ns/op


Result "numj.AllocBench.addReuse":
  175.254 ±(99.9%) 31.390 ns/op [Average]
  (min, avg, max) = (156.901, 175.254, 275.810), stdev = 29.362
  CI (99.9%): [143.865, 206.644] (assumes normal distribution)


# JMH version: 1.37
# VM version: JDK 25.0.4.1, OpenJDK 64-Bit Server VM, 25.0.4.1+1-LTS
# VM invoker: C:\Users\Hareram ray\AI\numJ\.tools\jdk\bin\java.exe
# VM options: --enable-native-access=ALL-UNNAMED --enable-native-access=ALL-UNNAMED -Xms1g -Xmx1g
# Blackhole mode: compiler (auto-detected, use -Djmh.blackhole.autoDetect=false to disable)
# Warmup: 5 iterations, 200 ms each
# Measurement: 5 iterations, 200 ms each
# Timeout: 10 min per iteration
# Threads: 1 thread, will synchronize iterations
# Benchmark mode: Average time, time/op
# Benchmark: numj.AllocBench.addReuse
# Parameters: (n = 1000)

# Run progress: 11.66% complete, ETA 00:08:16
# Fork: 1 of 3
WARNING: A terminally deprecated method in sun.misc.Unsafe has been called
WARNING: sun.misc.Unsafe::objectFieldOffset has been called by org.openjdk.jmh.util.Utils (file:/C:/Users/Hareram%20ray/AI/numJ/.tools/jmh/jmh-core-1.37.jar)
WARNING: Please consider reporting this to the maintainers of class org.openjdk.jmh.util.Utils
WARNING: sun.misc.Unsafe::objectFieldOffset will be removed in a future release
# Warmup Iteration   1: 1423.081 ns/op
# Warmup Iteration   2: 303.818 ns/op
# Warmup Iteration   3: 228.694 ns/op
# Warmup Iteration   4: 248.125 ns/op
# Warmup Iteration   5: 332.787 ns/op
Iteration   1: 229.754 ns/op
Iteration   2: 243.309 ns/op
Iteration   3: 240.562 ns/op
Iteration   4: 258.994 ns/op
Iteration   5: 250.203 ns/op

# Run progress: 12.09% complete, ETA 00:08:14
# Fork: 2 of 3
WARNING: A terminally deprecated method in sun.misc.Unsafe has been called
WARNING: sun.misc.Unsafe::objectFieldOffset has been called by org.openjdk.jmh.util.Utils (file:/C:/Users/Hareram%20ray/AI/numJ/.tools/jmh/jmh-core-1.37.jar)
WARNING: Please consider reporting this to the maintainers of class org.openjdk.jmh.util.Utils
WARNING: sun.misc.Unsafe::objectFieldOffset will be removed in a future release
# Warmup Iteration   1: 2137.995 ns/op
# Warmup Iteration   2: 276.756 ns/op
# Warmup Iteration   3: 247.279 ns/op
# Warmup Iteration   4: 307.694 ns/op
# Warmup Iteration   5: 319.643 ns/op
Iteration   1: 302.051 ns/op
Iteration   2: 275.002 ns/op
Iteration   3: 306.116 ns/op
Iteration   4: 385.645 ns/op
Iteration   5: 306.348 ns/op

# Run progress: 12.52% complete, ETA 00:08:11
# Fork: 3 of 3
WARNING: A terminally deprecated method in sun.misc.Unsafe has been called
WARNING: sun.misc.Unsafe::objectFieldOffset has been called by org.openjdk.jmh.util.Utils (file:/C:/Users/Hareram%20ray/AI/numJ/.tools/jmh/jmh-core-1.37.jar)
WARNING: Please consider reporting this to the maintainers of class org.openjdk.jmh.util.Utils
WARNING: sun.misc.Unsafe::objectFieldOffset will be removed in a future release
# Warmup Iteration   1: 877.575 ns/op
# Warmup Iteration   2: 289.965 ns/op
# Warmup Iteration   3: 247.955 ns/op
# Warmup Iteration   4: 285.122 ns/op
# Warmup Iteration   5: 235.376 ns/op
Iteration   1: 270.738 ns/op
Iteration   2: 257.489 ns/op
Iteration   3: 250.084 ns/op
Iteration   4: 249.728 ns/op
Iteration   5: 394.135 ns/op


Result "numj.AllocBench.addReuse":
  281.344 ±(99.9%) 53.611 ns/op [Average]
  (min, avg, max) = (229.754, 281.344, 394.135), stdev = 50.148
  CI (99.9%): [227.733, 334.955] (assumes normal distribution)


# JMH version: 1.37
# VM version: JDK 25.0.4.1, OpenJDK 64-Bit Server VM, 25.0.4.1+1-LTS
# VM invoker: C:\Users\Hareram ray\AI\numJ\.tools\jdk\bin\java.exe
# VM options: --enable-native-access=ALL-UNNAMED --enable-native-access=ALL-UNNAMED -Xms1g -Xmx1g
# Blackhole mode: compiler (auto-detected, use -Djmh.blackhole.autoDetect=false to disable)
# Warmup: 5 iterations, 200 ms each
# Measurement: 5 iterations, 200 ms each
# Timeout: 10 min per iteration
# Threads: 1 thread, will synchronize iterations
# Benchmark mode: Average time, time/op
# Benchmark: numj.AllocBench.addReuse
# Parameters: (n = 100000)

# Run progress: 12.95% complete, ETA 00:08:10
# Fork: 1 of 3
WARNING: A terminally deprecated method in sun.misc.Unsafe has been called
WARNING: sun.misc.Unsafe::objectFieldOffset has been called by org.openjdk.jmh.util.Utils (file:/C:/Users/Hareram%20ray/AI/numJ/.tools/jmh/jmh-core-1.37.jar)
WARNING: Please consider reporting this to the maintainers of class org.openjdk.jmh.util.Utils
WARNING: sun.misc.Unsafe::objectFieldOffset will be removed in a future release
# Warmup Iteration   1: 207478600.000 ns/op
# Warmup Iteration   2: 108645.067 ns/op
# Warmup Iteration   3: 53530.911 ns/op
# Warmup Iteration   4: 52844.939 ns/op
# Warmup Iteration   5: 56447.437 ns/op
Iteration   1: 70286.256 ns/op
Iteration   2: 87338.058 ns/op
Iteration   3: 56810.778 ns/op
Iteration   4: 43283.020 ns/op
Iteration   5: 47430.317 ns/op

# Run progress: 13.39% complete, ETA 00:08:08
# Fork: 2 of 3
WARNING: A terminally deprecated method in sun.misc.Unsafe has been called
WARNING: sun.misc.Unsafe::objectFieldOffset has been called by org.openjdk.jmh.util.Utils (file:/C:/Users/Hareram%20ray/AI/numJ/.tools/jmh/jmh-core-1.37.jar)
WARNING: Please consider reporting this to the maintainers of class org.openjdk.jmh.util.Utils
WARNING: sun.misc.Unsafe::objectFieldOffset will be removed in a future release
# Warmup Iteration   1: 227230800.000 ns/op
# Warmup Iteration   2: 45647.315 ns/op
# Warmup Iteration   3: 43663.087 ns/op
# Warmup Iteration   4: 44380.256 ns/op
# Warmup Iteration   5: 43626.516 ns/op
Iteration   1: 40662.533 ns/op
Iteration   2: 43051.403 ns/op
Iteration   3: 39077.513 ns/op
Iteration   4: 43398.417 ns/op
Iteration   5: 39165.710 ns/op

# Run progress: 13.82% complete, ETA 00:08:05
# Fork: 3 of 3
WARNING: A terminally deprecated method in sun.misc.Unsafe has been called
WARNING: sun.misc.Unsafe::objectFieldOffset has been called by org.openjdk.jmh.util.Utils (file:/C:/Users/Hareram%20ray/AI/numJ/.tools/jmh/jmh-core-1.37.jar)
WARNING: Please consider reporting this to the maintainers of class org.openjdk.jmh.util.Utils
WARNING: sun.misc.Unsafe::objectFieldOffset will be removed in a future release
# Warmup Iteration   1: 175667.359 ns/op
# Warmup Iteration   2: 45196.464 ns/op
# Warmup Iteration   3: 41096.727 ns/op
# Warmup Iteration   4: 38115.751 ns/op
# Warmup Iteration   5: 38874.512 ns/op
Iteration   1: 51008.114 ns/op
Iteration   2: 64050.575 ns/op
Iteration   3: 97970.015 ns/op
Iteration   4: 113793.123 ns/op
Iteration   5: 47296.197 ns/op


Result "numj.AllocBench.addReuse":
  58974.802 ±(99.9%) 25051.710 ns/op [Average]
  (min, avg, max) = (39077.513, 58974.802, 113793.123), stdev = 23433.385
  CI (99.9%): [33923.092, 84026.512] (assumes normal distribution)


# JMH version: 1.37
# VM version: JDK 25.0.4.1, OpenJDK 64-Bit Server VM, 25.0.4.1+1-LTS
# VM invoker: C:\Users\Hareram ray\AI\numJ\.tools\jdk\bin\java.exe
# VM options: --enable-native-access=ALL-UNNAMED --enable-native-access=ALL-UNNAMED -Xms1g -Xmx1g
# Blackhole mode: compiler (auto-detected, use -Djmh.blackhole.autoDetect=false to disable)
# Warmup: 5 iterations, 200 ms each
# Measurement: 5 iterations, 200 ms each
# Timeout: 10 min per iteration
# Threads: 1 thread, will synchronize iterations
# Benchmark mode: Average time, time/op
# Benchmark: numj.AllocBench.addReuse
# Parameters: (n = 10000000)

# Run progress: 14.25% complete, ETA 00:08:02
# Fork: 1 of 3
WARNING: A terminally deprecated method in sun.misc.Unsafe has been called
WARNING: sun.misc.Unsafe::objectFieldOffset has been called by org.openjdk.jmh.util.Utils (file:/C:/Users/Hareram%20ray/AI/numJ/.tools/jmh/jmh-core-1.37.jar)
WARNING: Please consider reporting this to the maintainers of class org.openjdk.jmh.util.Utils
WARNING: sun.misc.Unsafe::objectFieldOffset will be removed in a future release
# Warmup Iteration   1: 311951900.000 ns/op
# Warmup Iteration   2: 30214371.429 ns/op
# Warmup Iteration   3: 38500533.333 ns/op
# Warmup Iteration   4: 27213025.000 ns/op
# Warmup Iteration   5: 30969828.571 ns/op
Iteration   1: 41363080.000 ns/op
Iteration   2: 31859157.143 ns/op
Iteration   3: 32631028.571 ns/op
Iteration   4: 28904714.286 ns/op
Iteration   5: 28066225.000 ns/op

# Run progress: 14.68% complete, ETA 00:08:03
# Fork: 2 of 3
WARNING: A terminally deprecated method in sun.misc.Unsafe has been called
WARNING: sun.misc.Unsafe::objectFieldOffset has been called by org.openjdk.jmh.util.Utils (file:/C:/Users/Hareram%20ray/AI/numJ/.tools/jmh/jmh-core-1.37.jar)
WARNING: Please consider reporting this to the maintainers of class org.openjdk.jmh.util.Utils
WARNING: sun.misc.Unsafe::objectFieldOffset will be removed in a future release
# Warmup Iteration   1: 50596875.000 ns/op
# Warmup Iteration   2: 19602481.818 ns/op
# Warmup Iteration   3: 33382614.286 ns/op
# Warmup Iteration   4: 33652042.857 ns/op
# Warmup Iteration   5: 27121275.000 ns/op
Iteration   1: 20156030.000 ns/op
Iteration   2: 20833960.000 ns/op
Iteration   3: 22547344.444 ns/op
Iteration   4: 25741411.111 ns/op
Iteration   5: 36401933.333 ns/op

# Run progress: 15.11% complete, ETA 00:08:03
# Fork: 3 of 3
WARNING: A terminally deprecated method in sun.misc.Unsafe has been called
WARNING: sun.misc.Unsafe::objectFieldOffset has been called by org.openjdk.jmh.util.Utils (file:/C:/Users/Hareram%20ray/AI/numJ/.tools/jmh/jmh-core-1.37.jar)
WARNING: Please consider reporting this to the maintainers of class org.openjdk.jmh.util.Utils
WARNING: sun.misc.Unsafe::objectFieldOffset will be removed in a future release
# Warmup Iteration   1: 205223700.000 ns/op
# Warmup Iteration   2: 32061000.000 ns/op
# Warmup Iteration   3: 36159233.333 ns/op
# Warmup Iteration   4: 37929333.333 ns/op
# Warmup Iteration   5: 32742985.714 ns/op
Iteration   1: 33498766.667 ns/op
Iteration   2: 28459062.500 ns/op
Iteration   3: 28871187.500 ns/op
Iteration   4: 33094657.143 ns/op
Iteration   5: 36846516.667 ns/op


Result "numj.AllocBench.addReuse":
  29951671.624 ±(99.9%) 6467133.286 ns/op [Average]
  (min, avg, max) = (20156030.000, 29951671.624, 41363080.000), stdev = 6049360.489
  CI (99.9%): [23484538.338, 36418804.910] (assumes normal distribution)


# JMH version: 1.37
# VM version: JDK 25.0.4.1, OpenJDK 64-Bit Server VM, 25.0.4.1+1-LTS
# VM invoker: C:\Users\Hareram ray\AI\numJ\.tools\jdk\bin\java.exe
# VM options: --enable-native-access=ALL-UNNAMED --enable-native-access=ALL-UNNAMED -Xms1g -Xmx1g
# Blackhole mode: compiler (auto-detected, use -Djmh.blackhole.autoDetect=false to disable)
# Warmup: 5 iterations, 200 ms each
# Measurement: 5 iterations, 200 ms each
# Timeout: 10 min per iteration
# Threads: 1 thread, will synchronize iterations
# Benchmark mode: Average time, time/op
# Benchmark: numj.AllocBench.allocClose
# Parameters: (n = 16)

# Run progress: 15.54% complete, ETA 00:08:03
# Fork: 1 of 3
WARNING: A terminally deprecated method in sun.misc.Unsafe has been called
WARNING: sun.misc.Unsafe::objectFieldOffset has been called by org.openjdk.jmh.util.Utils (file:/C:/Users/Hareram%20ray/AI/numJ/.tools/jmh/jmh-core-1.37.jar)
WARNING: Please consider reporting this to the maintainers of class org.openjdk.jmh.util.Utils
WARNING: sun.misc.Unsafe::objectFieldOffset will be removed in a future release
# Warmup Iteration   1: 128.524 ns/op
# Warmup Iteration   2: 114.386 ns/op
# Warmup Iteration   3: 130.598 ns/op
# Warmup Iteration   4: 100.759 ns/op
# Warmup Iteration   5: 83.858 ns/op
Iteration   1: 81.995 ns/op
Iteration   2: 81.938 ns/op
Iteration   3: 94.275 ns/op
Iteration   4: 83.963 ns/op
Iteration   5: 82.059 ns/op

# Run progress: 15.98% complete, ETA 00:08:01
# Fork: 2 of 3
WARNING: A terminally deprecated method in sun.misc.Unsafe has been called
WARNING: sun.misc.Unsafe::objectFieldOffset has been called by org.openjdk.jmh.util.Utils (file:/C:/Users/Hareram%20ray/AI/numJ/.tools/jmh/jmh-core-1.37.jar)
WARNING: Please consider reporting this to the maintainers of class org.openjdk.jmh.util.Utils
WARNING: sun.misc.Unsafe::objectFieldOffset will be removed in a future release
# Warmup Iteration   1: 178.114 ns/op
# Warmup Iteration   2: 100.450 ns/op
# Warmup Iteration   3: 102.632 ns/op
# Warmup Iteration   4: 83.935 ns/op
# Warmup Iteration   5: 99.971 ns/op
Iteration   1: 74.947 ns/op
Iteration   2: 78.037 ns/op
Iteration   3: 77.031 ns/op
Iteration   4: 73.053 ns/op
Iteration   5: 85.167 ns/op

# Run progress: 16.41% complete, ETA 00:07:58
# Fork: 3 of 3
WARNING: A terminally deprecated method in sun.misc.Unsafe has been called
WARNING: sun.misc.Unsafe::objectFieldOffset has been called by org.openjdk.jmh.util.Utils (file:/C:/Users/Hareram%20ray/AI/numJ/.tools/jmh/jmh-core-1.37.jar)
WARNING: Please consider reporting this to the maintainers of class org.openjdk.jmh.util.Utils
WARNING: sun.misc.Unsafe::objectFieldOffset will be removed in a future release
# Warmup Iteration   1: 124.529 ns/op
# Warmup Iteration   2: 76.615 ns/op
# Warmup Iteration   3: 104.009 ns/op
# Warmup Iteration   4: 70.007 ns/op
# Warmup Iteration   5: 101.224 ns/op
Iteration   1: 85.491 ns/op
Iteration   2: 119.251 ns/op
Iteration   3: 74.488 ns/op
Iteration   4: 87.451 ns/op
Iteration   5: 72.921 ns/op


Result "numj.AllocBench.allocClose":
  83.471 ±(99.9%) 12.358 ns/op [Average]
  (min, avg, max) = (72.921, 83.471, 119.251), stdev = 11.559
  CI (99.9%): [71.113, 95.829] (assumes normal distribution)


# JMH version: 1.37
# VM version: JDK 25.0.4.1, OpenJDK 64-Bit Server VM, 25.0.4.1+1-LTS
# VM invoker: C:\Users\Hareram ray\AI\numJ\.tools\jdk\bin\java.exe
# VM options: --enable-native-access=ALL-UNNAMED --enable-native-access=ALL-UNNAMED -Xms1g -Xmx1g
# Blackhole mode: compiler (auto-detected, use -Djmh.blackhole.autoDetect=false to disable)
# Warmup: 5 iterations, 200 ms each
# Measurement: 5 iterations, 200 ms each
# Timeout: 10 min per iteration
# Threads: 1 thread, will synchronize iterations
# Benchmark mode: Average time, time/op
# Benchmark: numj.AllocBench.allocClose
# Parameters: (n = 1000)

# Run progress: 16.84% complete, ETA 00:07:55
# Fork: 1 of 3
WARNING: A terminally deprecated method in sun.misc.Unsafe has been called
WARNING: sun.misc.Unsafe::objectFieldOffset has been called by org.openjdk.jmh.util.Utils (file:/C:/Users/Hareram%20ray/AI/numJ/.tools/jmh/jmh-core-1.37.jar)
WARNING: Please consider reporting this to the maintainers of class org.openjdk.jmh.util.Utils
WARNING: sun.misc.Unsafe::objectFieldOffset will be removed in a future release
# Warmup Iteration   1: 165.536 ns/op
# Warmup Iteration   2: 143.142 ns/op
# Warmup Iteration   3: 171.047 ns/op
# Warmup Iteration   4: 144.169 ns/op
# Warmup Iteration   5: 134.188 ns/op
Iteration   1: 114.409 ns/op
Iteration   2: 114.518 ns/op
Iteration   3: 118.126 ns/op
Iteration   4: 126.688 ns/op
Iteration   5: 147.846 ns/op

# Run progress: 17.27% complete, ETA 00:07:53
# Fork: 2 of 3
WARNING: A terminally deprecated method in sun.misc.Unsafe has been called
WARNING: sun.misc.Unsafe::objectFieldOffset has been called by org.openjdk.jmh.util.Utils (file:/C:/Users/Hareram%20ray/AI/numJ/.tools/jmh/jmh-core-1.37.jar)
WARNING: Please consider reporting this to the maintainers of class org.openjdk.jmh.util.Utils
WARNING: sun.misc.Unsafe::objectFieldOffset will be removed in a future release
# Warmup Iteration   1: 165.384 ns/op
# Warmup Iteration   2: 237.666 ns/op
# Warmup Iteration   3: 122.605 ns/op
# Warmup Iteration   4: 121.656 ns/op
# Warmup Iteration   5: 139.155 ns/op
Iteration   1: 137.599 ns/op
Iteration   2: 116.926 ns/op
Iteration   3: 114.503 ns/op
Iteration   4: 112.552 ns/op
Iteration   5: 111.257 ns/op

# Run progress: 17.70% complete, ETA 00:07:50
# Fork: 3 of 3
WARNING: A terminally deprecated method in sun.misc.Unsafe has been called
WARNING: sun.misc.Unsafe::objectFieldOffset has been called by org.openjdk.jmh.util.Utils (file:/C:/Users/Hareram%20ray/AI/numJ/.tools/jmh/jmh-core-1.37.jar)
WARNING: Please consider reporting this to the maintainers of class org.openjdk.jmh.util.Utils
WARNING: sun.misc.Unsafe::objectFieldOffset will be removed in a future release
# Warmup Iteration   1: 167.461 ns/op
# Warmup Iteration   2: 128.820 ns/op
# Warmup Iteration   3: 120.646 ns/op
# Warmup Iteration   4: 122.529 ns/op
# Warmup Iteration   5: 115.006 ns/op
Iteration   1: 117.630 ns/op
Iteration   2: 115.491 ns/op
Iteration   3: 113.103 ns/op
Iteration   4: 114.885 ns/op
Iteration   5: 113.049 ns/op


Result "numj.AllocBench.allocClose":
  119.239 ±(99.9%) 11.086 ns/op [Average]
  (min, avg, max) = (111.257, 119.239, 147.846), stdev = 10.370
  CI (99.9%): [108.152, 130.325] (assumes normal distribution)


# JMH version: 1.37
# VM version: JDK 25.0.4.1, OpenJDK 64-Bit Server VM, 25.0.4.1+1-LTS
# VM invoker: C:\Users\Hareram ray\AI\numJ\.tools\jdk\bin\java.exe
# VM options: --enable-native-access=ALL-UNNAMED --enable-native-access=ALL-UNNAMED -Xms1g -Xmx1g
# Blackhole mode: compiler (auto-detected, use -Djmh.blackhole.autoDetect=false to disable)
# Warmup: 5 iterations, 200 ms each
# Measurement: 5 iterations, 200 ms each
# Timeout: 10 min per iteration
# Threads: 1 thread, will synchronize iterations
# Benchmark mode: Average time, time/op
# Benchmark: numj.AllocBench.allocClose
# Parameters: (n = 100000)

# Run progress: 18.13% complete, ETA 00:07:47
# Fork: 1 of 3
WARNING: A terminally deprecated method in sun.misc.Unsafe has been called
WARNING: sun.misc.Unsafe::objectFieldOffset has been called by org.openjdk.jmh.util.Utils (file:/C:/Users/Hareram%20ray/AI/numJ/.tools/jmh/jmh-core-1.37.jar)
WARNING: Please consider reporting this to the maintainers of class org.openjdk.jmh.util.Utils
WARNING: sun.misc.Unsafe::objectFieldOffset will be removed in a future release
# Warmup Iteration   1: 12839.612 ns/op
# Warmup Iteration   2: 11899.230 ns/op
# Warmup Iteration   3: 11543.623 ns/op
# Warmup Iteration   4: 11790.100 ns/op
# Warmup Iteration   5: 11870.002 ns/op
Iteration   1: 12447.527 ns/op
Iteration   2: 12031.815 ns/op
Iteration   3: 11830.780 ns/op
Iteration   4: 12118.990 ns/op
Iteration   5: 11764.335 ns/op

# Run progress: 18.57% complete, ETA 00:07:44
# Fork: 2 of 3
WARNING: A terminally deprecated method in sun.misc.Unsafe has been called
WARNING: sun.misc.Unsafe::objectFieldOffset has been called by org.openjdk.jmh.util.Utils (file:/C:/Users/Hareram%20ray/AI/numJ/.tools/jmh/jmh-core-1.37.jar)
WARNING: Please consider reporting this to the maintainers of class org.openjdk.jmh.util.Utils
WARNING: sun.misc.Unsafe::objectFieldOffset will be removed in a future release
# Warmup Iteration   1: 12399.588 ns/op
# Warmup Iteration   2: 12844.205 ns/op
# Warmup Iteration   3: 13451.069 ns/op
# Warmup Iteration   4: 12216.025 ns/op
# Warmup Iteration   5: 11917.121 ns/op
Iteration   1: 12030.983 ns/op
Iteration   2: 12180.562 ns/op
Iteration   3: 11815.928 ns/op
Iteration   4: 11701.954 ns/op
Iteration   5: 11628.067 ns/op

# Run progress: 19.00% complete, ETA 00:07:41
# Fork: 3 of 3
WARNING: A terminally deprecated method in sun.misc.Unsafe has been called
WARNING: sun.misc.Unsafe::objectFieldOffset has been called by org.openjdk.jmh.util.Utils (file:/C:/Users/Hareram%20ray/AI/numJ/.tools/jmh/jmh-core-1.37.jar)
WARNING: Please consider reporting this to the maintainers of class org.openjdk.jmh.util.Utils
WARNING: sun.misc.Unsafe::objectFieldOffset will be removed in a future release
# Warmup Iteration   1: 12506.222 ns/op
# Warmup Iteration   2: 11655.777 ns/op
# Warmup Iteration   3: 12109.505 ns/op
# Warmup Iteration   4: 12120.510 ns/op
# Warmup Iteration   5: 13262.937 ns/op
Iteration   1: 12424.488 ns/op
Iteration   2: 12148.119 ns/op
Iteration   3: 12133.299 ns/op
Iteration   4: 12187.644 ns/op
Iteration   5: 12315.020 ns/op


Result "numj.AllocBench.allocClose":
  12050.634 ±(99.9%) 272.577 ns/op [Average]
  (min, avg, max) = (11628.067, 12050.634, 12447.527), stdev = 254.968
  CI (99.9%): [11778.057, 12323.211] (assumes normal distribution)


# JMH version: 1.37
# VM version: JDK 25.0.4.1, OpenJDK 64-Bit Server VM, 25.0.4.1+1-LTS
# VM invoker: C:\Users\Hareram ray\AI\numJ\.tools\jdk\bin\java.exe
# VM options: --enable-native-access=ALL-UNNAMED --enable-native-access=ALL-UNNAMED -Xms1g -Xmx1g
# Blackhole mode: compiler (auto-detected, use -Djmh.blackhole.autoDetect=false to disable)
# Warmup: 5 iterations, 200 ms each
# Measurement: 5 iterations, 200 ms each
# Timeout: 10 min per iteration
# Threads: 1 thread, will synchronize iterations
# Benchmark mode: Average time, time/op
# Benchmark: numj.AllocBench.allocClose
# Parameters: (n = 10000000)

# Run progress: 19.43% complete, ETA 00:07:38
# Fork: 1 of 3
WARNING: A terminally deprecated method in sun.misc.Unsafe has been called
WARNING: sun.misc.Unsafe::objectFieldOffset has been called by org.openjdk.jmh.util.Utils (file:/C:/Users/Hareram%20ray/AI/numJ/.tools/jmh/jmh-core-1.37.jar)
WARNING: Please consider reporting this to the maintainers of class org.openjdk.jmh.util.Utils
WARNING: sun.misc.Unsafe::objectFieldOffset will be removed in a future release
# Warmup Iteration   1: 27698025.000 ns/op
# Warmup Iteration   2: 31907457.143 ns/op
# Warmup Iteration   3: 34276483.333 ns/op
# Warmup Iteration   4: 41117366.667 ns/op
# Warmup Iteration   5: 43610820.000 ns/op
Iteration   1: 20723270.000 ns/op
Iteration   2: 23637522.222 ns/op
Iteration   3: 47278720.000 ns/op
Iteration   4: 44765220.000 ns/op
Iteration   5: 36313933.333 ns/op

# Run progress: 19.86% complete, ETA 00:07:38
# Fork: 2 of 3
WARNING: A terminally deprecated method in sun.misc.Unsafe has been called
WARNING: sun.misc.Unsafe::objectFieldOffset has been called by org.openjdk.jmh.util.Utils (file:/C:/Users/Hareram%20ray/AI/numJ/.tools/jmh/jmh-core-1.37.jar)
WARNING: Please consider reporting this to the maintainers of class org.openjdk.jmh.util.Utils
WARNING: sun.misc.Unsafe::objectFieldOffset will be removed in a future release
# Warmup Iteration   1: 20489810.000 ns/op
# Warmup Iteration   2: 21026330.000 ns/op
# Warmup Iteration   3: 23377500.000 ns/op
# Warmup Iteration   4: 21719020.000 ns/op
# Warmup Iteration   5: 26639487.500 ns/op
Iteration   1: 22223650.000 ns/op
Iteration   2: 21292280.000 ns/op
Iteration   3: 20860960.000 ns/op
Iteration   4: 23044244.444 ns/op
Iteration   5: 20644260.000 ns/op

# Run progress: 20.29% complete, ETA 00:07:36
# Fork: 3 of 3
WARNING: A terminally deprecated method in sun.misc.Unsafe has been called
WARNING: sun.misc.Unsafe::objectFieldOffset has been called by org.openjdk.jmh.util.Utils (file:/C:/Users/Hareram%20ray/AI/numJ/.tools/jmh/jmh-core-1.37.jar)
WARNING: Please consider reporting this to the maintainers of class org.openjdk.jmh.util.Utils
WARNING: sun.misc.Unsafe::objectFieldOffset will be removed in a future release
# Warmup Iteration   1: 20533463.636 ns/op
# Warmup Iteration   2: 25508100.000 ns/op
# Warmup Iteration   3: 20192330.000 ns/op
# Warmup Iteration   4: 37079583.333 ns/op
# Warmup Iteration   5: 39063800.000 ns/op
Iteration   1: 50942975.000 ns/op
Iteration   2: 37867116.667 ns/op
Iteration   3: 27447687.500 ns/op
Iteration   4: 33973266.667 ns/op
Iteration   5: 26247425.000 ns/op


Result "numj.AllocBench.allocClose":
  30484168.722 ±(99.9%) 11328538.963 ns/op [Average]
  (min, avg, max) = (20644260.000, 30484168.722, 50942975.000), stdev = 10596722.375
  CI (99.9%): [19155629.760, 41812707.685] (assumes normal distribution)


# JMH version: 1.37
# VM version: JDK 25.0.4.1, OpenJDK 64-Bit Server VM, 25.0.4.1+1-LTS
# VM invoker: C:\Users\Hareram ray\AI\numJ\.tools\jdk\bin\java.exe
# VM options: --enable-native-access=ALL-UNNAMED --enable-native-access=ALL-UNNAMED -Xms1g -Xmx1g -Dnumj.criticalMaxElements=1000000
# Blackhole mode: compiler (auto-detected, use -Djmh.blackhole.autoDetect=false to disable)
# Warmup: 4 iterations, 150 ms each
# Measurement: 5 iterations, 150 ms each
# Timeout: 10 min per iteration
# Threads: 1 thread, will synchronize iterations
# Benchmark mode: Average time, time/op
# Benchmark: numj.DowncallBench.Critical.critical
# Parameters: (n = 0)

# Run progress: 20.73% complete, ETA 00:07:34
# Fork: 1 of 2
WARNING: A terminally deprecated method in sun.misc.Unsafe has been called
WARNING: sun.misc.Unsafe::objectFieldOffset has been called by org.openjdk.jmh.util.Utils (file:/C:/Users/Hareram%20ray/AI/numJ/.tools/jmh/jmh-core-1.37.jar)
WARNING: Please consider reporting this to the maintainers of class org.openjdk.jmh.util.Utils
WARNING: sun.misc.Unsafe::objectFieldOffset will be removed in a future release
# Warmup Iteration   1: 32.896 ns/op
# Warmup Iteration   2: 13.093 ns/op
# Warmup Iteration   3: 19.154 ns/op
# Warmup Iteration   4: 23.681 ns/op
Iteration   1: 53.283 ns/op
Iteration   2: 20.084 ns/op
Iteration   3: 12.593 ns/op
Iteration   4: 12.314 ns/op
Iteration   5: 18.645 ns/op

# Run progress: 21.02% complete, ETA 00:07:33
# Fork: 2 of 2
WARNING: A terminally deprecated method in sun.misc.Unsafe has been called
WARNING: sun.misc.Unsafe::objectFieldOffset has been called by org.openjdk.jmh.util.Utils (file:/C:/Users/Hareram%20ray/AI/numJ/.tools/jmh/jmh-core-1.37.jar)
WARNING: Please consider reporting this to the maintainers of class org.openjdk.jmh.util.Utils
WARNING: sun.misc.Unsafe::objectFieldOffset will be removed in a future release
# Warmup Iteration   1: 162024400.000 ns/op
# Warmup Iteration   2: 13.895 ns/op
# Warmup Iteration   3: 12.885 ns/op
# Warmup Iteration   4: 11.799 ns/op
Iteration   1: 11.142 ns/op
Iteration   2: 10.862 ns/op
Iteration   3: 10.987 ns/op
Iteration   4: 10.929 ns/op
Iteration   5: 10.865 ns/op


Result "numj.DowncallBench.Critical.critical":
  17.170 ±(99.9%) 19.856 ns/op [Average]
  (min, avg, max) = (10.862, 17.170, 53.283), stdev = 13.134
  CI (99.9%): [≈ 0, 37.026] (assumes normal distribution)


# JMH version: 1.37
# VM version: JDK 25.0.4.1, OpenJDK 64-Bit Server VM, 25.0.4.1+1-LTS
# VM invoker: C:\Users\Hareram ray\AI\numJ\.tools\jdk\bin\java.exe
# VM options: --enable-native-access=ALL-UNNAMED --enable-native-access=ALL-UNNAMED -Xms1g -Xmx1g -Dnumj.criticalMaxElements=1000000
# Blackhole mode: compiler (auto-detected, use -Djmh.blackhole.autoDetect=false to disable)
# Warmup: 4 iterations, 150 ms each
# Measurement: 5 iterations, 150 ms each
# Timeout: 10 min per iteration
# Threads: 1 thread, will synchronize iterations
# Benchmark mode: Average time, time/op
# Benchmark: numj.DowncallBench.Critical.critical
# Parameters: (n = 16)

# Run progress: 21.31% complete, ETA 00:07:33
# Fork: 1 of 2
WARNING: A terminally deprecated method in sun.misc.Unsafe has been called
WARNING: sun.misc.Unsafe::objectFieldOffset has been called by org.openjdk.jmh.util.Utils (file:/C:/Users/Hareram%20ray/AI/numJ/.tools/jmh/jmh-core-1.37.jar)
WARNING: Please consider reporting this to the maintainers of class org.openjdk.jmh.util.Utils
WARNING: sun.misc.Unsafe::objectFieldOffset will be removed in a future release
# Warmup Iteration   1: 125.299 ns/op
# Warmup Iteration   2: 18.349 ns/op
# Warmup Iteration   3: 22.978 ns/op
# Warmup Iteration   4: 22.717 ns/op
Iteration   1: 64.030 ns/op
Iteration   2: 56.564 ns/op
Iteration   3: 20.161 ns/op
Iteration   4: 18.310 ns/op
Iteration   5: 19.788 ns/op

# Run progress: 21.60% complete, ETA 00:07:31
# Fork: 2 of 2
WARNING: A terminally deprecated method in sun.misc.Unsafe has been called
WARNING: sun.misc.Unsafe::objectFieldOffset has been called by org.openjdk.jmh.util.Utils (file:/C:/Users/Hareram%20ray/AI/numJ/.tools/jmh/jmh-core-1.37.jar)
WARNING: Please consider reporting this to the maintainers of class org.openjdk.jmh.util.Utils
WARNING: sun.misc.Unsafe::objectFieldOffset will be removed in a future release
# Warmup Iteration   1: 160.028 ns/op
# Warmup Iteration   2: 19.123 ns/op
# Warmup Iteration   3: 20.065 ns/op
# Warmup Iteration   4: 18.334 ns/op
Iteration   1: 19.721 ns/op
Iteration   2: 18.495 ns/op
Iteration   3: 18.077 ns/op
Iteration   4: 18.276 ns/op
Iteration   5: 18.436 ns/op


Result "numj.DowncallBench.Critical.critical":
  27.186 ±(99.9%) 26.541 ns/op [Average]
  (min, avg, max) = (18.077, 27.186, 64.030), stdev = 17.555
  CI (99.9%): [0.645, 53.727] (assumes normal distribution)


# JMH version: 1.37
# VM version: JDK 25.0.4.1, OpenJDK 64-Bit Server VM, 25.0.4.1+1-LTS
# VM invoker: C:\Users\Hareram ray\AI\numJ\.tools\jdk\bin\java.exe
# VM options: --enable-native-access=ALL-UNNAMED --enable-native-access=ALL-UNNAMED -Xms1g -Xmx1g -Dnumj.criticalMaxElements=1000000
# Blackhole mode: compiler (auto-detected, use -Djmh.blackhole.autoDetect=false to disable)
# Warmup: 4 iterations, 150 ms each
# Measurement: 5 iterations, 150 ms each
# Timeout: 10 min per iteration
# Threads: 1 thread, will synchronize iterations
# Benchmark mode: Average time, time/op
# Benchmark: numj.DowncallBench.Critical.critical
# Parameters: (n = 1000)

# Run progress: 21.89% complete, ETA 00:07:29
# Fork: 1 of 2
WARNING: A terminally deprecated method in sun.misc.Unsafe has been called
WARNING: sun.misc.Unsafe::objectFieldOffset has been called by org.openjdk.jmh.util.Utils (file:/C:/Users/Hareram%20ray/AI/numJ/.tools/jmh/jmh-core-1.37.jar)
WARNING: Please consider reporting this to the maintainers of class org.openjdk.jmh.util.Utils
WARNING: sun.misc.Unsafe::objectFieldOffset will be removed in a future release
# Warmup Iteration   1: 277095600.000 ns/op
# Warmup Iteration   2: 119.045 ns/op
# Warmup Iteration   3: 92.701 ns/op
# Warmup Iteration   4: 110.428 ns/op
Iteration   1: 103.435 ns/op
Iteration   2: 97.118 ns/op
Iteration   3: 113.569 ns/op
Iteration   4: 108.228 ns/op
Iteration   5: 141.082 ns/op

# Run progress: 22.18% complete, ETA 00:07:29
# Fork: 2 of 2
WARNING: A terminally deprecated method in sun.misc.Unsafe has been called
WARNING: sun.misc.Unsafe::objectFieldOffset has been called by org.openjdk.jmh.util.Utils (file:/C:/Users/Hareram%20ray/AI/numJ/.tools/jmh/jmh-core-1.37.jar)
WARNING: Please consider reporting this to the maintainers of class org.openjdk.jmh.util.Utils
WARNING: sun.misc.Unsafe::objectFieldOffset will be removed in a future release
# Warmup Iteration   1: 157517600.000 ns/op
# Warmup Iteration   2: 108.460 ns/op
# Warmup Iteration   3: 90.825 ns/op
# Warmup Iteration   4: 87.543 ns/op
Iteration   1: 94.766 ns/op
Iteration   2: 93.006 ns/op
Iteration   3: 96.012 ns/op
Iteration   4: 87.265 ns/op
Iteration   5: 91.460 ns/op


Result "numj.DowncallBench.Critical.critical":
  102.594 ±(99.9%) 23.743 ns/op [Average]
  (min, avg, max) = (87.265, 102.594, 141.082), stdev = 15.704
  CI (99.9%): [78.851, 126.337] (assumes normal distribution)


# JMH version: 1.37
# VM version: JDK 25.0.4.1, OpenJDK 64-Bit Server VM, 25.0.4.1+1-LTS
# VM invoker: C:\Users\Hareram ray\AI\numJ\.tools\jdk\bin\java.exe
# VM options: --enable-native-access=ALL-UNNAMED --enable-native-access=ALL-UNNAMED -Xms1g -Xmx1g -Dnumj.criticalMaxElements=1000000
# Blackhole mode: compiler (auto-detected, use -Djmh.blackhole.autoDetect=false to disable)
# Warmup: 4 iterations, 150 ms each
# Measurement: 5 iterations, 150 ms each
# Timeout: 10 min per iteration
# Threads: 1 thread, will synchronize iterations
# Benchmark mode: Average time, time/op
# Benchmark: numj.DowncallBench.Critical.critical
# Parameters: (n = 65536)

# Run progress: 22.47% complete, ETA 00:07:29
# Fork: 1 of 2
WARNING: A terminally deprecated method in sun.misc.Unsafe has been called
WARNING: sun.misc.Unsafe::objectFieldOffset has been called by org.openjdk.jmh.util.Utils (file:/C:/Users/Hareram%20ray/AI/numJ/.tools/jmh/jmh-core-1.37.jar)
WARNING: Please consider reporting this to the maintainers of class org.openjdk.jmh.util.Utils
WARNING: sun.misc.Unsafe::objectFieldOffset will be removed in a future release
# Warmup Iteration   1: 901208.284 ns/op
# Warmup Iteration   2: 8669.716 ns/op
# Warmup Iteration   3: 8119.110 ns/op
# Warmup Iteration   4: 8061.282 ns/op
Iteration   1: 8942.536 ns/op
Iteration   2: 8641.408 ns/op
Iteration   3: 8797.900 ns/op
Iteration   4: 9281.298 ns/op
Iteration   5: 13046.309 ns/op

# Run progress: 22.77% complete, ETA 00:07:28
# Fork: 2 of 2
WARNING: A terminally deprecated method in sun.misc.Unsafe has been called
WARNING: sun.misc.Unsafe::objectFieldOffset has been called by org.openjdk.jmh.util.Utils (file:/C:/Users/Hareram%20ray/AI/numJ/.tools/jmh/jmh-core-1.37.jar)
WARNING: Please consider reporting this to the maintainers of class org.openjdk.jmh.util.Utils
WARNING: sun.misc.Unsafe::objectFieldOffset will be removed in a future release
# Warmup Iteration   1: 224632700.000 ns/op
# Warmup Iteration   2: 10650.007 ns/op
# Warmup Iteration   3: 9795.824 ns/op
# Warmup Iteration   4: 8851.429 ns/op
Iteration   1: 9738.670 ns/op
Iteration   2: 11048.789 ns/op
Iteration   3: 13351.224 ns/op
Iteration   4: 11548.840 ns/op
Iteration   5: 7808.865 ns/op


Result "numj.DowncallBench.Critical.critical":
  10220.584 ±(99.9%) 2908.899 ns/op [Average]
  (min, avg, max) = (7808.865, 10220.584, 13351.224), stdev = 1924.056
  CI (99.9%): [7311.685, 13129.483] (assumes normal distribution)


# JMH version: 1.37
# VM version: JDK 25.0.4.1, OpenJDK 64-Bit Server VM, 25.0.4.1+1-LTS
# VM invoker: C:\Users\Hareram ray\AI\numJ\.tools\jdk\bin\java.exe
# VM options: --enable-native-access=ALL-UNNAMED --enable-native-access=ALL-UNNAMED -Xms1g -Xmx1g
# Blackhole mode: compiler (auto-detected, use -Djmh.blackhole.autoDetect=false to disable)
# Warmup: 4 iterations, 150 ms each
# Measurement: 5 iterations, 150 ms each
# Timeout: 10 min per iteration
# Threads: 1 thread, will synchronize iterations
# Benchmark mode: Average time, time/op
# Benchmark: numj.DowncallBench.regular
# Parameters: (n = 0)

# Run progress: 23.06% complete, ETA 00:07:27
# Fork: 1 of 2
WARNING: A terminally deprecated method in sun.misc.Unsafe has been called
WARNING: sun.misc.Unsafe::objectFieldOffset has been called by org.openjdk.jmh.util.Utils (file:/C:/Users/Hareram%20ray/AI/numJ/.tools/jmh/jmh-core-1.37.jar)
WARNING: Please consider reporting this to the maintainers of class org.openjdk.jmh.util.Utils
WARNING: sun.misc.Unsafe::objectFieldOffset will be removed in a future release
# Warmup Iteration   1: 55.178 ns/op
# Warmup Iteration   2: 19.172 ns/op
# Warmup Iteration   3: 21.498 ns/op
# Warmup Iteration   4: 17.619 ns/op
Iteration   1: 19.612 ns/op
Iteration   2: 14.452 ns/op
Iteration   3: 13.497 ns/op
Iteration   4: 14.964 ns/op
Iteration   5: 17.239 ns/op

# Run progress: 23.35% complete, ETA 00:07:25
# Fork: 2 of 2
WARNING: A terminally deprecated method in sun.misc.Unsafe has been called
WARNING: sun.misc.Unsafe::objectFieldOffset has been called by org.openjdk.jmh.util.Utils (file:/C:/Users/Hareram%20ray/AI/numJ/.tools/jmh/jmh-core-1.37.jar)
WARNING: Please consider reporting this to the maintainers of class org.openjdk.jmh.util.Utils
WARNING: sun.misc.Unsafe::objectFieldOffset will be removed in a future release
# Warmup Iteration   1: 49.608 ns/op
# Warmup Iteration   2: 15.445 ns/op
# Warmup Iteration   3: 18.846 ns/op
# Warmup Iteration   4: 43.839 ns/op
Iteration   1: 37.539 ns/op
Iteration   2: 24.066 ns/op
Iteration   3: 14.057 ns/op
Iteration   4: 14.838 ns/op
Iteration   5: 17.440 ns/op


Result "numj.DowncallBench.regular":
  18.770 ±(99.9%) 11.084 ns/op [Average]
  (min, avg, max) = (13.497, 18.770, 37.539), stdev = 7.331
  CI (99.9%): [7.686, 29.855] (assumes normal distribution)


# JMH version: 1.37
# VM version: JDK 25.0.4.1, OpenJDK 64-Bit Server VM, 25.0.4.1+1-LTS
# VM invoker: C:\Users\Hareram ray\AI\numJ\.tools\jdk\bin\java.exe
# VM options: --enable-native-access=ALL-UNNAMED --enable-native-access=ALL-UNNAMED -Xms1g -Xmx1g
# Blackhole mode: compiler (auto-detected, use -Djmh.blackhole.autoDetect=false to disable)
# Warmup: 4 iterations, 150 ms each
# Measurement: 5 iterations, 150 ms each
# Timeout: 10 min per iteration
# Threads: 1 thread, will synchronize iterations
# Benchmark mode: Average time, time/op
# Benchmark: numj.DowncallBench.regular
# Parameters: (n = 16)

# Run progress: 23.64% complete, ETA 00:07:24
# Fork: 1 of 2
WARNING: A terminally deprecated method in sun.misc.Unsafe has been called
WARNING: sun.misc.Unsafe::objectFieldOffset has been called by org.openjdk.jmh.util.Utils (file:/C:/Users/Hareram%20ray/AI/numJ/.tools/jmh/jmh-core-1.37.jar)
WARNING: Please consider reporting this to the maintainers of class org.openjdk.jmh.util.Utils
WARNING: sun.misc.Unsafe::objectFieldOffset will be removed in a future release
# Warmup Iteration   1: 256828600.000 ns/op
# Warmup Iteration   2: 38.447 ns/op
# Warmup Iteration   3: 21.224 ns/op
# Warmup Iteration   4: 21.546 ns/op
Iteration   1: 21.866 ns/op
Iteration   2: 27.926 ns/op
Iteration   3: 28.760 ns/op
Iteration   4: 28.831 ns/op
Iteration   5: 23.429 ns/op

# Run progress: 23.93% complete, ETA 00:07:24
# Fork: 2 of 2
WARNING: A terminally deprecated method in sun.misc.Unsafe has been called
WARNING: sun.misc.Unsafe::objectFieldOffset has been called by org.openjdk.jmh.util.Utils (file:/C:/Users/Hareram%20ray/AI/numJ/.tools/jmh/jmh-core-1.37.jar)
WARNING: Please consider reporting this to the maintainers of class org.openjdk.jmh.util.Utils
WARNING: sun.misc.Unsafe::objectFieldOffset will be removed in a future release
# Warmup Iteration   1: 967.431 ns/op
# Warmup Iteration   2: 26.845 ns/op
# Warmup Iteration   3: 23.318 ns/op
# Warmup Iteration   4: 23.771 ns/op
Iteration   1: 25.318 ns/op
Iteration   2: 23.487 ns/op
Iteration   3: 32.927 ns/op
Iteration   4: 35.003 ns/op
Iteration   5: 24.284 ns/op


Result "numj.DowncallBench.regular":
  27.183 ±(99.9%) 6.528 ns/op [Average]
  (min, avg, max) = (21.866, 27.183, 35.003), stdev = 4.318
  CI (99.9%): [20.655, 33.711] (assumes normal distribution)


# JMH version: 1.37
# VM version: JDK 25.0.4.1, OpenJDK 64-Bit Server VM, 25.0.4.1+1-LTS
# VM invoker: C:\Users\Hareram ray\AI\numJ\.tools\jdk\bin\java.exe
# VM options: --enable-native-access=ALL-UNNAMED --enable-native-access=ALL-UNNAMED -Xms1g -Xmx1g
# Blackhole mode: compiler (auto-detected, use -Djmh.blackhole.autoDetect=false to disable)
# Warmup: 4 iterations, 150 ms each
# Measurement: 5 iterations, 150 ms each
# Timeout: 10 min per iteration
# Threads: 1 thread, will synchronize iterations
# Benchmark mode: Average time, time/op
# Benchmark: numj.DowncallBench.regular
# Parameters: (n = 1000)

# Run progress: 24.22% complete, ETA 00:07:22
# Fork: 1 of 2
WARNING: A terminally deprecated method in sun.misc.Unsafe has been called
WARNING: sun.misc.Unsafe::objectFieldOffset has been called by org.openjdk.jmh.util.Utils (file:/C:/Users/Hareram%20ray/AI/numJ/.tools/jmh/jmh-core-1.37.jar)
WARNING: Please consider reporting this to the maintainers of class org.openjdk.jmh.util.Utils
WARNING: sun.misc.Unsafe::objectFieldOffset will be removed in a future release
# Warmup Iteration   1: 701.384 ns/op
# Warmup Iteration   2: 95.326 ns/op
# Warmup Iteration   3: 100.145 ns/op
# Warmup Iteration   4: 98.109 ns/op
Iteration   1: 94.482 ns/op
Iteration   2: 139.831 ns/op
Iteration   3: 134.871 ns/op
Iteration   4: 124.210 ns/op
Iteration   5: 101.765 ns/op

# Run progress: 24.51% complete, ETA 00:07:21
# Fork: 2 of 2
WARNING: A terminally deprecated method in sun.misc.Unsafe has been called
WARNING: sun.misc.Unsafe::objectFieldOffset has been called by org.openjdk.jmh.util.Utils (file:/C:/Users/Hareram%20ray/AI/numJ/.tools/jmh/jmh-core-1.37.jar)
WARNING: Please consider reporting this to the maintainers of class org.openjdk.jmh.util.Utils
WARNING: sun.misc.Unsafe::objectFieldOffset will be removed in a future release
# Warmup Iteration   1: 227561700.000 ns/op
# Warmup Iteration   2: 104.611 ns/op
# Warmup Iteration   3: 90.952 ns/op
# Warmup Iteration   4: 90.331 ns/op
Iteration   1: 88.695 ns/op
Iteration   2: 96.017 ns/op
Iteration   3: 176.995 ns/op
Iteration   4: 109.546 ns/op
Iteration   5: 97.147 ns/op


Result "numj.DowncallBench.regular":
  116.356 ±(99.9%) 41.916 ns/op [Average]
  (min, avg, max) = (88.695, 116.356, 176.995), stdev = 27.725
  CI (99.9%): [74.440, 158.272] (assumes normal distribution)


# JMH version: 1.37
# VM version: JDK 25.0.4.1, OpenJDK 64-Bit Server VM, 25.0.4.1+1-LTS
# VM invoker: C:\Users\Hareram ray\AI\numJ\.tools\jdk\bin\java.exe
# VM options: --enable-native-access=ALL-UNNAMED --enable-native-access=ALL-UNNAMED -Xms1g -Xmx1g
# Blackhole mode: compiler (auto-detected, use -Djmh.blackhole.autoDetect=false to disable)
# Warmup: 4 iterations, 150 ms each
# Measurement: 5 iterations, 150 ms each
# Timeout: 10 min per iteration
# Threads: 1 thread, will synchronize iterations
# Benchmark mode: Average time, time/op
# Benchmark: numj.DowncallBench.regular
# Parameters: (n = 65536)

# Run progress: 24.81% complete, ETA 00:07:21
# Fork: 1 of 2
WARNING: A terminally deprecated method in sun.misc.Unsafe has been called
WARNING: sun.misc.Unsafe::objectFieldOffset has been called by org.openjdk.jmh.util.Utils (file:/C:/Users/Hareram%20ray/AI/numJ/.tools/jmh/jmh-core-1.37.jar)
WARNING: Please consider reporting this to the maintainers of class org.openjdk.jmh.util.Utils
WARNING: sun.misc.Unsafe::objectFieldOffset will be removed in a future release
# Warmup Iteration   1: 103926.045 ns/op
# Warmup Iteration   2: 8305.678 ns/op
# Warmup Iteration   3: 7604.490 ns/op
# Warmup Iteration   4: 7850.311 ns/op
Iteration   1: 6975.639 ns/op
Iteration   2: 7004.614 ns/op
Iteration   3: 7480.913 ns/op
Iteration   4: 6921.915 ns/op
Iteration   5: 11275.498 ns/op

# Run progress: 25.10% complete, ETA 00:07:19
# Fork: 2 of 2
WARNING: A terminally deprecated method in sun.misc.Unsafe has been called
WARNING: sun.misc.Unsafe::objectFieldOffset has been called by org.openjdk.jmh.util.Utils (file:/C:/Users/Hareram%20ray/AI/numJ/.tools/jmh/jmh-core-1.37.jar)
WARNING: Please consider reporting this to the maintainers of class org.openjdk.jmh.util.Utils
WARNING: sun.misc.Unsafe::objectFieldOffset will be removed in a future release
# Warmup Iteration   1: 247444200.000 ns/op
# Warmup Iteration   2: 11804.543 ns/op
# Warmup Iteration   3: 10904.459 ns/op
# Warmup Iteration   4: 9249.991 ns/op
Iteration   1: 8418.159 ns/op
Iteration   2: 8087.194 ns/op
Iteration   3: 7965.311 ns/op
Iteration   4: 8301.157 ns/op
Iteration   5: 7603.561 ns/op


Result "numj.DowncallBench.regular":
  8003.396 ±(99.9%) 1927.717 ns/op [Average]
  (min, avg, max) = (6921.915, 8003.396, 11275.498), stdev = 1275.065
  CI (99.9%): [6075.679, 9931.113] (assumes normal distribution)


# JMH version: 1.37
# VM version: JDK 25.0.4.1, OpenJDK 64-Bit Server VM, 25.0.4.1+1-LTS
# VM invoker: C:\Users\Hareram ray\AI\numJ\.tools\jdk\bin\java.exe
# VM options: --enable-native-access=ALL-UNNAMED --enable-native-access=ALL-UNNAMED -Xms1g -Xmx1g
# Blackhole mode: compiler (auto-detected, use -Djmh.blackhole.autoDetect=false to disable)
# Warmup: 4 iterations, 150 ms each
# Measurement: 5 iterations, 150 ms each
# Timeout: 10 min per iteration
# Threads: 1 thread, will synchronize iterations
# Benchmark mode: Average time, time/op
# Benchmark: numj.SmallBench.add
# Parameters: (n = 1, path = java)

# Run progress: 25.39% complete, ETA 00:07:19
# Fork: 1 of 2
WARNING: A terminally deprecated method in sun.misc.Unsafe has been called
WARNING: sun.misc.Unsafe::objectFieldOffset has been called by org.openjdk.jmh.util.Utils (file:/C:/Users/Hareram%20ray/AI/numJ/.tools/jmh/jmh-core-1.37.jar)
WARNING: Please consider reporting this to the maintainers of class org.openjdk.jmh.util.Utils
WARNING: sun.misc.Unsafe::objectFieldOffset will be removed in a future release
# Warmup Iteration   1: 243.640 ns/op
# Warmup Iteration   2: 239.992 ns/op
# Warmup Iteration   3: 157.060 ns/op
# Warmup Iteration   4: 142.093 ns/op
Iteration   1: 161.621 ns/op
Iteration   2: 148.172 ns/op
Iteration   3: 143.728 ns/op
Iteration   4: 141.570 ns/op
Iteration   5: 127.641 ns/op

# Run progress: 25.68% complete, ETA 00:07:17
# Fork: 2 of 2
WARNING: A terminally deprecated method in sun.misc.Unsafe has been called
WARNING: sun.misc.Unsafe::objectFieldOffset has been called by org.openjdk.jmh.util.Utils (file:/C:/Users/Hareram%20ray/AI/numJ/.tools/jmh/jmh-core-1.37.jar)
WARNING: Please consider reporting this to the maintainers of class org.openjdk.jmh.util.Utils
WARNING: sun.misc.Unsafe::objectFieldOffset will be removed in a future release
# Warmup Iteration   1: 224.340 ns/op
# Warmup Iteration   2: 159.163 ns/op
# Warmup Iteration   3: 148.226 ns/op
# Warmup Iteration   4: 151.265 ns/op
Iteration   1: 128.475 ns/op
Iteration   2: 125.944 ns/op
Iteration   3: 125.939 ns/op
Iteration   4: 126.788 ns/op
Iteration   5: 128.371 ns/op


Result "numj.SmallBench.add":
  135.825 ±(99.9%) 18.632 ns/op [Average]
  (min, avg, max) = (125.939, 135.825, 161.621), stdev = 12.324
  CI (99.9%): [117.193, 154.457] (assumes normal distribution)


# JMH version: 1.37
# VM version: JDK 25.0.4.1, OpenJDK 64-Bit Server VM, 25.0.4.1+1-LTS
# VM invoker: C:\Users\Hareram ray\AI\numJ\.tools\jdk\bin\java.exe
# VM options: --enable-native-access=ALL-UNNAMED --enable-native-access=ALL-UNNAMED -Xms1g -Xmx1g
# Blackhole mode: compiler (auto-detected, use -Djmh.blackhole.autoDetect=false to disable)
# Warmup: 4 iterations, 150 ms each
# Measurement: 5 iterations, 150 ms each
# Timeout: 10 min per iteration
# Threads: 1 thread, will synchronize iterations
# Benchmark mode: Average time, time/op
# Benchmark: numj.SmallBench.add
# Parameters: (n = 1, path = native)

# Run progress: 25.97% complete, ETA 00:07:15
# Fork: 1 of 2
WARNING: A terminally deprecated method in sun.misc.Unsafe has been called
WARNING: sun.misc.Unsafe::objectFieldOffset has been called by org.openjdk.jmh.util.Utils (file:/C:/Users/Hareram%20ray/AI/numJ/.tools/jmh/jmh-core-1.37.jar)
WARNING: Please consider reporting this to the maintainers of class org.openjdk.jmh.util.Utils
WARNING: sun.misc.Unsafe::objectFieldOffset will be removed in a future release
# Warmup Iteration   1: 1080.805 ns/op
# Warmup Iteration   2: 166.194 ns/op
# Warmup Iteration   3: 129.362 ns/op
# Warmup Iteration   4: 271.765 ns/op
Iteration   1: 136.594 ns/op
Iteration   2: 299.912 ns/op
Iteration   3: 180.679 ns/op
Iteration   4: 116.352 ns/op
Iteration   5: 153.038 ns/op

# Run progress: 26.26% complete, ETA 00:07:14
# Fork: 2 of 2
WARNING: A terminally deprecated method in sun.misc.Unsafe has been called
WARNING: sun.misc.Unsafe::objectFieldOffset has been called by org.openjdk.jmh.util.Utils (file:/C:/Users/Hareram%20ray/AI/numJ/.tools/jmh/jmh-core-1.37.jar)
WARNING: Please consider reporting this to the maintainers of class org.openjdk.jmh.util.Utils
WARNING: sun.misc.Unsafe::objectFieldOffset will be removed in a future release
# Warmup Iteration   1: 153000400.000 ns/op
# Warmup Iteration   2: 445.660 ns/op
# Warmup Iteration   3: 168.566 ns/op
# Warmup Iteration   4: 150.010 ns/op
Iteration   1: 133.717 ns/op
Iteration   2: 167.925 ns/op
Iteration   3: 207.147 ns/op
Iteration   4: 187.119 ns/op
Iteration   5: 160.415 ns/op


Result "numj.SmallBench.add":
  174.290 ±(99.9%) 78.355 ns/op [Average]
  (min, avg, max) = (116.352, 174.290, 299.912), stdev = 51.827
  CI (99.9%): [95.935, 252.645] (assumes normal distribution)


# JMH version: 1.37
# VM version: JDK 25.0.4.1, OpenJDK 64-Bit Server VM, 25.0.4.1+1-LTS
# VM invoker: C:\Users\Hareram ray\AI\numJ\.tools\jdk\bin\java.exe
# VM options: --enable-native-access=ALL-UNNAMED --enable-native-access=ALL-UNNAMED -Xms1g -Xmx1g
# Blackhole mode: compiler (auto-detected, use -Djmh.blackhole.autoDetect=false to disable)
# Warmup: 4 iterations, 150 ms each
# Measurement: 5 iterations, 150 ms each
# Timeout: 10 min per iteration
# Threads: 1 thread, will synchronize iterations
# Benchmark mode: Average time, time/op
# Benchmark: numj.SmallBench.add
# Parameters: (n = 4, path = java)

# Run progress: 26.55% complete, ETA 00:07:13
# Fork: 1 of 2
WARNING: A terminally deprecated method in sun.misc.Unsafe has been called
WARNING: sun.misc.Unsafe::objectFieldOffset has been called by org.openjdk.jmh.util.Utils (file:/C:/Users/Hareram%20ray/AI/numJ/.tools/jmh/jmh-core-1.37.jar)
WARNING: Please consider reporting this to the maintainers of class org.openjdk.jmh.util.Utils
WARNING: sun.misc.Unsafe::objectFieldOffset will be removed in a future release
# Warmup Iteration   1: 317.522 ns/op
# Warmup Iteration   2: 257.014 ns/op
# Warmup Iteration   3: 177.023 ns/op
# Warmup Iteration   4: 156.794 ns/op
Iteration   1: 169.551 ns/op
Iteration   2: 149.694 ns/op
Iteration   3: 152.708 ns/op
Iteration   4: 145.458 ns/op
Iteration   5: 171.152 ns/op

# Run progress: 26.85% complete, ETA 00:07:11
# Fork: 2 of 2
WARNING: A terminally deprecated method in sun.misc.Unsafe has been called
WARNING: sun.misc.Unsafe::objectFieldOffset has been called by org.openjdk.jmh.util.Utils (file:/C:/Users/Hareram%20ray/AI/numJ/.tools/jmh/jmh-core-1.37.jar)
WARNING: Please consider reporting this to the maintainers of class org.openjdk.jmh.util.Utils
WARNING: sun.misc.Unsafe::objectFieldOffset will be removed in a future release
# Warmup Iteration   1: 277.026 ns/op
# Warmup Iteration   2: 179.617 ns/op
# Warmup Iteration   3: 165.878 ns/op
# Warmup Iteration   4: 161.881 ns/op
Iteration   1: 146.383 ns/op
Iteration   2: 142.803 ns/op
Iteration   3: 147.064 ns/op
Iteration   4: 177.813 ns/op
Iteration   5: 150.336 ns/op


Result "numj.SmallBench.add":
  155.296 ±(99.9%) 19.020 ns/op [Average]
  (min, avg, max) = (142.803, 155.296, 177.813), stdev = 12.580
  CI (99.9%): [136.277, 174.316] (assumes normal distribution)


# JMH version: 1.37
# VM version: JDK 25.0.4.1, OpenJDK 64-Bit Server VM, 25.0.4.1+1-LTS
# VM invoker: C:\Users\Hareram ray\AI\numJ\.tools\jdk\bin\java.exe
# VM options: --enable-native-access=ALL-UNNAMED --enable-native-access=ALL-UNNAMED -Xms1g -Xmx1g
# Blackhole mode: compiler (auto-detected, use -Djmh.blackhole.autoDetect=false to disable)
# Warmup: 4 iterations, 150 ms each
# Measurement: 5 iterations, 150 ms each
# Timeout: 10 min per iteration
# Threads: 1 thread, will synchronize iterations
# Benchmark mode: Average time, time/op
# Benchmark: numj.SmallBench.add
# Parameters: (n = 4, path = native)

# Run progress: 27.14% complete, ETA 00:07:09
# Fork: 1 of 2
WARNING: A terminally deprecated method in sun.misc.Unsafe has been called
WARNING: sun.misc.Unsafe::objectFieldOffset has been called by org.openjdk.jmh.util.Utils (file:/C:/Users/Hareram%20ray/AI/numJ/.tools/jmh/jmh-core-1.37.jar)
WARNING: Please consider reporting this to the maintainers of class org.openjdk.jmh.util.Utils
WARNING: sun.misc.Unsafe::objectFieldOffset will be removed in a future release
# Warmup Iteration   1: 1532.387 ns/op
# Warmup Iteration   2: 244.326 ns/op
# Warmup Iteration   3: 156.404 ns/op
# Warmup Iteration   4: 165.152 ns/op
Iteration   1: 187.048 ns/op
Iteration   2: 179.508 ns/op
Iteration   3: 197.025 ns/op
Iteration   4: 245.183 ns/op
Iteration   5: 138.381 ns/op

# Run progress: 27.43% complete, ETA 00:07:08
# Fork: 2 of 2
WARNING: A terminally deprecated method in sun.misc.Unsafe has been called
WARNING: sun.misc.Unsafe::objectFieldOffset has been called by org.openjdk.jmh.util.Utils (file:/C:/Users/Hareram%20ray/AI/numJ/.tools/jmh/jmh-core-1.37.jar)
WARNING: Please consider reporting this to the maintainers of class org.openjdk.jmh.util.Utils
WARNING: sun.misc.Unsafe::objectFieldOffset will be removed in a future release
# Warmup Iteration   1: 3034.670 ns/op
# Warmup Iteration   2: 249.212 ns/op
# Warmup Iteration   3: 173.741 ns/op
# Warmup Iteration   4: 142.629 ns/op
Iteration   1: 145.312 ns/op
Iteration   2: 154.906 ns/op
Iteration   3: 135.788 ns/op
Iteration   4: 161.287 ns/op
Iteration   5: 148.669 ns/op


Result "numj.SmallBench.add":
  169.311 ±(99.9%) 51.140 ns/op [Average]
  (min, avg, max) = (135.788, 169.311, 245.183), stdev = 33.826
  CI (99.9%): [118.171, 220.450] (assumes normal distribution)


# JMH version: 1.37
# VM version: JDK 25.0.4.1, OpenJDK 64-Bit Server VM, 25.0.4.1+1-LTS
# VM invoker: C:\Users\Hareram ray\AI\numJ\.tools\jdk\bin\java.exe
# VM options: --enable-native-access=ALL-UNNAMED --enable-native-access=ALL-UNNAMED -Xms1g -Xmx1g
# Blackhole mode: compiler (auto-detected, use -Djmh.blackhole.autoDetect=false to disable)
# Warmup: 4 iterations, 150 ms each
# Measurement: 5 iterations, 150 ms each
# Timeout: 10 min per iteration
# Threads: 1 thread, will synchronize iterations
# Benchmark mode: Average time, time/op
# Benchmark: numj.SmallBench.add
# Parameters: (n = 16, path = java)

# Run progress: 27.72% complete, ETA 00:07:06
# Fork: 1 of 2
WARNING: A terminally deprecated method in sun.misc.Unsafe has been called
WARNING: sun.misc.Unsafe::objectFieldOffset has been called by org.openjdk.jmh.util.Utils (file:/C:/Users/Hareram%20ray/AI/numJ/.tools/jmh/jmh-core-1.37.jar)
WARNING: Please consider reporting this to the maintainers of class org.openjdk.jmh.util.Utils
WARNING: sun.misc.Unsafe::objectFieldOffset will be removed in a future release
# Warmup Iteration   1: 774.488 ns/op
# Warmup Iteration   2: 256.986 ns/op
# Warmup Iteration   3: 200.320 ns/op
# Warmup Iteration   4: 286.462 ns/op
Iteration   1: 349.271 ns/op
Iteration   2: 231.167 ns/op
Iteration   3: 168.811 ns/op
Iteration   4: 232.811 ns/op
Iteration   5: 915.226 ns/op

# Run progress: 28.01% complete, ETA 00:07:05
# Fork: 2 of 2
WARNING: A terminally deprecated method in sun.misc.Unsafe has been called
WARNING: sun.misc.Unsafe::objectFieldOffset has been called by org.openjdk.jmh.util.Utils (file:/C:/Users/Hareram%20ray/AI/numJ/.tools/jmh/jmh-core-1.37.jar)
WARNING: Please consider reporting this to the maintainers of class org.openjdk.jmh.util.Utils
WARNING: sun.misc.Unsafe::objectFieldOffset will be removed in a future release
# Warmup Iteration   1: 367.130 ns/op
# Warmup Iteration   2: 228.661 ns/op
# Warmup Iteration   3: 200.906 ns/op
# Warmup Iteration   4: 161.984 ns/op
Iteration   1: 180.687 ns/op
Iteration   2: 160.579 ns/op
Iteration   3: 152.457 ns/op
Iteration   4: 201.877 ns/op
Iteration   5: 190.971 ns/op


Result "numj.SmallBench.add":
  278.386 ±(99.9%) 349.032 ns/op [Average]
  (min, avg, max) = (152.457, 278.386, 915.226), stdev = 230.863
  CI (99.9%): [≈ 0, 627.418] (assumes normal distribution)


# JMH version: 1.37
# VM version: JDK 25.0.4.1, OpenJDK 64-Bit Server VM, 25.0.4.1+1-LTS
# VM invoker: C:\Users\Hareram ray\AI\numJ\.tools\jdk\bin\java.exe
# VM options: --enable-native-access=ALL-UNNAMED --enable-native-access=ALL-UNNAMED -Xms1g -Xmx1g
# Blackhole mode: compiler (auto-detected, use -Djmh.blackhole.autoDetect=false to disable)
# Warmup: 4 iterations, 150 ms each
# Measurement: 5 iterations, 150 ms each
# Timeout: 10 min per iteration
# Threads: 1 thread, will synchronize iterations
# Benchmark mode: Average time, time/op
# Benchmark: numj.SmallBench.add
# Parameters: (n = 16, path = native)

# Run progress: 28.30% complete, ETA 00:07:03
# Fork: 1 of 2
WARNING: A terminally deprecated method in sun.misc.Unsafe has been called
WARNING: sun.misc.Unsafe::objectFieldOffset has been called by org.openjdk.jmh.util.Utils (file:/C:/Users/Hareram%20ray/AI/numJ/.tools/jmh/jmh-core-1.37.jar)
WARNING: Please consider reporting this to the maintainers of class org.openjdk.jmh.util.Utils
WARNING: sun.misc.Unsafe::objectFieldOffset will be removed in a future release
# Warmup Iteration   1: 52777.925 ns/op
# Warmup Iteration   2: 429.912 ns/op
# Warmup Iteration   3: 249.545 ns/op
# Warmup Iteration   4: 157.824 ns/op
Iteration   1: 216.714 ns/op
Iteration   2: 199.077 ns/op
Iteration   3: 211.385 ns/op
Iteration   4: 169.178 ns/op
Iteration   5: 168.970 ns/op

# Run progress: 28.59% complete, ETA 00:07:02
# Fork: 2 of 2
WARNING: A terminally deprecated method in sun.misc.Unsafe has been called
WARNING: sun.misc.Unsafe::objectFieldOffset has been called by org.openjdk.jmh.util.Utils (file:/C:/Users/Hareram%20ray/AI/numJ/.tools/jmh/jmh-core-1.37.jar)
WARNING: Please consider reporting this to the maintainers of class org.openjdk.jmh.util.Utils
WARNING: sun.misc.Unsafe::objectFieldOffset will be removed in a future release
# Warmup Iteration   1: 2191.264 ns/op
# Warmup Iteration   2: 222.919 ns/op
# Warmup Iteration   3: 170.714 ns/op
# Warmup Iteration   4: 220.614 ns/op
Iteration   1: 371.450 ns/op
Iteration   2: 203.600 ns/op
Iteration   3: 215.155 ns/op
Iteration   4: 148.348 ns/op
Iteration   5: 162.353 ns/op


Result "numj.SmallBench.add":
  206.623 ±(99.9%) 95.095 ns/op [Average]
  (min, avg, max) = (148.348, 206.623, 371.450), stdev = 62.900
  CI (99.9%): [111.528, 301.718] (assumes normal distribution)


# JMH version: 1.37
# VM version: JDK 25.0.4.1, OpenJDK 64-Bit Server VM, 25.0.4.1+1-LTS
# VM invoker: C:\Users\Hareram ray\AI\numJ\.tools\jdk\bin\java.exe
# VM options: --enable-native-access=ALL-UNNAMED --enable-native-access=ALL-UNNAMED -Xms1g -Xmx1g
# Blackhole mode: compiler (auto-detected, use -Djmh.blackhole.autoDetect=false to disable)
# Warmup: 4 iterations, 150 ms each
# Measurement: 5 iterations, 150 ms each
# Timeout: 10 min per iteration
# Threads: 1 thread, will synchronize iterations
# Benchmark mode: Average time, time/op
# Benchmark: numj.SmallBench.add
# Parameters: (n = 32, path = java)

# Run progress: 28.89% complete, ETA 00:07:01
# Fork: 1 of 2
WARNING: A terminally deprecated method in sun.misc.Unsafe has been called
WARNING: sun.misc.Unsafe::objectFieldOffset has been called by org.openjdk.jmh.util.Utils (file:/C:/Users/Hareram%20ray/AI/numJ/.tools/jmh/jmh-core-1.37.jar)
WARNING: Please consider reporting this to the maintainers of class org.openjdk.jmh.util.Utils
WARNING: sun.misc.Unsafe::objectFieldOffset will be removed in a future release
# Warmup Iteration   1: 397.580 ns/op
# Warmup Iteration   2: 237.466 ns/op
# Warmup Iteration   3: 182.924 ns/op
# Warmup Iteration   4: 185.198 ns/op
Iteration   1: 208.382 ns/op
Iteration   2: 189.701 ns/op
Iteration   3: 184.384 ns/op
Iteration   4: 202.785 ns/op
Iteration   5: 190.117 ns/op

# Run progress: 29.18% complete, ETA 00:06:59
# Fork: 2 of 2
WARNING: A terminally deprecated method in sun.misc.Unsafe has been called
WARNING: sun.misc.Unsafe::objectFieldOffset has been called by org.openjdk.jmh.util.Utils (file:/C:/Users/Hareram%20ray/AI/numJ/.tools/jmh/jmh-core-1.37.jar)
WARNING: Please consider reporting this to the maintainers of class org.openjdk.jmh.util.Utils
WARNING: sun.misc.Unsafe::objectFieldOffset will be removed in a future release
# Warmup Iteration   1: 447.320 ns/op
# Warmup Iteration   2: 241.935 ns/op
# Warmup Iteration   3: 273.376 ns/op
# Warmup Iteration   4: 336.455 ns/op
Iteration   1: 409.040 ns/op
Iteration   2: 227.091 ns/op
Iteration   3: 204.101 ns/op
Iteration   4: 176.799 ns/op
Iteration   5: 182.298 ns/op


Result "numj.SmallBench.add":
  217.470 ±(99.9%) 104.226 ns/op [Average]
  (min, avg, max) = (176.799, 217.470, 409.040), stdev = 68.939
  CI (99.9%): [113.244, 321.696] (assumes normal distribution)


# JMH version: 1.37
# VM version: JDK 25.0.4.1, OpenJDK 64-Bit Server VM, 25.0.4.1+1-LTS
# VM invoker: C:\Users\Hareram ray\AI\numJ\.tools\jdk\bin\java.exe
# VM options: --enable-native-access=ALL-UNNAMED --enable-native-access=ALL-UNNAMED -Xms1g -Xmx1g
# Blackhole mode: compiler (auto-detected, use -Djmh.blackhole.autoDetect=false to disable)
# Warmup: 4 iterations, 150 ms each
# Measurement: 5 iterations, 150 ms each
# Timeout: 10 min per iteration
# Threads: 1 thread, will synchronize iterations
# Benchmark mode: Average time, time/op
# Benchmark: numj.SmallBench.add
# Parameters: (n = 32, path = native)

# Run progress: 29.47% complete, ETA 00:06:58
# Fork: 1 of 2
WARNING: A terminally deprecated method in sun.misc.Unsafe has been called
WARNING: sun.misc.Unsafe::objectFieldOffset has been called by org.openjdk.jmh.util.Utils (file:/C:/Users/Hareram%20ray/AI/numJ/.tools/jmh/jmh-core-1.37.jar)
WARNING: Please consider reporting this to the maintainers of class org.openjdk.jmh.util.Utils
WARNING: sun.misc.Unsafe::objectFieldOffset will be removed in a future release
# Warmup Iteration   1: 5789.253 ns/op
# Warmup Iteration   2: 319.940 ns/op
# Warmup Iteration   3: 202.277 ns/op
# Warmup Iteration   4: 142.241 ns/op
Iteration   1: 160.173 ns/op
Iteration   2: 160.540 ns/op
Iteration   3: 157.427 ns/op
Iteration   4: 141.937 ns/op
Iteration   5: 162.985 ns/op

# Run progress: 29.76% complete, ETA 00:06:56
# Fork: 2 of 2
WARNING: A terminally deprecated method in sun.misc.Unsafe has been called
WARNING: sun.misc.Unsafe::objectFieldOffset has been called by org.openjdk.jmh.util.Utils (file:/C:/Users/Hareram%20ray/AI/numJ/.tools/jmh/jmh-core-1.37.jar)
WARNING: Please consider reporting this to the maintainers of class org.openjdk.jmh.util.Utils
WARNING: sun.misc.Unsafe::objectFieldOffset will be removed in a future release
# Warmup Iteration   1: 3690.400 ns/op
# Warmup Iteration   2: 280.986 ns/op
# Warmup Iteration   3: 158.894 ns/op
# Warmup Iteration   4: 170.842 ns/op
Iteration   1: 156.791 ns/op
Iteration   2: 159.673 ns/op
Iteration   3: 145.462 ns/op
Iteration   4: 141.548 ns/op
Iteration   5: 139.525 ns/op


Result "numj.SmallBench.add":
  152.606 ±(99.9%) 14.047 ns/op [Average]
  (min, avg, max) = (139.525, 152.606, 162.985), stdev = 9.291
  CI (99.9%): [138.560, 166.653] (assumes normal distribution)


# JMH version: 1.37
# VM version: JDK 25.0.4.1, OpenJDK 64-Bit Server VM, 25.0.4.1+1-LTS
# VM invoker: C:\Users\Hareram ray\AI\numJ\.tools\jdk\bin\java.exe
# VM options: --enable-native-access=ALL-UNNAMED --enable-native-access=ALL-UNNAMED -Xms1g -Xmx1g
# Blackhole mode: compiler (auto-detected, use -Djmh.blackhole.autoDetect=false to disable)
# Warmup: 4 iterations, 150 ms each
# Measurement: 5 iterations, 150 ms each
# Timeout: 10 min per iteration
# Threads: 1 thread, will synchronize iterations
# Benchmark mode: Average time, time/op
# Benchmark: numj.SmallBench.add
# Parameters: (n = 64, path = java)

# Run progress: 30.05% complete, ETA 00:06:54
# Fork: 1 of 2
WARNING: A terminally deprecated method in sun.misc.Unsafe has been called
WARNING: sun.misc.Unsafe::objectFieldOffset has been called by org.openjdk.jmh.util.Utils (file:/C:/Users/Hareram%20ray/AI/numJ/.tools/jmh/jmh-core-1.37.jar)
WARNING: Please consider reporting this to the maintainers of class org.openjdk.jmh.util.Utils
WARNING: sun.misc.Unsafe::objectFieldOffset will be removed in a future release
# Warmup Iteration   1: 513.496 ns/op
# Warmup Iteration   2: 400.800 ns/op
# Warmup Iteration   3: 233.716 ns/op
# Warmup Iteration   4: 234.769 ns/op
Iteration   1: 212.979 ns/op
Iteration   2: 264.629 ns/op
Iteration   3: 215.893 ns/op
Iteration   4: 352.754 ns/op
Iteration   5: 351.722 ns/op

# Run progress: 30.34% complete, ETA 00:06:53
# Fork: 2 of 2
WARNING: A terminally deprecated method in sun.misc.Unsafe has been called
WARNING: sun.misc.Unsafe::objectFieldOffset has been called by org.openjdk.jmh.util.Utils (file:/C:/Users/Hareram%20ray/AI/numJ/.tools/jmh/jmh-core-1.37.jar)
WARNING: Please consider reporting this to the maintainers of class org.openjdk.jmh.util.Utils
WARNING: sun.misc.Unsafe::objectFieldOffset will be removed in a future release
# Warmup Iteration   1: 960.580 ns/op
# Warmup Iteration   2: 341.254 ns/op
# Warmup Iteration   3: 240.270 ns/op
# Warmup Iteration   4: 399.805 ns/op
Iteration   1: 226.088 ns/op
Iteration   2: 241.223 ns/op
Iteration   3: 231.888 ns/op
Iteration   4: 223.829 ns/op
Iteration   5: 225.103 ns/op


Result "numj.SmallBench.add":
  254.611 ±(99.9%) 80.825 ns/op [Average]
  (min, avg, max) = (212.979, 254.611, 352.754), stdev = 53.461
  CI (99.9%): [173.785, 335.436] (assumes normal distribution)


# JMH version: 1.37
# VM version: JDK 25.0.4.1, OpenJDK 64-Bit Server VM, 25.0.4.1+1-LTS
# VM invoker: C:\Users\Hareram ray\AI\numJ\.tools\jdk\bin\java.exe
# VM options: --enable-native-access=ALL-UNNAMED --enable-native-access=ALL-UNNAMED -Xms1g -Xmx1g
# Blackhole mode: compiler (auto-detected, use -Djmh.blackhole.autoDetect=false to disable)
# Warmup: 4 iterations, 150 ms each
# Measurement: 5 iterations, 150 ms each
# Timeout: 10 min per iteration
# Threads: 1 thread, will synchronize iterations
# Benchmark mode: Average time, time/op
# Benchmark: numj.SmallBench.add
# Parameters: (n = 64, path = native)

# Run progress: 30.63% complete, ETA 00:06:51
# Fork: 1 of 2
WARNING: A terminally deprecated method in sun.misc.Unsafe has been called
WARNING: sun.misc.Unsafe::objectFieldOffset has been called by org.openjdk.jmh.util.Utils (file:/C:/Users/Hareram%20ray/AI/numJ/.tools/jmh/jmh-core-1.37.jar)
WARNING: Please consider reporting this to the maintainers of class org.openjdk.jmh.util.Utils
WARNING: sun.misc.Unsafe::objectFieldOffset will be removed in a future release
# Warmup Iteration   1: 2585.859 ns/op
# Warmup Iteration   2: 276.815 ns/op
# Warmup Iteration   3: 188.605 ns/op
# Warmup Iteration   4: 156.949 ns/op
Iteration   1: 172.687 ns/op
Iteration   2: 291.562 ns/op
Iteration   3: 406.478 ns/op
Iteration   4: 184.368 ns/op
Iteration   5: 147.329 ns/op

# Run progress: 30.93% complete, ETA 00:06:50
# Fork: 2 of 2
WARNING: A terminally deprecated method in sun.misc.Unsafe has been called
WARNING: sun.misc.Unsafe::objectFieldOffset has been called by org.openjdk.jmh.util.Utils (file:/C:/Users/Hareram%20ray/AI/numJ/.tools/jmh/jmh-core-1.37.jar)
WARNING: Please consider reporting this to the maintainers of class org.openjdk.jmh.util.Utils
WARNING: sun.misc.Unsafe::objectFieldOffset will be removed in a future release
# Warmup Iteration   1: 2183.672 ns/op
# Warmup Iteration   2: 295.078 ns/op
# Warmup Iteration   3: 239.244 ns/op
# Warmup Iteration   4: 232.466 ns/op
Iteration   1: 217.378 ns/op
Iteration   2: 189.728 ns/op
Iteration   3: 264.024 ns/op
Iteration   4: 619.577 ns/op
Iteration   5: 202.286 ns/op


Result "numj.SmallBench.add":
  269.542 ±(99.9%) 217.914 ns/op [Average]
  (min, avg, max) = (147.329, 269.542, 619.577), stdev = 144.136
  CI (99.9%): [51.628, 487.456] (assumes normal distribution)


# JMH version: 1.37
# VM version: JDK 25.0.4.1, OpenJDK 64-Bit Server VM, 25.0.4.1+1-LTS
# VM invoker: C:\Users\Hareram ray\AI\numJ\.tools\jdk\bin\java.exe
# VM options: --enable-native-access=ALL-UNNAMED --enable-native-access=ALL-UNNAMED -Xms1g -Xmx1g
# Blackhole mode: compiler (auto-detected, use -Djmh.blackhole.autoDetect=false to disable)
# Warmup: 4 iterations, 150 ms each
# Measurement: 5 iterations, 150 ms each
# Timeout: 10 min per iteration
# Threads: 1 thread, will synchronize iterations
# Benchmark mode: Average time, time/op
# Benchmark: numj.SmallBench.add
# Parameters: (n = 128, path = java)

# Run progress: 31.22% complete, ETA 00:06:48
# Fork: 1 of 2
WARNING: A terminally deprecated method in sun.misc.Unsafe has been called
WARNING: sun.misc.Unsafe::objectFieldOffset has been called by org.openjdk.jmh.util.Utils (file:/C:/Users/Hareram%20ray/AI/numJ/.tools/jmh/jmh-core-1.37.jar)
WARNING: Please consider reporting this to the maintainers of class org.openjdk.jmh.util.Utils
WARNING: sun.misc.Unsafe::objectFieldOffset will be removed in a future release
# Warmup Iteration   1: 818.007 ns/op
# Warmup Iteration   2: 390.881 ns/op
# Warmup Iteration   3: 327.640 ns/op
# Warmup Iteration   4: 326.436 ns/op
Iteration   1: 479.350 ns/op
Iteration   2: 298.023 ns/op
Iteration   3: 304.207 ns/op
Iteration   4: 795.234 ns/op
Iteration   5: 308.841 ns/op

# Run progress: 31.51% complete, ETA 00:06:46
# Fork: 2 of 2
WARNING: A terminally deprecated method in sun.misc.Unsafe has been called
WARNING: sun.misc.Unsafe::objectFieldOffset has been called by org.openjdk.jmh.util.Utils (file:/C:/Users/Hareram%20ray/AI/numJ/.tools/jmh/jmh-core-1.37.jar)
WARNING: Please consider reporting this to the maintainers of class org.openjdk.jmh.util.Utils
WARNING: sun.misc.Unsafe::objectFieldOffset will be removed in a future release
# Warmup Iteration   1: 1076.715 ns/op
# Warmup Iteration   2: 405.227 ns/op
# Warmup Iteration   3: 457.747 ns/op
# Warmup Iteration   4: 368.666 ns/op
Iteration   1: 672.591 ns/op
Iteration   2: 554.525 ns/op
Iteration   3: 379.219 ns/op
Iteration   4: 375.480 ns/op
Iteration   5: 392.642 ns/op


Result "numj.SmallBench.add":
  456.011 ±(99.9%) 256.120 ns/op [Average]
  (min, avg, max) = (298.023, 456.011, 795.234), stdev = 169.408
  CI (99.9%): [199.891, 712.131] (assumes normal distribution)


# JMH version: 1.37
# VM version: JDK 25.0.4.1, OpenJDK 64-Bit Server VM, 25.0.4.1+1-LTS
# VM invoker: C:\Users\Hareram ray\AI\numJ\.tools\jdk\bin\java.exe
# VM options: --enable-native-access=ALL-UNNAMED --enable-native-access=ALL-UNNAMED -Xms1g -Xmx1g
# Blackhole mode: compiler (auto-detected, use -Djmh.blackhole.autoDetect=false to disable)
# Warmup: 4 iterations, 150 ms each
# Measurement: 5 iterations, 150 ms each
# Timeout: 10 min per iteration
# Threads: 1 thread, will synchronize iterations
# Benchmark mode: Average time, time/op
# Benchmark: numj.SmallBench.add
# Parameters: (n = 128, path = native)

# Run progress: 31.80% complete, ETA 00:06:45
# Fork: 1 of 2
WARNING: A terminally deprecated method in sun.misc.Unsafe has been called
WARNING: sun.misc.Unsafe::objectFieldOffset has been called by org.openjdk.jmh.util.Utils (file:/C:/Users/Hareram%20ray/AI/numJ/.tools/jmh/jmh-core-1.37.jar)
WARNING: Please consider reporting this to the maintainers of class org.openjdk.jmh.util.Utils
WARNING: sun.misc.Unsafe::objectFieldOffset will be removed in a future release
# Warmup Iteration   1: 11349.015 ns/op
# Warmup Iteration   2: 393.175 ns/op
# Warmup Iteration   3: 250.109 ns/op
# Warmup Iteration   4: 155.143 ns/op
Iteration   1: 189.527 ns/op
Iteration   2: 152.864 ns/op
Iteration   3: 198.513 ns/op
Iteration   4: 149.010 ns/op
Iteration   5: 144.976 ns/op

# Run progress: 32.09% complete, ETA 00:06:43
# Fork: 2 of 2
WARNING: A terminally deprecated method in sun.misc.Unsafe has been called
WARNING: sun.misc.Unsafe::objectFieldOffset has been called by org.openjdk.jmh.util.Utils (file:/C:/Users/Hareram%20ray/AI/numJ/.tools/jmh/jmh-core-1.37.jar)
WARNING: Please consider reporting this to the maintainers of class org.openjdk.jmh.util.Utils
WARNING: sun.misc.Unsafe::objectFieldOffset will be removed in a future release
# Warmup Iteration   1: 3263.689 ns/op
# Warmup Iteration   2: 312.856 ns/op
# Warmup Iteration   3: 165.388 ns/op
# Warmup Iteration   4: 212.858 ns/op
Iteration   1: 207.008 ns/op
Iteration   2: 214.414 ns/op
Iteration   3: 181.365 ns/op
Iteration   4: 153.157 ns/op
Iteration   5: 210.887 ns/op


Result "numj.SmallBench.add":
  180.172 ±(99.9%) 42.003 ns/op [Average]
  (min, avg, max) = (144.976, 180.172, 214.414), stdev = 27.783
  CI (99.9%): [138.169, 222.175] (assumes normal distribution)


# JMH version: 1.37
# VM version: JDK 25.0.4.1, OpenJDK 64-Bit Server VM, 25.0.4.1+1-LTS
# VM invoker: C:\Users\Hareram ray\AI\numJ\.tools\jdk\bin\java.exe
# VM options: --enable-native-access=ALL-UNNAMED --enable-native-access=ALL-UNNAMED -Xms1g -Xmx1g
# Blackhole mode: compiler (auto-detected, use -Djmh.blackhole.autoDetect=false to disable)
# Warmup: 4 iterations, 150 ms each
# Measurement: 5 iterations, 150 ms each
# Timeout: 10 min per iteration
# Threads: 1 thread, will synchronize iterations
# Benchmark mode: Average time, time/op
# Benchmark: numj.SmallBench.add
# Parameters: (n = 256, path = java)

# Run progress: 32.38% complete, ETA 00:06:42
# Fork: 1 of 2
WARNING: A terminally deprecated method in sun.misc.Unsafe has been called
WARNING: sun.misc.Unsafe::objectFieldOffset has been called by org.openjdk.jmh.util.Utils (file:/C:/Users/Hareram%20ray/AI/numJ/.tools/jmh/jmh-core-1.37.jar)
WARNING: Please consider reporting this to the maintainers of class org.openjdk.jmh.util.Utils
WARNING: sun.misc.Unsafe::objectFieldOffset will be removed in a future release
# Warmup Iteration   1: 1072.480 ns/op
# Warmup Iteration   2: 522.312 ns/op
# Warmup Iteration   3: 599.429 ns/op
# Warmup Iteration   4: 599.963 ns/op
Iteration   1: 651.048 ns/op
Iteration   2: 464.566 ns/op
Iteration   3: 572.994 ns/op
Iteration   4: 687.519 ns/op
Iteration   5: 557.472 ns/op

# Run progress: 32.67% complete, ETA 00:06:40
# Fork: 2 of 2
WARNING: A terminally deprecated method in sun.misc.Unsafe has been called
WARNING: sun.misc.Unsafe::objectFieldOffset has been called by org.openjdk.jmh.util.Utils (file:/C:/Users/Hareram%20ray/AI/numJ/.tools/jmh/jmh-core-1.37.jar)
WARNING: Please consider reporting this to the maintainers of class org.openjdk.jmh.util.Utils
WARNING: sun.misc.Unsafe::objectFieldOffset will be removed in a future release
# Warmup Iteration   1: 1898.363 ns/op
# Warmup Iteration   2: 741.292 ns/op
# Warmup Iteration   3: 1015.559 ns/op
# Warmup Iteration   4: 588.507 ns/op
Iteration   1: 559.114 ns/op
Iteration   2: 449.730 ns/op
Iteration   3: 520.573 ns/op
Iteration   4: 496.989 ns/op
Iteration   5: 468.098 ns/op


Result "numj.SmallBench.add":
  542.810 ±(99.9%) 120.328 ns/op [Average]
  (min, avg, max) = (449.730, 542.810, 687.519), stdev = 79.589
  CI (99.9%): [422.483, 663.138] (assumes normal distribution)


# JMH version: 1.37
# VM version: JDK 25.0.4.1, OpenJDK 64-Bit Server VM, 25.0.4.1+1-LTS
# VM invoker: C:\Users\Hareram ray\AI\numJ\.tools\jdk\bin\java.exe
# VM options: --enable-native-access=ALL-UNNAMED --enable-native-access=ALL-UNNAMED -Xms1g -Xmx1g
# Blackhole mode: compiler (auto-detected, use -Djmh.blackhole.autoDetect=false to disable)
# Warmup: 4 iterations, 150 ms each
# Measurement: 5 iterations, 150 ms each
# Timeout: 10 min per iteration
# Threads: 1 thread, will synchronize iterations
# Benchmark mode: Average time, time/op
# Benchmark: numj.SmallBench.add
# Parameters: (n = 256, path = native)

# Run progress: 32.97% complete, ETA 00:06:39
# Fork: 1 of 2
WARNING: A terminally deprecated method in sun.misc.Unsafe has been called
WARNING: sun.misc.Unsafe::objectFieldOffset has been called by org.openjdk.jmh.util.Utils (file:/C:/Users/Hareram%20ray/AI/numJ/.tools/jmh/jmh-core-1.37.jar)
WARNING: Please consider reporting this to the maintainers of class org.openjdk.jmh.util.Utils
WARNING: sun.misc.Unsafe::objectFieldOffset will be removed in a future release
# Warmup Iteration   1: 5281.196 ns/op
# Warmup Iteration   2: 286.085 ns/op
# Warmup Iteration   3: 193.224 ns/op
# Warmup Iteration   4: 200.123 ns/op
Iteration   1: 322.150 ns/op
Iteration   2: 288.998 ns/op
Iteration   3: 548.775 ns/op
Iteration   4: 429.169 ns/op
Iteration   5: 303.823 ns/op

# Run progress: 33.26% complete, ETA 00:06:37
# Fork: 2 of 2
WARNING: A terminally deprecated method in sun.misc.Unsafe has been called
WARNING: sun.misc.Unsafe::objectFieldOffset has been called by org.openjdk.jmh.util.Utils (file:/C:/Users/Hareram%20ray/AI/numJ/.tools/jmh/jmh-core-1.37.jar)
WARNING: Please consider reporting this to the maintainers of class org.openjdk.jmh.util.Utils
WARNING: sun.misc.Unsafe::objectFieldOffset will be removed in a future release
# Warmup Iteration   1: 321414600.000 ns/op
# Warmup Iteration   2: 1835.068 ns/op
# Warmup Iteration   3: 469.978 ns/op
# Warmup Iteration   4: 253.258 ns/op
Iteration   1: 201.118 ns/op
Iteration   2: 327.012 ns/op
Iteration   3: 297.872 ns/op
Iteration   4: 312.560 ns/op
Iteration   5: 212.533 ns/op


Result "numj.SmallBench.add":
  324.401 ±(99.9%) 152.495 ns/op [Average]
  (min, avg, max) = (201.118, 324.401, 548.775), stdev = 100.866
  CI (99.9%): [171.906, 476.897] (assumes normal distribution)


# JMH version: 1.37
# VM version: JDK 25.0.4.1, OpenJDK 64-Bit Server VM, 25.0.4.1+1-LTS
# VM invoker: C:\Users\Hareram ray\AI\numJ\.tools\jdk\bin\java.exe
# VM options: --enable-native-access=ALL-UNNAMED --enable-native-access=ALL-UNNAMED -Xms1g -Xmx1g
# Blackhole mode: compiler (auto-detected, use -Djmh.blackhole.autoDetect=false to disable)
# Warmup: 4 iterations, 150 ms each
# Measurement: 5 iterations, 150 ms each
# Timeout: 10 min per iteration
# Threads: 1 thread, will synchronize iterations
# Benchmark mode: Average time, time/op
# Benchmark: numj.SmallBench.add
# Parameters: (n = 1024, path = java)

# Run progress: 33.55% complete, ETA 00:06:37
# Fork: 1 of 2
WARNING: A terminally deprecated method in sun.misc.Unsafe has been called
WARNING: sun.misc.Unsafe::objectFieldOffset has been called by org.openjdk.jmh.util.Utils (file:/C:/Users/Hareram%20ray/AI/numJ/.tools/jmh/jmh-core-1.37.jar)
WARNING: Please consider reporting this to the maintainers of class org.openjdk.jmh.util.Utils
WARNING: sun.misc.Unsafe::objectFieldOffset will be removed in a future release
# Warmup Iteration   1: 17069.453 ns/op
# Warmup Iteration   2: 2425.225 ns/op
# Warmup Iteration   3: 1854.455 ns/op
# Warmup Iteration   4: 2024.175 ns/op
Iteration   1: 1877.950 ns/op
Iteration   2: 1739.067 ns/op
Iteration   3: 1419.290 ns/op
Iteration   4: 1471.783 ns/op
Iteration   5: 1787.043 ns/op

# Run progress: 33.84% complete, ETA 00:06:35
# Fork: 2 of 2
WARNING: A terminally deprecated method in sun.misc.Unsafe has been called
WARNING: sun.misc.Unsafe::objectFieldOffset has been called by org.openjdk.jmh.util.Utils (file:/C:/Users/Hareram%20ray/AI/numJ/.tools/jmh/jmh-core-1.37.jar)
WARNING: Please consider reporting this to the maintainers of class org.openjdk.jmh.util.Utils
WARNING: sun.misc.Unsafe::objectFieldOffset will be removed in a future release
# Warmup Iteration   1: 3567.031 ns/op
# Warmup Iteration   2: 1268.977 ns/op
# Warmup Iteration   3: 1379.673 ns/op
# Warmup Iteration   4: 1301.511 ns/op
Iteration   1: 5751.777 ns/op
Iteration   2: 3118.357 ns/op
Iteration   3: 1826.079 ns/op
Iteration   4: 1896.582 ns/op
Iteration   5: 1339.845 ns/op


Result "numj.SmallBench.add":
  2222.777 ±(99.9%) 2019.056 ns/op [Average]
  (min, avg, max) = (1339.845, 2222.777, 5751.777), stdev = 1335.480
  CI (99.9%): [203.722, 4241.833] (assumes normal distribution)


# JMH version: 1.37
# VM version: JDK 25.0.4.1, OpenJDK 64-Bit Server VM, 25.0.4.1+1-LTS
# VM invoker: C:\Users\Hareram ray\AI\numJ\.tools\jdk\bin\java.exe
# VM options: --enable-native-access=ALL-UNNAMED --enable-native-access=ALL-UNNAMED -Xms1g -Xmx1g
# Blackhole mode: compiler (auto-detected, use -Djmh.blackhole.autoDetect=false to disable)
# Warmup: 4 iterations, 150 ms each
# Measurement: 5 iterations, 150 ms each
# Timeout: 10 min per iteration
# Threads: 1 thread, will synchronize iterations
# Benchmark mode: Average time, time/op
# Benchmark: numj.SmallBench.add
# Parameters: (n = 1024, path = native)

# Run progress: 34.13% complete, ETA 00:06:34
# Fork: 1 of 2
WARNING: A terminally deprecated method in sun.misc.Unsafe has been called
WARNING: sun.misc.Unsafe::objectFieldOffset has been called by org.openjdk.jmh.util.Utils (file:/C:/Users/Hareram%20ray/AI/numJ/.tools/jmh/jmh-core-1.37.jar)
WARNING: Please consider reporting this to the maintainers of class org.openjdk.jmh.util.Utils
WARNING: sun.misc.Unsafe::objectFieldOffset will be removed in a future release
# Warmup Iteration   1: 239973500.000 ns/op
# Warmup Iteration   2: 1172.670 ns/op
# Warmup Iteration   3: 354.699 ns/op
# Warmup Iteration   4: 308.770 ns/op
Iteration   1: 339.150 ns/op
Iteration   2: 293.555 ns/op
Iteration   3: 550.245 ns/op
Iteration   4: 273.027 ns/op
Iteration   5: 318.677 ns/op

# Run progress: 34.42% complete, ETA 00:06:33
# Fork: 2 of 2
WARNING: A terminally deprecated method in sun.misc.Unsafe has been called
WARNING: sun.misc.Unsafe::objectFieldOffset has been called by org.openjdk.jmh.util.Utils (file:/C:/Users/Hareram%20ray/AI/numJ/.tools/jmh/jmh-core-1.37.jar)
WARNING: Please consider reporting this to the maintainers of class org.openjdk.jmh.util.Utils
WARNING: sun.misc.Unsafe::objectFieldOffset will be removed in a future release
# Warmup Iteration   1: 5341.536 ns/op
# Warmup Iteration   2: 365.254 ns/op
# Warmup Iteration   3: 286.055 ns/op
# Warmup Iteration   4: 336.799 ns/op
Iteration   1: 311.573 ns/op
Iteration   2: 476.596 ns/op
Iteration   3: 494.798 ns/op
Iteration   4: 342.215 ns/op
Iteration   5: 568.608 ns/op


Result "numj.SmallBench.add":
  396.844 ±(99.9%) 170.663 ns/op [Average]
  (min, avg, max) = (273.027, 396.844, 568.608), stdev = 112.883
  CI (99.9%): [226.181, 567.508] (assumes normal distribution)


# JMH version: 1.37
# VM version: JDK 25.0.4.1, OpenJDK 64-Bit Server VM, 25.0.4.1+1-LTS
# VM invoker: C:\Users\Hareram ray\AI\numJ\.tools\jdk\bin\java.exe
# VM options: --enable-native-access=ALL-UNNAMED --enable-native-access=ALL-UNNAMED -Xms1g -Xmx1g
# Blackhole mode: compiler (auto-detected, use -Djmh.blackhole.autoDetect=false to disable)
# Warmup: 4 iterations, 150 ms each
# Measurement: 5 iterations, 150 ms each
# Timeout: 10 min per iteration
# Threads: 1 thread, will synchronize iterations
# Benchmark mode: Average time, time/op
# Benchmark: numj.SmallBench.addStrided
# Parameters: (n = 1, path = java)

# Run progress: 34.72% complete, ETA 00:06:32
# Fork: 1 of 2
WARNING: A terminally deprecated method in sun.misc.Unsafe has been called
WARNING: sun.misc.Unsafe::objectFieldOffset has been called by org.openjdk.jmh.util.Utils (file:/C:/Users/Hareram%20ray/AI/numJ/.tools/jmh/jmh-core-1.37.jar)
WARNING: Please consider reporting this to the maintainers of class org.openjdk.jmh.util.Utils
WARNING: sun.misc.Unsafe::objectFieldOffset will be removed in a future release
# Warmup Iteration   1: 307.943 ns/op
# Warmup Iteration   2: 149.781 ns/op
# Warmup Iteration   3: 212.395 ns/op
# Warmup Iteration   4: 215.202 ns/op
Iteration   1: 362.280 ns/op
Iteration   2: 269.804 ns/op
Iteration   3: 327.555 ns/op
Iteration   4: 283.384 ns/op
Iteration   5: 171.451 ns/op

# Run progress: 35.01% complete, ETA 00:06:31
# Fork: 2 of 2
WARNING: A terminally deprecated method in sun.misc.Unsafe has been called
WARNING: sun.misc.Unsafe::objectFieldOffset has been called by org.openjdk.jmh.util.Utils (file:/C:/Users/Hareram%20ray/AI/numJ/.tools/jmh/jmh-core-1.37.jar)
WARNING: Please consider reporting this to the maintainers of class org.openjdk.jmh.util.Utils
WARNING: sun.misc.Unsafe::objectFieldOffset will be removed in a future release
# Warmup Iteration   1: 248.575 ns/op
# Warmup Iteration   2: 149.247 ns/op
# Warmup Iteration   3: 466.597 ns/op
# Warmup Iteration   4: 552.452 ns/op
Iteration   1: 327.176 ns/op
Iteration   2: 262.207 ns/op
Iteration   3: 302.650 ns/op
Iteration   4: 176.730 ns/op
Iteration   5: 198.829 ns/op


Result "numj.SmallBench.addStrided":
  268.206 ±(99.9%) 100.598 ns/op [Average]
  (min, avg, max) = (171.451, 268.206, 362.280), stdev = 66.539
  CI (99.9%): [167.608, 368.805] (assumes normal distribution)


# JMH version: 1.37
# VM version: JDK 25.0.4.1, OpenJDK 64-Bit Server VM, 25.0.4.1+1-LTS
# VM invoker: C:\Users\Hareram ray\AI\numJ\.tools\jdk\bin\java.exe
# VM options: --enable-native-access=ALL-UNNAMED --enable-native-access=ALL-UNNAMED -Xms1g -Xmx1g
# Blackhole mode: compiler (auto-detected, use -Djmh.blackhole.autoDetect=false to disable)
# Warmup: 4 iterations, 150 ms each
# Measurement: 5 iterations, 150 ms each
# Timeout: 10 min per iteration
# Threads: 1 thread, will synchronize iterations
# Benchmark mode: Average time, time/op
# Benchmark: numj.SmallBench.addStrided
# Parameters: (n = 1, path = native)

# Run progress: 35.30% complete, ETA 00:06:29
# Fork: 1 of 2
WARNING: A terminally deprecated method in sun.misc.Unsafe has been called
WARNING: sun.misc.Unsafe::objectFieldOffset has been called by org.openjdk.jmh.util.Utils (file:/C:/Users/Hareram%20ray/AI/numJ/.tools/jmh/jmh-core-1.37.jar)
WARNING: Please consider reporting this to the maintainers of class org.openjdk.jmh.util.Utils
WARNING: sun.misc.Unsafe::objectFieldOffset will be removed in a future release
# Warmup Iteration   1: 402461300.000 ns/op
# Warmup Iteration   2: 871.946 ns/op
# Warmup Iteration   3: 224.891 ns/op
# Warmup Iteration   4: 207.053 ns/op
Iteration   1: 243.323 ns/op
Iteration   2: 189.653 ns/op
Iteration   3: 207.462 ns/op
Iteration   4: 295.111 ns/op
Iteration   5: 169.092 ns/op

# Run progress: 35.59% complete, ETA 00:06:29
# Fork: 2 of 2
WARNING: A terminally deprecated method in sun.misc.Unsafe has been called
WARNING: sun.misc.Unsafe::objectFieldOffset has been called by org.openjdk.jmh.util.Utils (file:/C:/Users/Hareram%20ray/AI/numJ/.tools/jmh/jmh-core-1.37.jar)
WARNING: Please consider reporting this to the maintainers of class org.openjdk.jmh.util.Utils
WARNING: sun.misc.Unsafe::objectFieldOffset will be removed in a future release
# Warmup Iteration   1: 4697.229 ns/op
# Warmup Iteration   2: 218.279 ns/op
# Warmup Iteration   3: 136.527 ns/op
# Warmup Iteration   4: 156.952 ns/op
Iteration   1: 136.925 ns/op
Iteration   2: 131.829 ns/op
Iteration   3: 124.833 ns/op
Iteration   4: 126.008 ns/op
Iteration   5: 125.313 ns/op


Result "numj.SmallBench.addStrided":
  174.955 ±(99.9%) 88.869 ns/op [Average]
  (min, avg, max) = (124.833, 174.955, 295.111), stdev = 58.781
  CI (99.9%): [86.086, 263.824] (assumes normal distribution)


# JMH version: 1.37
# VM version: JDK 25.0.4.1, OpenJDK 64-Bit Server VM, 25.0.4.1+1-LTS
# VM invoker: C:\Users\Hareram ray\AI\numJ\.tools\jdk\bin\java.exe
# VM options: --enable-native-access=ALL-UNNAMED --enable-native-access=ALL-UNNAMED -Xms1g -Xmx1g
# Blackhole mode: compiler (auto-detected, use -Djmh.blackhole.autoDetect=false to disable)
# Warmup: 4 iterations, 150 ms each
# Measurement: 5 iterations, 150 ms each
# Timeout: 10 min per iteration
# Threads: 1 thread, will synchronize iterations
# Benchmark mode: Average time, time/op
# Benchmark: numj.SmallBench.addStrided
# Parameters: (n = 4, path = java)

# Run progress: 35.88% complete, ETA 00:06:28
# Fork: 1 of 2
WARNING: A terminally deprecated method in sun.misc.Unsafe has been called
WARNING: sun.misc.Unsafe::objectFieldOffset has been called by org.openjdk.jmh.util.Utils (file:/C:/Users/Hareram%20ray/AI/numJ/.tools/jmh/jmh-core-1.37.jar)
WARNING: Please consider reporting this to the maintainers of class org.openjdk.jmh.util.Utils
WARNING: sun.misc.Unsafe::objectFieldOffset will be removed in a future release
# Warmup Iteration   1: 310.058 ns/op
# Warmup Iteration   2: 177.674 ns/op
# Warmup Iteration   3: 164.108 ns/op
# Warmup Iteration   4: 166.118 ns/op
Iteration   1: 214.745 ns/op
Iteration   2: 213.997 ns/op
Iteration   3: 289.247 ns/op
Iteration   4: 282.497 ns/op
Iteration   5: 239.034 ns/op

# Run progress: 36.17% complete, ETA 00:06:26
# Fork: 2 of 2
WARNING: A terminally deprecated method in sun.misc.Unsafe has been called
WARNING: sun.misc.Unsafe::objectFieldOffset has been called by org.openjdk.jmh.util.Utils (file:/C:/Users/Hareram%20ray/AI/numJ/.tools/jmh/jmh-core-1.37.jar)
WARNING: Please consider reporting this to the maintainers of class org.openjdk.jmh.util.Utils
WARNING: sun.misc.Unsafe::objectFieldOffset will be removed in a future release
# Warmup Iteration   1: 573.374 ns/op
# Warmup Iteration   2: 256.992 ns/op
# Warmup Iteration   3: 216.418 ns/op
# Warmup Iteration   4: 303.070 ns/op
Iteration   1: 269.213 ns/op
Iteration   2: 378.015 ns/op
Iteration   3: 325.313 ns/op
Iteration   4: 240.689 ns/op
Iteration   5: 237.501 ns/op


Result "numj.SmallBench.addStrided":
  269.025 ±(99.9%) 78.571 ns/op [Average]
  (min, avg, max) = (213.997, 269.025, 378.015), stdev = 51.970
  CI (99.9%): [190.454, 347.596] (assumes normal distribution)


# JMH version: 1.37
# VM version: JDK 25.0.4.1, OpenJDK 64-Bit Server VM, 25.0.4.1+1-LTS
# VM invoker: C:\Users\Hareram ray\AI\numJ\.tools\jdk\bin\java.exe
# VM options: --enable-native-access=ALL-UNNAMED --enable-native-access=ALL-UNNAMED -Xms1g -Xmx1g
# Blackhole mode: compiler (auto-detected, use -Djmh.blackhole.autoDetect=false to disable)
# Warmup: 4 iterations, 150 ms each
# Measurement: 5 iterations, 150 ms each
# Timeout: 10 min per iteration
# Threads: 1 thread, will synchronize iterations
# Benchmark mode: Average time, time/op
# Benchmark: numj.SmallBench.addStrided
# Parameters: (n = 4, path = native)

# Run progress: 36.46% complete, ETA 00:06:24
# Fork: 1 of 2
WARNING: A terminally deprecated method in sun.misc.Unsafe has been called
WARNING: sun.misc.Unsafe::objectFieldOffset has been called by org.openjdk.jmh.util.Utils (file:/C:/Users/Hareram%20ray/AI/numJ/.tools/jmh/jmh-core-1.37.jar)
WARNING: Please consider reporting this to the maintainers of class org.openjdk.jmh.util.Utils
WARNING: sun.misc.Unsafe::objectFieldOffset will be removed in a future release
# Warmup Iteration   1: 224453300.000 ns/op
# Warmup Iteration   2: 3443.214 ns/op
# Warmup Iteration   3: 1120.429 ns/op
# Warmup Iteration   4: 349.616 ns/op
Iteration   1: 226.793 ns/op
Iteration   2: 255.656 ns/op
Iteration   3: 246.124 ns/op
Iteration   4: 213.638 ns/op
Iteration   5: 278.709 ns/op

# Run progress: 36.76% complete, ETA 00:06:23
# Fork: 2 of 2
WARNING: A terminally deprecated method in sun.misc.Unsafe has been called
WARNING: sun.misc.Unsafe::objectFieldOffset has been called by org.openjdk.jmh.util.Utils (file:/C:/Users/Hareram%20ray/AI/numJ/.tools/jmh/jmh-core-1.37.jar)
WARNING: Please consider reporting this to the maintainers of class org.openjdk.jmh.util.Utils
WARNING: sun.misc.Unsafe::objectFieldOffset will be removed in a future release
# Warmup Iteration   1: 16082.117 ns/op
# Warmup Iteration   2: 523.458 ns/op
# Warmup Iteration   3: 244.902 ns/op
# Warmup Iteration   4: 217.798 ns/op
Iteration   1: 364.267 ns/op
Iteration   2: 242.856 ns/op
Iteration   3: 203.344 ns/op
Iteration   4: 223.642 ns/op
Iteration   5: 228.508 ns/op


Result "numj.SmallBench.addStrided":
  248.354 ±(99.9%) 69.732 ns/op [Average]
  (min, avg, max) = (203.344, 248.354, 364.267), stdev = 46.123
  CI (99.9%): [178.622, 318.086] (assumes normal distribution)


# JMH version: 1.37
# VM version: JDK 25.0.4.1, OpenJDK 64-Bit Server VM, 25.0.4.1+1-LTS
# VM invoker: C:\Users\Hareram ray\AI\numJ\.tools\jdk\bin\java.exe
# VM options: --enable-native-access=ALL-UNNAMED --enable-native-access=ALL-UNNAMED -Xms1g -Xmx1g
# Blackhole mode: compiler (auto-detected, use -Djmh.blackhole.autoDetect=false to disable)
# Warmup: 4 iterations, 150 ms each
# Measurement: 5 iterations, 150 ms each
# Timeout: 10 min per iteration
# Threads: 1 thread, will synchronize iterations
# Benchmark mode: Average time, time/op
# Benchmark: numj.SmallBench.addStrided
# Parameters: (n = 16, path = java)

# Run progress: 37.05% complete, ETA 00:06:21
# Fork: 1 of 2
WARNING: A terminally deprecated method in sun.misc.Unsafe has been called
WARNING: sun.misc.Unsafe::objectFieldOffset has been called by org.openjdk.jmh.util.Utils (file:/C:/Users/Hareram%20ray/AI/numJ/.tools/jmh/jmh-core-1.37.jar)
WARNING: Please consider reporting this to the maintainers of class org.openjdk.jmh.util.Utils
WARNING: sun.misc.Unsafe::objectFieldOffset will be removed in a future release
# Warmup Iteration   1: 367.892 ns/op
# Warmup Iteration   2: 211.755 ns/op
# Warmup Iteration   3: 171.157 ns/op
# Warmup Iteration   4: 164.219 ns/op
Iteration   1: 249.485 ns/op
Iteration   2: 160.458 ns/op
Iteration   3: 160.214 ns/op
Iteration   4: 155.823 ns/op
Iteration   5: 156.354 ns/op

# Run progress: 37.34% complete, ETA 00:06:19
# Fork: 2 of 2
WARNING: A terminally deprecated method in sun.misc.Unsafe has been called
WARNING: sun.misc.Unsafe::objectFieldOffset has been called by org.openjdk.jmh.util.Utils (file:/C:/Users/Hareram%20ray/AI/numJ/.tools/jmh/jmh-core-1.37.jar)
WARNING: Please consider reporting this to the maintainers of class org.openjdk.jmh.util.Utils
WARNING: sun.misc.Unsafe::objectFieldOffset will be removed in a future release
# Warmup Iteration   1: 322.908 ns/op
# Warmup Iteration   2: 193.249 ns/op
# Warmup Iteration   3: 182.825 ns/op
# Warmup Iteration   4: 192.770 ns/op
Iteration   1: 172.251 ns/op
Iteration   2: 170.300 ns/op
Iteration   3: 153.627 ns/op
Iteration   4: 162.777 ns/op
Iteration   5: 174.682 ns/op


Result "numj.SmallBench.addStrided":
  171.597 ±(99.9%) 42.803 ns/op [Average]
  (min, avg, max) = (153.627, 171.597, 249.485), stdev = 28.311
  CI (99.9%): [128.794, 214.400] (assumes normal distribution)


# JMH version: 1.37
# VM version: JDK 25.0.4.1, OpenJDK 64-Bit Server VM, 25.0.4.1+1-LTS
# VM invoker: C:\Users\Hareram ray\AI\numJ\.tools\jdk\bin\java.exe
# VM options: --enable-native-access=ALL-UNNAMED --enable-native-access=ALL-UNNAMED -Xms1g -Xmx1g
# Blackhole mode: compiler (auto-detected, use -Djmh.blackhole.autoDetect=false to disable)
# Warmup: 4 iterations, 150 ms each
# Measurement: 5 iterations, 150 ms each
# Timeout: 10 min per iteration
# Threads: 1 thread, will synchronize iterations
# Benchmark mode: Average time, time/op
# Benchmark: numj.SmallBench.addStrided
# Parameters: (n = 16, path = native)

# Run progress: 37.63% complete, ETA 00:06:17
# Fork: 1 of 2
WARNING: A terminally deprecated method in sun.misc.Unsafe has been called
WARNING: sun.misc.Unsafe::objectFieldOffset has been called by org.openjdk.jmh.util.Utils (file:/C:/Users/Hareram%20ray/AI/numJ/.tools/jmh/jmh-core-1.37.jar)
WARNING: Please consider reporting this to the maintainers of class org.openjdk.jmh.util.Utils
WARNING: sun.misc.Unsafe::objectFieldOffset will be removed in a future release
# Warmup Iteration   1: 3012.945 ns/op
# Warmup Iteration   2: 440.490 ns/op
# Warmup Iteration   3: 245.673 ns/op
# Warmup Iteration   4: 227.644 ns/op
Iteration   1: 211.594 ns/op
Iteration   2: 227.818 ns/op
Iteration   3: 241.294 ns/op
Iteration   4: 231.343 ns/op
Iteration   5: 212.527 ns/op

# Run progress: 37.92% complete, ETA 00:06:16
# Fork: 2 of 2
WARNING: A terminally deprecated method in sun.misc.Unsafe has been called
WARNING: sun.misc.Unsafe::objectFieldOffset has been called by org.openjdk.jmh.util.Utils (file:/C:/Users/Hareram%20ray/AI/numJ/.tools/jmh/jmh-core-1.37.jar)
WARNING: Please consider reporting this to the maintainers of class org.openjdk.jmh.util.Utils
WARNING: sun.misc.Unsafe::objectFieldOffset will be removed in a future release
# Warmup Iteration   1: 6463.336 ns/op
# Warmup Iteration   2: 562.697 ns/op
# Warmup Iteration   3: 288.768 ns/op
# Warmup Iteration   4: 225.242 ns/op
Iteration   1: 219.886 ns/op
Iteration   2: 226.098 ns/op
Iteration   3: 204.235 ns/op
Iteration   4: 229.746 ns/op
Iteration   5: 209.569 ns/op


Result "numj.SmallBench.addStrided":
  221.411 ±(99.9%) 17.741 ns/op [Average]
  (min, avg, max) = (204.235, 221.411, 241.294), stdev = 11.735
  CI (99.9%): [203.670, 239.152] (assumes normal distribution)


# JMH version: 1.37
# VM version: JDK 25.0.4.1, OpenJDK 64-Bit Server VM, 25.0.4.1+1-LTS
# VM invoker: C:\Users\Hareram ray\AI\numJ\.tools\jdk\bin\java.exe
# VM options: --enable-native-access=ALL-UNNAMED --enable-native-access=ALL-UNNAMED -Xms1g -Xmx1g
# Blackhole mode: compiler (auto-detected, use -Djmh.blackhole.autoDetect=false to disable)
# Warmup: 4 iterations, 150 ms each
# Measurement: 5 iterations, 150 ms each
# Timeout: 10 min per iteration
# Threads: 1 thread, will synchronize iterations
# Benchmark mode: Average time, time/op
# Benchmark: numj.SmallBench.addStrided
# Parameters: (n = 32, path = java)

# Run progress: 38.21% complete, ETA 00:06:14
# Fork: 1 of 2
WARNING: A terminally deprecated method in sun.misc.Unsafe has been called
WARNING: sun.misc.Unsafe::objectFieldOffset has been called by org.openjdk.jmh.util.Utils (file:/C:/Users/Hareram%20ray/AI/numJ/.tools/jmh/jmh-core-1.37.jar)
WARNING: Please consider reporting this to the maintainers of class org.openjdk.jmh.util.Utils
WARNING: sun.misc.Unsafe::objectFieldOffset will be removed in a future release
# Warmup Iteration   1: 354.749 ns/op
# Warmup Iteration   2: 225.006 ns/op
# Warmup Iteration   3: 179.757 ns/op
# Warmup Iteration   4: 180.801 ns/op
Iteration   1: 229.808 ns/op
Iteration   2: 177.902 ns/op
Iteration   3: 175.516 ns/op
Iteration   4: 177.516 ns/op
Iteration   5: 174.486 ns/op

# Run progress: 38.50% complete, ETA 00:06:12
# Fork: 2 of 2
WARNING: A terminally deprecated method in sun.misc.Unsafe has been called
WARNING: sun.misc.Unsafe::objectFieldOffset has been called by org.openjdk.jmh.util.Utils (file:/C:/Users/Hareram%20ray/AI/numJ/.tools/jmh/jmh-core-1.37.jar)
WARNING: Please consider reporting this to the maintainers of class org.openjdk.jmh.util.Utils
WARNING: sun.misc.Unsafe::objectFieldOffset will be removed in a future release
# Warmup Iteration   1: 350.753 ns/op
# Warmup Iteration   2: 229.673 ns/op
# Warmup Iteration   3: 186.042 ns/op
# Warmup Iteration   4: 181.340 ns/op
Iteration   1: 204.409 ns/op
Iteration   2: 297.773 ns/op
Iteration   3: 370.275 ns/op
Iteration   4: 335.411 ns/op
Iteration   5: 286.696 ns/op


Result "numj.SmallBench.addStrided":
  242.979 ±(99.9%) 111.652 ns/op [Average]
  (min, avg, max) = (174.486, 242.979, 370.275), stdev = 73.851
  CI (99.9%): [131.327, 354.631] (assumes normal distribution)


# JMH version: 1.37
# VM version: JDK 25.0.4.1, OpenJDK 64-Bit Server VM, 25.0.4.1+1-LTS
# VM invoker: C:\Users\Hareram ray\AI\numJ\.tools\jdk\bin\java.exe
# VM options: --enable-native-access=ALL-UNNAMED --enable-native-access=ALL-UNNAMED -Xms1g -Xmx1g
# Blackhole mode: compiler (auto-detected, use -Djmh.blackhole.autoDetect=false to disable)
# Warmup: 4 iterations, 150 ms each
# Measurement: 5 iterations, 150 ms each
# Timeout: 10 min per iteration
# Threads: 1 thread, will synchronize iterations
# Benchmark mode: Average time, time/op
# Benchmark: numj.SmallBench.addStrided
# Parameters: (n = 32, path = native)

# Run progress: 38.80% complete, ETA 00:06:10
# Fork: 1 of 2
WARNING: A terminally deprecated method in sun.misc.Unsafe has been called
WARNING: sun.misc.Unsafe::objectFieldOffset has been called by org.openjdk.jmh.util.Utils (file:/C:/Users/Hareram%20ray/AI/numJ/.tools/jmh/jmh-core-1.37.jar)
WARNING: Please consider reporting this to the maintainers of class org.openjdk.jmh.util.Utils
WARNING: sun.misc.Unsafe::objectFieldOffset will be removed in a future release
# Warmup Iteration   1: 1422605.607 ns/op
# Warmup Iteration   2: 2497.606 ns/op
# Warmup Iteration   3: 1045.361 ns/op
# Warmup Iteration   4: 325.717 ns/op
Iteration   1: 271.942 ns/op
Iteration   2: 292.682 ns/op
Iteration   3: 360.762 ns/op
Iteration   4: 297.568 ns/op
Iteration   5: 283.889 ns/op

# Run progress: 39.09% complete, ETA 00:06:09
# Fork: 2 of 2
WARNING: A terminally deprecated method in sun.misc.Unsafe has been called
WARNING: sun.misc.Unsafe::objectFieldOffset has been called by org.openjdk.jmh.util.Utils (file:/C:/Users/Hareram%20ray/AI/numJ/.tools/jmh/jmh-core-1.37.jar)
WARNING: Please consider reporting this to the maintainers of class org.openjdk.jmh.util.Utils
WARNING: sun.misc.Unsafe::objectFieldOffset will be removed in a future release
# Warmup Iteration   1: 4353.896 ns/op
# Warmup Iteration   2: 660.630 ns/op
# Warmup Iteration   3: 467.926 ns/op
# Warmup Iteration   4: 371.578 ns/op
Iteration   1: 345.822 ns/op
Iteration   2: 267.096 ns/op
Iteration   3: 398.139 ns/op
Iteration   4: 952.766 ns/op
Iteration   5: 610.717 ns/op


Result "numj.SmallBench.addStrided":
  408.138 ±(99.9%) 327.888 ns/op [Average]
  (min, avg, max) = (267.096, 408.138, 952.766), stdev = 216.877
  CI (99.9%): [80.251, 736.026] (assumes normal distribution)


# JMH version: 1.37
# VM version: JDK 25.0.4.1, OpenJDK 64-Bit Server VM, 25.0.4.1+1-LTS
# VM invoker: C:\Users\Hareram ray\AI\numJ\.tools\jdk\bin\java.exe
# VM options: --enable-native-access=ALL-UNNAMED --enable-native-access=ALL-UNNAMED -Xms1g -Xmx1g
# Blackhole mode: compiler (auto-detected, use -Djmh.blackhole.autoDetect=false to disable)
# Warmup: 4 iterations, 150 ms each
# Measurement: 5 iterations, 150 ms each
# Timeout: 10 min per iteration
# Threads: 1 thread, will synchronize iterations
# Benchmark mode: Average time, time/op
# Benchmark: numj.SmallBench.addStrided
# Parameters: (n = 64, path = java)

# Run progress: 39.38% complete, ETA 00:06:07
# Fork: 1 of 2
WARNING: A terminally deprecated method in sun.misc.Unsafe has been called
WARNING: sun.misc.Unsafe::objectFieldOffset has been called by org.openjdk.jmh.util.Utils (file:/C:/Users/Hareram%20ray/AI/numJ/.tools/jmh/jmh-core-1.37.jar)
WARNING: Please consider reporting this to the maintainers of class org.openjdk.jmh.util.Utils
WARNING: sun.misc.Unsafe::objectFieldOffset will be removed in a future release
# Warmup Iteration   1: 984.780 ns/op
# Warmup Iteration   2: 415.506 ns/op
# Warmup Iteration   3: 811.523 ns/op
# Warmup Iteration   4: 441.038 ns/op
Iteration   1: 257.783 ns/op
Iteration   2: 408.053 ns/op
Iteration   3: 331.734 ns/op
Iteration   4: 250.647 ns/op
Iteration   5: 271.899 ns/op

# Run progress: 39.67% complete, ETA 00:06:05
# Fork: 2 of 2
WARNING: A terminally deprecated method in sun.misc.Unsafe has been called
WARNING: sun.misc.Unsafe::objectFieldOffset has been called by org.openjdk.jmh.util.Utils (file:/C:/Users/Hareram%20ray/AI/numJ/.tools/jmh/jmh-core-1.37.jar)
WARNING: Please consider reporting this to the maintainers of class org.openjdk.jmh.util.Utils
WARNING: sun.misc.Unsafe::objectFieldOffset will be removed in a future release
# Warmup Iteration   1: 1792.481 ns/op
# Warmup Iteration   2: 413.458 ns/op
# Warmup Iteration   3: 376.241 ns/op
# Warmup Iteration   4: 328.625 ns/op
Iteration   1: 341.057 ns/op
Iteration   2: 462.252 ns/op
Iteration   3: 440.874 ns/op
Iteration   4: 470.390 ns/op
Iteration   5: 430.763 ns/op


Result "numj.SmallBench.addStrided":
  366.545 ±(99.9%) 130.830 ns/op [Average]
  (min, avg, max) = (250.647, 366.545, 470.390), stdev = 86.536
  CI (99.9%): [235.715, 497.375] (assumes normal distribution)


# JMH version: 1.37
# VM version: JDK 25.0.4.1, OpenJDK 64-Bit Server VM, 25.0.4.1+1-LTS
# VM invoker: C:\Users\Hareram ray\AI\numJ\.tools\jdk\bin\java.exe
# VM options: --enable-native-access=ALL-UNNAMED --enable-native-access=ALL-UNNAMED -Xms1g -Xmx1g
# Blackhole mode: compiler (auto-detected, use -Djmh.blackhole.autoDetect=false to disable)
# Warmup: 4 iterations, 150 ms each
# Measurement: 5 iterations, 150 ms each
# Timeout: 10 min per iteration
# Threads: 1 thread, will synchronize iterations
# Benchmark mode: Average time, time/op
# Benchmark: numj.SmallBench.addStrided
# Parameters: (n = 64, path = native)

# Run progress: 39.96% complete, ETA 00:06:04
# Fork: 1 of 2
WARNING: A terminally deprecated method in sun.misc.Unsafe has been called
WARNING: sun.misc.Unsafe::objectFieldOffset has been called by org.openjdk.jmh.util.Utils (file:/C:/Users/Hareram%20ray/AI/numJ/.tools/jmh/jmh-core-1.37.jar)
WARNING: Please consider reporting this to the maintainers of class org.openjdk.jmh.util.Utils
WARNING: sun.misc.Unsafe::objectFieldOffset will be removed in a future release
# Warmup Iteration   1: 232927900.000 ns/op
# Warmup Iteration   2: 1502.079 ns/op
# Warmup Iteration   3: 759.228 ns/op
# Warmup Iteration   4: 567.986 ns/op
Iteration   1: 525.918 ns/op
Iteration   2: 825.367 ns/op
Iteration   3: 818.515 ns/op
Iteration   4: 359.985 ns/op
Iteration   5: 568.585 ns/op

# Run progress: 40.25% complete, ETA 00:06:03
# Fork: 2 of 2
WARNING: A terminally deprecated method in sun.misc.Unsafe has been called
WARNING: sun.misc.Unsafe::objectFieldOffset has been called by org.openjdk.jmh.util.Utils (file:/C:/Users/Hareram%20ray/AI/numJ/.tools/jmh/jmh-core-1.37.jar)
WARNING: Please consider reporting this to the maintainers of class org.openjdk.jmh.util.Utils
WARNING: sun.misc.Unsafe::objectFieldOffset will be removed in a future release
# Warmup Iteration   1: 8628.422 ns/op
# Warmup Iteration   2: 992.859 ns/op
# Warmup Iteration   3: 619.149 ns/op
# Warmup Iteration   4: 381.296 ns/op
Iteration   1: 288.858 ns/op
Iteration   2: 278.192 ns/op
Iteration   3: 294.284 ns/op
Iteration   4: 242.172 ns/op
Iteration   5: 255.788 ns/op


Result "numj.SmallBench.addStrided":
  445.766 ±(99.9%) 343.685 ns/op [Average]
  (min, avg, max) = (242.172, 445.766, 825.367), stdev = 227.326
  CI (99.9%): [102.081, 789.452] (assumes normal distribution)


# JMH version: 1.37
# VM version: JDK 25.0.4.1, OpenJDK 64-Bit Server VM, 25.0.4.1+1-LTS
# VM invoker: C:\Users\Hareram ray\AI\numJ\.tools\jdk\bin\java.exe
# VM options: --enable-native-access=ALL-UNNAMED --enable-native-access=ALL-UNNAMED -Xms1g -Xmx1g
# Blackhole mode: compiler (auto-detected, use -Djmh.blackhole.autoDetect=false to disable)
# Warmup: 4 iterations, 150 ms each
# Measurement: 5 iterations, 150 ms each
# Timeout: 10 min per iteration
# Threads: 1 thread, will synchronize iterations
# Benchmark mode: Average time, time/op
# Benchmark: numj.SmallBench.addStrided
# Parameters: (n = 128, path = java)

# Run progress: 40.54% complete, ETA 00:06:01
# Fork: 1 of 2
WARNING: A terminally deprecated method in sun.misc.Unsafe has been called
WARNING: sun.misc.Unsafe::objectFieldOffset has been called by org.openjdk.jmh.util.Utils (file:/C:/Users/Hareram%20ray/AI/numJ/.tools/jmh/jmh-core-1.37.jar)
WARNING: Please consider reporting this to the maintainers of class org.openjdk.jmh.util.Utils
WARNING: sun.misc.Unsafe::objectFieldOffset will be removed in a future release
# Warmup Iteration   1: 644.081 ns/op
# Warmup Iteration   2: 359.336 ns/op
# Warmup Iteration   3: 480.631 ns/op
# Warmup Iteration   4: 448.778 ns/op
Iteration   1: 951.266 ns/op
Iteration   2: 404.165 ns/op
Iteration   3: 1294.756 ns/op
Iteration   4: 798.087 ns/op
Iteration   5: 357.740 ns/op

# Run progress: 40.84% complete, ETA 00:05:59
# Fork: 2 of 2
WARNING: A terminally deprecated method in sun.misc.Unsafe has been called
WARNING: sun.misc.Unsafe::objectFieldOffset has been called by org.openjdk.jmh.util.Utils (file:/C:/Users/Hareram%20ray/AI/numJ/.tools/jmh/jmh-core-1.37.jar)
WARNING: Please consider reporting this to the maintainers of class org.openjdk.jmh.util.Utils
WARNING: sun.misc.Unsafe::objectFieldOffset will be removed in a future release
# Warmup Iteration   1: 807.598 ns/op
# Warmup Iteration   2: 354.401 ns/op
# Warmup Iteration   3: 430.953 ns/op
# Warmup Iteration   4: 344.067 ns/op
Iteration   1: 348.339 ns/op
Iteration   2: 418.319 ns/op
Iteration   3: 367.747 ns/op
Iteration   4: 378.725 ns/op
Iteration   5: 407.410 ns/op


Result "numj.SmallBench.addStrided":
  572.655 ±(99.9%) 496.646 ns/op [Average]
  (min, avg, max) = (348.339, 572.655, 1294.756), stdev = 328.501
  CI (99.9%): [76.009, 1069.301] (assumes normal distribution)


# JMH version: 1.37
# VM version: JDK 25.0.4.1, OpenJDK 64-Bit Server VM, 25.0.4.1+1-LTS
# VM invoker: C:\Users\Hareram ray\AI\numJ\.tools\jdk\bin\java.exe
# VM options: --enable-native-access=ALL-UNNAMED --enable-native-access=ALL-UNNAMED -Xms1g -Xmx1g
# Blackhole mode: compiler (auto-detected, use -Djmh.blackhole.autoDetect=false to disable)
# Warmup: 4 iterations, 150 ms each
# Measurement: 5 iterations, 150 ms each
# Timeout: 10 min per iteration
# Threads: 1 thread, will synchronize iterations
# Benchmark mode: Average time, time/op
# Benchmark: numj.SmallBench.addStrided
# Parameters: (n = 128, path = native)

# Run progress: 41.13% complete, ETA 00:05:58
# Fork: 1 of 2
WARNING: A terminally deprecated method in sun.misc.Unsafe has been called
WARNING: sun.misc.Unsafe::objectFieldOffset has been called by org.openjdk.jmh.util.Utils (file:/C:/Users/Hareram%20ray/AI/numJ/.tools/jmh/jmh-core-1.37.jar)
WARNING: Please consider reporting this to the maintainers of class org.openjdk.jmh.util.Utils
WARNING: sun.misc.Unsafe::objectFieldOffset will be removed in a future release
# Warmup Iteration   1: 1174061.240 ns/op
# Warmup Iteration   2: 942.155 ns/op
# Warmup Iteration   3: 413.296 ns/op
# Warmup Iteration   4: 322.915 ns/op
Iteration   1: 275.620 ns/op
Iteration   2: 314.508 ns/op
Iteration   3: 433.591 ns/op
Iteration   4: 382.578 ns/op
Iteration   5: 342.217 ns/op

# Run progress: 41.42% complete, ETA 00:05:56
# Fork: 2 of 2
WARNING: A terminally deprecated method in sun.misc.Unsafe has been called
WARNING: sun.misc.Unsafe::objectFieldOffset has been called by org.openjdk.jmh.util.Utils (file:/C:/Users/Hareram%20ray/AI/numJ/.tools/jmh/jmh-core-1.37.jar)
WARNING: Please consider reporting this to the maintainers of class org.openjdk.jmh.util.Utils
WARNING: sun.misc.Unsafe::objectFieldOffset will be removed in a future release
# Warmup Iteration   1: 46954.005 ns/op
# Warmup Iteration   2: 792.733 ns/op
# Warmup Iteration   3: 354.412 ns/op
# Warmup Iteration   4: 510.258 ns/op
Iteration   1: 453.620 ns/op
Iteration   2: 304.735 ns/op
Iteration   3: 339.488 ns/op
Iteration   4: 275.828 ns/op
Iteration   5: 246.978 ns/op


Result "numj.SmallBench.addStrided":
  336.916 ±(99.9%) 103.527 ns/op [Average]
  (min, avg, max) = (246.978, 336.916, 453.620), stdev = 68.476
  CI (99.9%): [233.390, 440.443] (assumes normal distribution)


# JMH version: 1.37
# VM version: JDK 25.0.4.1, OpenJDK 64-Bit Server VM, 25.0.4.1+1-LTS
# VM invoker: C:\Users\Hareram ray\AI\numJ\.tools\jdk\bin\java.exe
# VM options: --enable-native-access=ALL-UNNAMED --enable-native-access=ALL-UNNAMED -Xms1g -Xmx1g
# Blackhole mode: compiler (auto-detected, use -Djmh.blackhole.autoDetect=false to disable)
# Warmup: 4 iterations, 150 ms each
# Measurement: 5 iterations, 150 ms each
# Timeout: 10 min per iteration
# Threads: 1 thread, will synchronize iterations
# Benchmark mode: Average time, time/op
# Benchmark: numj.SmallBench.addStrided
# Parameters: (n = 256, path = java)

# Run progress: 41.71% complete, ETA 00:05:55
# Fork: 1 of 2
WARNING: A terminally deprecated method in sun.misc.Unsafe has been called
WARNING: sun.misc.Unsafe::objectFieldOffset has been called by org.openjdk.jmh.util.Utils (file:/C:/Users/Hareram%20ray/AI/numJ/.tools/jmh/jmh-core-1.37.jar)
WARNING: Please consider reporting this to the maintainers of class org.openjdk.jmh.util.Utils
WARNING: sun.misc.Unsafe::objectFieldOffset will be removed in a future release
# Warmup Iteration   1: 950.875 ns/op
# Warmup Iteration   2: 474.904 ns/op
# Warmup Iteration   3: 483.164 ns/op
# Warmup Iteration   4: 522.906 ns/op
Iteration   1: 428.996 ns/op
Iteration   2: 409.159 ns/op
Iteration   3: 499.898 ns/op
Iteration   4: 417.825 ns/op
Iteration   5: 395.930 ns/op

# Run progress: 42.00% complete, ETA 00:05:53
# Fork: 2 of 2
WARNING: A terminally deprecated method in sun.misc.Unsafe has been called
WARNING: sun.misc.Unsafe::objectFieldOffset has been called by org.openjdk.jmh.util.Utils (file:/C:/Users/Hareram%20ray/AI/numJ/.tools/jmh/jmh-core-1.37.jar)
WARNING: Please consider reporting this to the maintainers of class org.openjdk.jmh.util.Utils
WARNING: sun.misc.Unsafe::objectFieldOffset will be removed in a future release
# Warmup Iteration   1: 875.138 ns/op
# Warmup Iteration   2: 466.074 ns/op
# Warmup Iteration   3: 448.852 ns/op
# Warmup Iteration   4: 415.096 ns/op
Iteration   1: 414.408 ns/op
Iteration   2: 414.076 ns/op
Iteration   3: 425.894 ns/op
Iteration   4: 409.233 ns/op
Iteration   5: 446.431 ns/op


Result "numj.SmallBench.addStrided":
  426.185 ±(99.9%) 44.220 ns/op [Average]
  (min, avg, max) = (395.930, 426.185, 499.898), stdev = 29.249
  CI (99.9%): [381.966, 470.405] (assumes normal distribution)


# JMH version: 1.37
# VM version: JDK 25.0.4.1, OpenJDK 64-Bit Server VM, 25.0.4.1+1-LTS
# VM invoker: C:\Users\Hareram ray\AI\numJ\.tools\jdk\bin\java.exe
# VM options: --enable-native-access=ALL-UNNAMED --enable-native-access=ALL-UNNAMED -Xms1g -Xmx1g
# Blackhole mode: compiler (auto-detected, use -Djmh.blackhole.autoDetect=false to disable)
# Warmup: 4 iterations, 150 ms each
# Measurement: 5 iterations, 150 ms each
# Timeout: 10 min per iteration
# Threads: 1 thread, will synchronize iterations
# Benchmark mode: Average time, time/op
# Benchmark: numj.SmallBench.addStrided
# Parameters: (n = 256, path = native)

# Run progress: 42.29% complete, ETA 00:05:51
# Fork: 1 of 2
WARNING: A terminally deprecated method in sun.misc.Unsafe has been called
WARNING: sun.misc.Unsafe::objectFieldOffset has been called by org.openjdk.jmh.util.Utils (file:/C:/Users/Hareram%20ray/AI/numJ/.tools/jmh/jmh-core-1.37.jar)
WARNING: Please consider reporting this to the maintainers of class org.openjdk.jmh.util.Utils
WARNING: sun.misc.Unsafe::objectFieldOffset will be removed in a future release
# Warmup Iteration   1: 4351.271 ns/op
# Warmup Iteration   2: 515.233 ns/op
# Warmup Iteration   3: 337.656 ns/op
# Warmup Iteration   4: 357.238 ns/op
Iteration   1: 296.899 ns/op
Iteration   2: 307.450 ns/op
Iteration   3: 325.228 ns/op
Iteration   4: 288.131 ns/op
Iteration   5: 290.343 ns/op

# Run progress: 42.58% complete, ETA 00:05:49
# Fork: 2 of 2
WARNING: A terminally deprecated method in sun.misc.Unsafe has been called
WARNING: sun.misc.Unsafe::objectFieldOffset has been called by org.openjdk.jmh.util.Utils (file:/C:/Users/Hareram%20ray/AI/numJ/.tools/jmh/jmh-core-1.37.jar)
WARNING: Please consider reporting this to the maintainers of class org.openjdk.jmh.util.Utils
WARNING: sun.misc.Unsafe::objectFieldOffset will be removed in a future release
# Warmup Iteration   1: 18337.971 ns/op
# Warmup Iteration   2: 781.535 ns/op
# Warmup Iteration   3: 366.367 ns/op
# Warmup Iteration   4: 367.607 ns/op
Iteration   1: 347.195 ns/op
Iteration   2: 346.603 ns/op
Iteration   3: 371.773 ns/op
Iteration   4: 502.139 ns/op
Iteration   5: 319.830 ns/op


Result "numj.SmallBench.addStrided":
  339.559 ±(99.9%) 95.738 ns/op [Average]
  (min, avg, max) = (288.131, 339.559, 502.139), stdev = 63.325
  CI (99.9%): [243.821, 435.297] (assumes normal distribution)


# JMH version: 1.37
# VM version: JDK 25.0.4.1, OpenJDK 64-Bit Server VM, 25.0.4.1+1-LTS
# VM invoker: C:\Users\Hareram ray\AI\numJ\.tools\jdk\bin\java.exe
# VM options: --enable-native-access=ALL-UNNAMED --enable-native-access=ALL-UNNAMED -Xms1g -Xmx1g
# Blackhole mode: compiler (auto-detected, use -Djmh.blackhole.autoDetect=false to disable)
# Warmup: 4 iterations, 150 ms each
# Measurement: 5 iterations, 150 ms each
# Timeout: 10 min per iteration
# Threads: 1 thread, will synchronize iterations
# Benchmark mode: Average time, time/op
# Benchmark: numj.SmallBench.addStrided
# Parameters: (n = 1024, path = java)

# Run progress: 42.88% complete, ETA 00:05:48
# Fork: 1 of 2
WARNING: A terminally deprecated method in sun.misc.Unsafe has been called
WARNING: sun.misc.Unsafe::objectFieldOffset has been called by org.openjdk.jmh.util.Utils (file:/C:/Users/Hareram%20ray/AI/numJ/.tools/jmh/jmh-core-1.37.jar)
WARNING: Please consider reporting this to the maintainers of class org.openjdk.jmh.util.Utils
WARNING: sun.misc.Unsafe::objectFieldOffset will be removed in a future release
# Warmup Iteration   1: 4202.571 ns/op
# Warmup Iteration   2: 1281.345 ns/op
# Warmup Iteration   3: 1163.021 ns/op
# Warmup Iteration   4: 1157.454 ns/op
Iteration   1: 1191.401 ns/op
Iteration   2: 1205.058 ns/op
Iteration   3: 1196.581 ns/op
Iteration   4: 1189.147 ns/op
Iteration   5: 1136.975 ns/op

# Run progress: 43.17% complete, ETA 00:05:46
# Fork: 2 of 2
WARNING: A terminally deprecated method in sun.misc.Unsafe has been called
WARNING: sun.misc.Unsafe::objectFieldOffset has been called by org.openjdk.jmh.util.Utils (file:/C:/Users/Hareram%20ray/AI/numJ/.tools/jmh/jmh-core-1.37.jar)
WARNING: Please consider reporting this to the maintainers of class org.openjdk.jmh.util.Utils
WARNING: sun.misc.Unsafe::objectFieldOffset will be removed in a future release
# Warmup Iteration   1: 2444.757 ns/op
# Warmup Iteration   2: 1169.292 ns/op
# Warmup Iteration   3: 1189.493 ns/op
# Warmup Iteration   4: 1159.516 ns/op
Iteration   1: 1199.166 ns/op
Iteration   2: 1177.599 ns/op
Iteration   3: 1188.518 ns/op
Iteration   4: 1181.916 ns/op
Iteration   5: 1131.101 ns/op


Result "numj.SmallBench.addStrided":
  1179.746 ±(99.9%) 38.404 ns/op [Average]
  (min, avg, max) = (1131.101, 1179.746, 1205.058), stdev = 25.402
  CI (99.9%): [1141.342, 1218.151] (assumes normal distribution)


# JMH version: 1.37
# VM version: JDK 25.0.4.1, OpenJDK 64-Bit Server VM, 25.0.4.1+1-LTS
# VM invoker: C:\Users\Hareram ray\AI\numJ\.tools\jdk\bin\java.exe
# VM options: --enable-native-access=ALL-UNNAMED --enable-native-access=ALL-UNNAMED -Xms1g -Xmx1g
# Blackhole mode: compiler (auto-detected, use -Djmh.blackhole.autoDetect=false to disable)
# Warmup: 4 iterations, 150 ms each
# Measurement: 5 iterations, 150 ms each
# Timeout: 10 min per iteration
# Threads: 1 thread, will synchronize iterations
# Benchmark mode: Average time, time/op
# Benchmark: numj.SmallBench.addStrided
# Parameters: (n = 1024, path = native)

# Run progress: 43.46% complete, ETA 00:05:44
# Fork: 1 of 2
WARNING: A terminally deprecated method in sun.misc.Unsafe has been called
WARNING: sun.misc.Unsafe::objectFieldOffset has been called by org.openjdk.jmh.util.Utils (file:/C:/Users/Hareram%20ray/AI/numJ/.tools/jmh/jmh-core-1.37.jar)
WARNING: Please consider reporting this to the maintainers of class org.openjdk.jmh.util.Utils
WARNING: sun.misc.Unsafe::objectFieldOffset will be removed in a future release
# Warmup Iteration   1: 6709.927 ns/op
# Warmup Iteration   2: 895.668 ns/op
# Warmup Iteration   3: 591.273 ns/op
# Warmup Iteration   4: 596.456 ns/op
Iteration   1: 575.620 ns/op
Iteration   2: 549.357 ns/op
Iteration   3: 566.136 ns/op
Iteration   4: 601.035 ns/op
Iteration   5: 599.446 ns/op

# Run progress: 43.75% complete, ETA 00:05:42
# Fork: 2 of 2
WARNING: A terminally deprecated method in sun.misc.Unsafe has been called
WARNING: sun.misc.Unsafe::objectFieldOffset has been called by org.openjdk.jmh.util.Utils (file:/C:/Users/Hareram%20ray/AI/numJ/.tools/jmh/jmh-core-1.37.jar)
WARNING: Please consider reporting this to the maintainers of class org.openjdk.jmh.util.Utils
WARNING: sun.misc.Unsafe::objectFieldOffset will be removed in a future release
# Warmup Iteration   1: 7287.401 ns/op
# Warmup Iteration   2: 966.150 ns/op
# Warmup Iteration   3: 604.246 ns/op
# Warmup Iteration   4: 584.369 ns/op
Iteration   1: 896.167 ns/op
Iteration   2: 1077.023 ns/op
Iteration   3: 826.957 ns/op
Iteration   4: 821.066 ns/op
Iteration   5: 2245.461 ns/op


Result "numj.SmallBench.addStrided":
  875.827 ±(99.9%) 775.283 ns/op [Average]
  (min, avg, max) = (549.357, 875.827, 2245.461), stdev = 512.802
  CI (99.9%): [100.544, 1651.110] (assumes normal distribution)


# JMH version: 1.37
# VM version: JDK 25.0.4.1, OpenJDK 64-Bit Server VM, 25.0.4.1+1-LTS
# VM invoker: C:\Users\Hareram ray\AI\numJ\.tools\jdk\bin\java.exe
# VM options: --enable-native-access=ALL-UNNAMED --enable-native-access=ALL-UNNAMED -Xms1g -Xmx1g
# Blackhole mode: compiler (auto-detected, use -Djmh.blackhole.autoDetect=false to disable)
# Warmup: 4 iterations, 150 ms each
# Measurement: 5 iterations, 150 ms each
# Timeout: 10 min per iteration
# Threads: 1 thread, will synchronize iterations
# Benchmark mode: Average time, time/op
# Benchmark: numj.SmallBench.sqdist
# Parameters: (n = 1, path = java)

# Run progress: 44.04% complete, ETA 00:05:40
# Fork: 1 of 2
WARNING: A terminally deprecated method in sun.misc.Unsafe has been called
WARNING: sun.misc.Unsafe::objectFieldOffset has been called by org.openjdk.jmh.util.Utils (file:/C:/Users/Hareram%20ray/AI/numJ/.tools/jmh/jmh-core-1.37.jar)
WARNING: Please consider reporting this to the maintainers of class org.openjdk.jmh.util.Utils
WARNING: sun.misc.Unsafe::objectFieldOffset will be removed in a future release
# Warmup Iteration   1: 271.225 ns/op
# Warmup Iteration   2: 387.066 ns/op
# Warmup Iteration   3: 175.643 ns/op
# Warmup Iteration   4: 160.992 ns/op
Iteration   1: 166.512 ns/op
Iteration   2: 110.840 ns/op
Iteration   3: 107.969 ns/op
Iteration   4: 125.307 ns/op
Iteration   5: 100.768 ns/op

# Run progress: 44.33% complete, ETA 00:05:38
# Fork: 2 of 2
WARNING: A terminally deprecated method in sun.misc.Unsafe has been called
WARNING: sun.misc.Unsafe::objectFieldOffset has been called by org.openjdk.jmh.util.Utils (file:/C:/Users/Hareram%20ray/AI/numJ/.tools/jmh/jmh-core-1.37.jar)
WARNING: Please consider reporting this to the maintainers of class org.openjdk.jmh.util.Utils
WARNING: sun.misc.Unsafe::objectFieldOffset will be removed in a future release
# Warmup Iteration   1: 359.157 ns/op
# Warmup Iteration   2: 324.170 ns/op
# Warmup Iteration   3: 139.272 ns/op
# Warmup Iteration   4: 127.861 ns/op
Iteration   1: 150.043 ns/op
Iteration   2: 162.636 ns/op
Iteration   3: 97.030 ns/op
Iteration   4: 98.841 ns/op
Iteration   5: 96.422 ns/op


Result "numj.SmallBench.sqdist":
  121.637 ±(99.9%) 42.209 ns/op [Average]
  (min, avg, max) = (96.422, 121.637, 166.512), stdev = 27.918
  CI (99.9%): [79.428, 163.845] (assumes normal distribution)


# JMH version: 1.37
# VM version: JDK 25.0.4.1, OpenJDK 64-Bit Server VM, 25.0.4.1+1-LTS
# VM invoker: C:\Users\Hareram ray\AI\numJ\.tools\jdk\bin\java.exe
# VM options: --enable-native-access=ALL-UNNAMED --enable-native-access=ALL-UNNAMED -Xms1g -Xmx1g
# Blackhole mode: compiler (auto-detected, use -Djmh.blackhole.autoDetect=false to disable)
# Warmup: 4 iterations, 150 ms each
# Measurement: 5 iterations, 150 ms each
# Timeout: 10 min per iteration
# Threads: 1 thread, will synchronize iterations
# Benchmark mode: Average time, time/op
# Benchmark: numj.SmallBench.sqdist
# Parameters: (n = 1, path = native)

# Run progress: 44.62% complete, ETA 00:05:37
# Fork: 1 of 2
WARNING: A terminally deprecated method in sun.misc.Unsafe has been called
WARNING: sun.misc.Unsafe::objectFieldOffset has been called by org.openjdk.jmh.util.Utils (file:/C:/Users/Hareram%20ray/AI/numJ/.tools/jmh/jmh-core-1.37.jar)
WARNING: Please consider reporting this to the maintainers of class org.openjdk.jmh.util.Utils
WARNING: sun.misc.Unsafe::objectFieldOffset will be removed in a future release
# Warmup Iteration   1: 234.640 ns/op
# Warmup Iteration   2: 29.588 ns/op
# Warmup Iteration   3: 29.442 ns/op
# Warmup Iteration   4: 29.573 ns/op
Iteration   1: 29.277 ns/op
Iteration   2: 29.012 ns/op
Iteration   3: 29.036 ns/op
Iteration   4: 30.748 ns/op
Iteration   5: 28.647 ns/op

# Run progress: 44.92% complete, ETA 00:05:35
# Fork: 2 of 2
WARNING: A terminally deprecated method in sun.misc.Unsafe has been called
WARNING: sun.misc.Unsafe::objectFieldOffset has been called by org.openjdk.jmh.util.Utils (file:/C:/Users/Hareram%20ray/AI/numJ/.tools/jmh/jmh-core-1.37.jar)
WARNING: Please consider reporting this to the maintainers of class org.openjdk.jmh.util.Utils
WARNING: sun.misc.Unsafe::objectFieldOffset will be removed in a future release
# Warmup Iteration   1: 428.761 ns/op
# Warmup Iteration   2: 57.974 ns/op
# Warmup Iteration   3: 32.253 ns/op
# Warmup Iteration   4: 29.896 ns/op
Iteration   1: 31.436 ns/op
Iteration   2: 30.463 ns/op
Iteration   3: 31.171 ns/op
Iteration   4: 30.581 ns/op
Iteration   5: 65.142 ns/op


Result "numj.SmallBench.sqdist":
  33.551 ±(99.9%) 16.848 ns/op [Average]
  (min, avg, max) = (28.647, 33.551, 65.142), stdev = 11.144
  CI (99.9%): [16.704, 50.399] (assumes normal distribution)


# JMH version: 1.37
# VM version: JDK 25.0.4.1, OpenJDK 64-Bit Server VM, 25.0.4.1+1-LTS
# VM invoker: C:\Users\Hareram ray\AI\numJ\.tools\jdk\bin\java.exe
# VM options: --enable-native-access=ALL-UNNAMED --enable-native-access=ALL-UNNAMED -Xms1g -Xmx1g
# Blackhole mode: compiler (auto-detected, use -Djmh.blackhole.autoDetect=false to disable)
# Warmup: 4 iterations, 150 ms each
# Measurement: 5 iterations, 150 ms each
# Timeout: 10 min per iteration
# Threads: 1 thread, will synchronize iterations
# Benchmark mode: Average time, time/op
# Benchmark: numj.SmallBench.sqdist
# Parameters: (n = 4, path = java)

# Run progress: 45.21% complete, ETA 00:05:33
# Fork: 1 of 2
WARNING: A terminally deprecated method in sun.misc.Unsafe has been called
WARNING: sun.misc.Unsafe::objectFieldOffset has been called by org.openjdk.jmh.util.Utils (file:/C:/Users/Hareram%20ray/AI/numJ/.tools/jmh/jmh-core-1.37.jar)
WARNING: Please consider reporting this to the maintainers of class org.openjdk.jmh.util.Utils
WARNING: sun.misc.Unsafe::objectFieldOffset will be removed in a future release
# Warmup Iteration   1: 221.566 ns/op
# Warmup Iteration   2: 134.951 ns/op
# Warmup Iteration   3: 129.004 ns/op
# Warmup Iteration   4: 109.631 ns/op
Iteration   1: 125.233 ns/op
Iteration   2: 112.070 ns/op
Iteration   3: 129.245 ns/op
Iteration   4: 113.339 ns/op
Iteration   5: 126.310 ns/op

# Run progress: 45.50% complete, ETA 00:05:31
# Fork: 2 of 2
WARNING: A terminally deprecated method in sun.misc.Unsafe has been called
WARNING: sun.misc.Unsafe::objectFieldOffset has been called by org.openjdk.jmh.util.Utils (file:/C:/Users/Hareram%20ray/AI/numJ/.tools/jmh/jmh-core-1.37.jar)
WARNING: Please consider reporting this to the maintainers of class org.openjdk.jmh.util.Utils
WARNING: sun.misc.Unsafe::objectFieldOffset will be removed in a future release
# Warmup Iteration   1: 220.719 ns/op
# Warmup Iteration   2: 136.462 ns/op
# Warmup Iteration   3: 139.002 ns/op
# Warmup Iteration   4: 236.134 ns/op
Iteration   1: 271.282 ns/op
Iteration   2: 204.599 ns/op
Iteration   3: 188.393 ns/op
Iteration   4: 269.622 ns/op
Iteration   5: 203.536 ns/op


Result "numj.SmallBench.sqdist":
  174.363 ±(99.9%) 94.001 ns/op [Average]
  (min, avg, max) = (112.070, 174.363, 271.282), stdev = 62.176
  CI (99.9%): [80.362, 268.364] (assumes normal distribution)


# JMH version: 1.37
# VM version: JDK 25.0.4.1, OpenJDK 64-Bit Server VM, 25.0.4.1+1-LTS
# VM invoker: C:\Users\Hareram ray\AI\numJ\.tools\jdk\bin\java.exe
# VM options: --enable-native-access=ALL-UNNAMED --enable-native-access=ALL-UNNAMED -Xms1g -Xmx1g
# Blackhole mode: compiler (auto-detected, use -Djmh.blackhole.autoDetect=false to disable)
# Warmup: 4 iterations, 150 ms each
# Measurement: 5 iterations, 150 ms each
# Timeout: 10 min per iteration
# Threads: 1 thread, will synchronize iterations
# Benchmark mode: Average time, time/op
# Benchmark: numj.SmallBench.sqdist
# Parameters: (n = 4, path = native)

# Run progress: 45.79% complete, ETA 00:05:30
# Fork: 1 of 2
WARNING: A terminally deprecated method in sun.misc.Unsafe has been called
WARNING: sun.misc.Unsafe::objectFieldOffset has been called by org.openjdk.jmh.util.Utils (file:/C:/Users/Hareram%20ray/AI/numJ/.tools/jmh/jmh-core-1.37.jar)
WARNING: Please consider reporting this to the maintainers of class org.openjdk.jmh.util.Utils
WARNING: sun.misc.Unsafe::objectFieldOffset will be removed in a future release
# Warmup Iteration   1: 258404900.000 ns/op
# Warmup Iteration   2: 136.423 ns/op
# Warmup Iteration   3: 78.014 ns/op
# Warmup Iteration   4: 55.301 ns/op
Iteration   1: 62.020 ns/op
Iteration   2: 111.710 ns/op
Iteration   3: 66.618 ns/op
Iteration   4: 37.643 ns/op
Iteration   5: 48.930 ns/op

# Run progress: 46.08% complete, ETA 00:05:28
# Fork: 2 of 2
WARNING: A terminally deprecated method in sun.misc.Unsafe has been called
WARNING: sun.misc.Unsafe::objectFieldOffset has been called by org.openjdk.jmh.util.Utils (file:/C:/Users/Hareram%20ray/AI/numJ/.tools/jmh/jmh-core-1.37.jar)
WARNING: Please consider reporting this to the maintainers of class org.openjdk.jmh.util.Utils
WARNING: sun.misc.Unsafe::objectFieldOffset will be removed in a future release
# Warmup Iteration   1: 324752800.000 ns/op
# Warmup Iteration   2: 51.069 ns/op
# Warmup Iteration   3: 51.437 ns/op
# Warmup Iteration   4: 81.348 ns/op
Iteration   1: 64.693 ns/op
Iteration   2: 62.749 ns/op
Iteration   3: 40.884 ns/op
Iteration   4: 80.348 ns/op
Iteration   5: 40.748 ns/op


Result "numj.SmallBench.sqdist":
  61.634 ±(99.9%) 33.795 ns/op [Average]
  (min, avg, max) = (37.643, 61.634, 111.710), stdev = 22.353
  CI (99.9%): [27.839, 95.430] (assumes normal distribution)


# JMH version: 1.37
# VM version: JDK 25.0.4.1, OpenJDK 64-Bit Server VM, 25.0.4.1+1-LTS
# VM invoker: C:\Users\Hareram ray\AI\numJ\.tools\jdk\bin\java.exe
# VM options: --enable-native-access=ALL-UNNAMED --enable-native-access=ALL-UNNAMED -Xms1g -Xmx1g
# Blackhole mode: compiler (auto-detected, use -Djmh.blackhole.autoDetect=false to disable)
# Warmup: 4 iterations, 150 ms each
# Measurement: 5 iterations, 150 ms each
# Timeout: 10 min per iteration
# Threads: 1 thread, will synchronize iterations
# Benchmark mode: Average time, time/op
# Benchmark: numj.SmallBench.sqdist
# Parameters: (n = 16, path = java)

# Run progress: 46.37% complete, ETA 00:05:27
# Fork: 1 of 2
WARNING: A terminally deprecated method in sun.misc.Unsafe has been called
WARNING: sun.misc.Unsafe::objectFieldOffset has been called by org.openjdk.jmh.util.Utils (file:/C:/Users/Hareram%20ray/AI/numJ/.tools/jmh/jmh-core-1.37.jar)
WARNING: Please consider reporting this to the maintainers of class org.openjdk.jmh.util.Utils
WARNING: sun.misc.Unsafe::objectFieldOffset will be removed in a future release
# Warmup Iteration   1: 643.158 ns/op
# Warmup Iteration   2: 622.707 ns/op
# Warmup Iteration   3: 363.686 ns/op
# Warmup Iteration   4: 316.994 ns/op
Iteration   1: 405.441 ns/op
Iteration   2: 245.041 ns/op
Iteration   3: 508.339 ns/op
Iteration   4: 388.836 ns/op
Iteration   5: 315.910 ns/op

# Run progress: 46.66% complete, ETA 00:05:26
# Fork: 2 of 2
WARNING: A terminally deprecated method in sun.misc.Unsafe has been called
WARNING: sun.misc.Unsafe::objectFieldOffset has been called by org.openjdk.jmh.util.Utils (file:/C:/Users/Hareram%20ray/AI/numJ/.tools/jmh/jmh-core-1.37.jar)
WARNING: Please consider reporting this to the maintainers of class org.openjdk.jmh.util.Utils
WARNING: sun.misc.Unsafe::objectFieldOffset will be removed in a future release
# Warmup Iteration   1: 760.304 ns/op
# Warmup Iteration   2: 556.070 ns/op
# Warmup Iteration   3: 510.179 ns/op
# Warmup Iteration   4: 351.781 ns/op
Iteration   1: 540.798 ns/op
Iteration   2: 246.579 ns/op
Iteration   3: 382.944 ns/op
Iteration   4: 216.653 ns/op
Iteration   5: 231.151 ns/op


Result "numj.SmallBench.sqdist":
  348.169 ±(99.9%) 175.943 ns/op [Average]
  (min, avg, max) = (216.653, 348.169, 540.798), stdev = 116.376
  CI (99.9%): [172.226, 524.113] (assumes normal distribution)


# JMH version: 1.37
# VM version: JDK 25.0.4.1, OpenJDK 64-Bit Server VM, 25.0.4.1+1-LTS
# VM invoker: C:\Users\Hareram ray\AI\numJ\.tools\jdk\bin\java.exe
# VM options: --enable-native-access=ALL-UNNAMED --enable-native-access=ALL-UNNAMED -Xms1g -Xmx1g
# Blackhole mode: compiler (auto-detected, use -Djmh.blackhole.autoDetect=false to disable)
# Warmup: 4 iterations, 150 ms each
# Measurement: 5 iterations, 150 ms each
# Timeout: 10 min per iteration
# Threads: 1 thread, will synchronize iterations
# Benchmark mode: Average time, time/op
# Benchmark: numj.SmallBench.sqdist
# Parameters: (n = 16, path = native)

# Run progress: 46.96% complete, ETA 00:05:25
# Fork: 1 of 2
WARNING: A terminally deprecated method in sun.misc.Unsafe has been called
WARNING: sun.misc.Unsafe::objectFieldOffset has been called by org.openjdk.jmh.util.Utils (file:/C:/Users/Hareram%20ray/AI/numJ/.tools/jmh/jmh-core-1.37.jar)
WARNING: Please consider reporting this to the maintainers of class org.openjdk.jmh.util.Utils
WARNING: sun.misc.Unsafe::objectFieldOffset will be removed in a future release
# Warmup Iteration   1: 349757900.000 ns/op
# Warmup Iteration   2: 71.056 ns/op
# Warmup Iteration   3: 45.843 ns/op
# Warmup Iteration   4: 34.615 ns/op
Iteration   1: 49.533 ns/op
Iteration   2: 36.961 ns/op
Iteration   3: 35.697 ns/op
Iteration   4: 45.213 ns/op
Iteration   5: 58.438 ns/op

# Run progress: 47.25% complete, ETA 00:05:24
# Fork: 2 of 2
WARNING: A terminally deprecated method in sun.misc.Unsafe has been called
WARNING: sun.misc.Unsafe::objectFieldOffset has been called by org.openjdk.jmh.util.Utils (file:/C:/Users/Hareram%20ray/AI/numJ/.tools/jmh/jmh-core-1.37.jar)
WARNING: Please consider reporting this to the maintainers of class org.openjdk.jmh.util.Utils
WARNING: sun.misc.Unsafe::objectFieldOffset will be removed in a future release
# Warmup Iteration   1: 245484000.000 ns/op
# Warmup Iteration   2: 46.122 ns/op
# Warmup Iteration   3: 26.733 ns/op
# Warmup Iteration   4: 34.669 ns/op
Iteration   1: 42.035 ns/op
Iteration   2: 48.817 ns/op
Iteration   3: 67.090 ns/op
Iteration   4: 40.315 ns/op
Iteration   5: 42.345 ns/op


Result "numj.SmallBench.sqdist":
  46.644 ±(99.9%) 14.827 ns/op [Average]
  (min, avg, max) = (35.697, 46.644, 67.090), stdev = 9.807
  CI (99.9%): [31.817, 61.472] (assumes normal distribution)


# JMH version: 1.37
# VM version: JDK 25.0.4.1, OpenJDK 64-Bit Server VM, 25.0.4.1+1-LTS
# VM invoker: C:\Users\Hareram ray\AI\numJ\.tools\jdk\bin\java.exe
# VM options: --enable-native-access=ALL-UNNAMED --enable-native-access=ALL-UNNAMED -Xms1g -Xmx1g
# Blackhole mode: compiler (auto-detected, use -Djmh.blackhole.autoDetect=false to disable)
# Warmup: 4 iterations, 150 ms each
# Measurement: 5 iterations, 150 ms each
# Timeout: 10 min per iteration
# Threads: 1 thread, will synchronize iterations
# Benchmark mode: Average time, time/op
# Benchmark: numj.SmallBench.sqdist
# Parameters: (n = 32, path = java)

# Run progress: 47.54% complete, ETA 00:05:22
# Fork: 1 of 2
WARNING: A terminally deprecated method in sun.misc.Unsafe has been called
WARNING: sun.misc.Unsafe::objectFieldOffset has been called by org.openjdk.jmh.util.Utils (file:/C:/Users/Hareram%20ray/AI/numJ/.tools/jmh/jmh-core-1.37.jar)
WARNING: Please consider reporting this to the maintainers of class org.openjdk.jmh.util.Utils
WARNING: sun.misc.Unsafe::objectFieldOffset will be removed in a future release
# Warmup Iteration   1: 2982.167 ns/op
# Warmup Iteration   2: 442.439 ns/op
# Warmup Iteration   3: 299.772 ns/op
# Warmup Iteration   4: 876.933 ns/op
Iteration   1: 446.332 ns/op
Iteration   2: 355.074 ns/op
Iteration   3: 625.263 ns/op
Iteration   4: 564.308 ns/op
Iteration   5: 246.019 ns/op

# Run progress: 47.83% complete, ETA 00:05:21
# Fork: 2 of 2
WARNING: A terminally deprecated method in sun.misc.Unsafe has been called
WARNING: sun.misc.Unsafe::objectFieldOffset has been called by org.openjdk.jmh.util.Utils (file:/C:/Users/Hareram%20ray/AI/numJ/.tools/jmh/jmh-core-1.37.jar)
WARNING: Please consider reporting this to the maintainers of class org.openjdk.jmh.util.Utils
WARNING: sun.misc.Unsafe::objectFieldOffset will be removed in a future release
# Warmup Iteration   1: 643.779 ns/op
# Warmup Iteration   2: 420.306 ns/op
# Warmup Iteration   3: 601.791 ns/op
# Warmup Iteration   4: 318.937 ns/op
Iteration   1: 725.498 ns/op
Iteration   2: 401.205 ns/op
Iteration   3: 259.991 ns/op
Iteration   4: 225.109 ns/op
Iteration   5: 289.829 ns/op


Result "numj.SmallBench.sqdist":
  413.863 ±(99.9%) 262.816 ns/op [Average]
  (min, avg, max) = (225.109, 413.863, 725.498), stdev = 173.836
  CI (99.9%): [151.047, 676.678] (assumes normal distribution)


# JMH version: 1.37
# VM version: JDK 25.0.4.1, OpenJDK 64-Bit Server VM, 25.0.4.1+1-LTS
# VM invoker: C:\Users\Hareram ray\AI\numJ\.tools\jdk\bin\java.exe
# VM options: --enable-native-access=ALL-UNNAMED --enable-native-access=ALL-UNNAMED -Xms1g -Xmx1g
# Blackhole mode: compiler (auto-detected, use -Djmh.blackhole.autoDetect=false to disable)
# Warmup: 4 iterations, 150 ms each
# Measurement: 5 iterations, 150 ms each
# Timeout: 10 min per iteration
# Threads: 1 thread, will synchronize iterations
# Benchmark mode: Average time, time/op
# Benchmark: numj.SmallBench.sqdist
# Parameters: (n = 32, path = native)

# Run progress: 48.12% complete, ETA 00:05:20
# Fork: 1 of 2
WARNING: A terminally deprecated method in sun.misc.Unsafe has been called
WARNING: sun.misc.Unsafe::objectFieldOffset has been called by org.openjdk.jmh.util.Utils (file:/C:/Users/Hareram%20ray/AI/numJ/.tools/jmh/jmh-core-1.37.jar)
WARNING: Please consider reporting this to the maintainers of class org.openjdk.jmh.util.Utils
WARNING: sun.misc.Unsafe::objectFieldOffset will be removed in a future release
# Warmup Iteration   1: 236399900.000 ns/op
# Warmup Iteration   2: 86.869 ns/op
# Warmup Iteration   3: 39.284 ns/op
# Warmup Iteration   4: 52.567 ns/op
Iteration   1: 37.997 ns/op
Iteration   2: 59.061 ns/op
Iteration   3: 102.703 ns/op
Iteration   4: 72.012 ns/op
Iteration   5: 90.781 ns/op

# Run progress: 48.41% complete, ETA 00:05:18
# Fork: 2 of 2
WARNING: A terminally deprecated method in sun.misc.Unsafe has been called
WARNING: sun.misc.Unsafe::objectFieldOffset has been called by org.openjdk.jmh.util.Utils (file:/C:/Users/Hareram%20ray/AI/numJ/.tools/jmh/jmh-core-1.37.jar)
WARNING: Please consider reporting this to the maintainers of class org.openjdk.jmh.util.Utils
WARNING: sun.misc.Unsafe::objectFieldOffset will be removed in a future release
# Warmup Iteration   1: 184697900.000 ns/op
# Warmup Iteration   2: 43.847 ns/op
# Warmup Iteration   3: 32.619 ns/op
# Warmup Iteration   4: 31.151 ns/op
Iteration   1: 30.876 ns/op
Iteration   2: 26.308 ns/op
Iteration   3: 31.750 ns/op
Iteration   4: 26.806 ns/op
Iteration   5: 33.551 ns/op


Result "numj.SmallBench.sqdist":
  51.185 ±(99.9%) 42.780 ns/op [Average]
  (min, avg, max) = (26.308, 51.185, 102.703), stdev = 28.296
  CI (99.9%): [8.405, 93.964] (assumes normal distribution)


# JMH version: 1.37
# VM version: JDK 25.0.4.1, OpenJDK 64-Bit Server VM, 25.0.4.1+1-LTS
# VM invoker: C:\Users\Hareram ray\AI\numJ\.tools\jdk\bin\java.exe
# VM options: --enable-native-access=ALL-UNNAMED --enable-native-access=ALL-UNNAMED -Xms1g -Xmx1g
# Blackhole mode: compiler (auto-detected, use -Djmh.blackhole.autoDetect=false to disable)
# Warmup: 4 iterations, 150 ms each
# Measurement: 5 iterations, 150 ms each
# Timeout: 10 min per iteration
# Threads: 1 thread, will synchronize iterations
# Benchmark mode: Average time, time/op
# Benchmark: numj.SmallBench.sqdist
# Parameters: (n = 64, path = java)

# Run progress: 48.70% complete, ETA 00:05:17
# Fork: 1 of 2
WARNING: A terminally deprecated method in sun.misc.Unsafe has been called
WARNING: sun.misc.Unsafe::objectFieldOffset has been called by org.openjdk.jmh.util.Utils (file:/C:/Users/Hareram%20ray/AI/numJ/.tools/jmh/jmh-core-1.37.jar)
WARNING: Please consider reporting this to the maintainers of class org.openjdk.jmh.util.Utils
WARNING: sun.misc.Unsafe::objectFieldOffset will be removed in a future release
# Warmup Iteration   1: 899.330 ns/op
# Warmup Iteration   2: 507.529 ns/op
# Warmup Iteration   3: 444.312 ns/op
# Warmup Iteration   4: 370.052 ns/op
Iteration   1: 479.221 ns/op
Iteration   2: 434.548 ns/op
Iteration   3: 541.990 ns/op
Iteration   4: 355.240 ns/op
Iteration   5: 473.764 ns/op

# Run progress: 49.00% complete, ETA 00:05:15
# Fork: 2 of 2
WARNING: A terminally deprecated method in sun.misc.Unsafe has been called
WARNING: sun.misc.Unsafe::objectFieldOffset has been called by org.openjdk.jmh.util.Utils (file:/C:/Users/Hareram%20ray/AI/numJ/.tools/jmh/jmh-core-1.37.jar)
WARNING: Please consider reporting this to the maintainers of class org.openjdk.jmh.util.Utils
WARNING: sun.misc.Unsafe::objectFieldOffset will be removed in a future release
# Warmup Iteration   1: 710.088 ns/op
# Warmup Iteration   2: 294.990 ns/op
# Warmup Iteration   3: 246.755 ns/op
# Warmup Iteration   4: 254.704 ns/op
Iteration   1: 311.056 ns/op
Iteration   2: 307.351 ns/op
Iteration   3: 227.493 ns/op
Iteration   4: 258.199 ns/op
Iteration   5: 261.216 ns/op


Result "numj.SmallBench.sqdist":
  365.008 ±(99.9%) 165.963 ns/op [Average]
  (min, avg, max) = (227.493, 365.008, 541.990), stdev = 109.774
  CI (99.9%): [199.045, 530.970] (assumes normal distribution)


# JMH version: 1.37
# VM version: JDK 25.0.4.1, OpenJDK 64-Bit Server VM, 25.0.4.1+1-LTS
# VM invoker: C:\Users\Hareram ray\AI\numJ\.tools\jdk\bin\java.exe
# VM options: --enable-native-access=ALL-UNNAMED --enable-native-access=ALL-UNNAMED -Xms1g -Xmx1g
# Blackhole mode: compiler (auto-detected, use -Djmh.blackhole.autoDetect=false to disable)
# Warmup: 4 iterations, 150 ms each
# Measurement: 5 iterations, 150 ms each
# Timeout: 10 min per iteration
# Threads: 1 thread, will synchronize iterations
# Benchmark mode: Average time, time/op
# Benchmark: numj.SmallBench.sqdist
# Parameters: (n = 64, path = native)

# Run progress: 49.29% complete, ETA 00:05:14
# Fork: 1 of 2
WARNING: A terminally deprecated method in sun.misc.Unsafe has been called
WARNING: sun.misc.Unsafe::objectFieldOffset has been called by org.openjdk.jmh.util.Utils (file:/C:/Users/Hareram%20ray/AI/numJ/.tools/jmh/jmh-core-1.37.jar)
WARNING: Please consider reporting this to the maintainers of class org.openjdk.jmh.util.Utils
WARNING: sun.misc.Unsafe::objectFieldOffset will be removed in a future release
# Warmup Iteration   1: 112.949 ns/op
# Warmup Iteration   2: 27.187 ns/op
# Warmup Iteration   3: 36.228 ns/op
# Warmup Iteration   4: 29.826 ns/op
Iteration   1: 23.833 ns/op
Iteration   2: 28.293 ns/op
Iteration   3: 27.176 ns/op
Iteration   4: 24.694 ns/op
Iteration   5: 32.048 ns/op

# Run progress: 49.58% complete, ETA 00:05:12
# Fork: 2 of 2
WARNING: A terminally deprecated method in sun.misc.Unsafe has been called
WARNING: sun.misc.Unsafe::objectFieldOffset has been called by org.openjdk.jmh.util.Utils (file:/C:/Users/Hareram%20ray/AI/numJ/.tools/jmh/jmh-core-1.37.jar)
WARNING: Please consider reporting this to the maintainers of class org.openjdk.jmh.util.Utils
WARNING: sun.misc.Unsafe::objectFieldOffset will be removed in a future release
# Warmup Iteration   1: 1422.820 ns/op
# Warmup Iteration   2: 24.667 ns/op
# Warmup Iteration   3: 29.861 ns/op
# Warmup Iteration   4: 33.701 ns/op
Iteration   1: 30.366 ns/op
Iteration   2: 27.379 ns/op
Iteration   3: 27.123 ns/op
Iteration   4: 24.070 ns/op
Iteration   5: 23.693 ns/op


Result "numj.SmallBench.sqdist":
  26.868 ±(99.9%) 4.316 ns/op [Average]
  (min, avg, max) = (23.693, 26.868, 32.048), stdev = 2.855
  CI (99.9%): [22.551, 31.184] (assumes normal distribution)


# JMH version: 1.37
# VM version: JDK 25.0.4.1, OpenJDK 64-Bit Server VM, 25.0.4.1+1-LTS
# VM invoker: C:\Users\Hareram ray\AI\numJ\.tools\jdk\bin\java.exe
# VM options: --enable-native-access=ALL-UNNAMED --enable-native-access=ALL-UNNAMED -Xms1g -Xmx1g
# Blackhole mode: compiler (auto-detected, use -Djmh.blackhole.autoDetect=false to disable)
# Warmup: 4 iterations, 150 ms each
# Measurement: 5 iterations, 150 ms each
# Timeout: 10 min per iteration
# Threads: 1 thread, will synchronize iterations
# Benchmark mode: Average time, time/op
# Benchmark: numj.SmallBench.sqdist
# Parameters: (n = 128, path = java)

# Run progress: 49.87% complete, ETA 00:05:10
# Fork: 1 of 2
WARNING: A terminally deprecated method in sun.misc.Unsafe has been called
WARNING: sun.misc.Unsafe::objectFieldOffset has been called by org.openjdk.jmh.util.Utils (file:/C:/Users/Hareram%20ray/AI/numJ/.tools/jmh/jmh-core-1.37.jar)
WARNING: Please consider reporting this to the maintainers of class org.openjdk.jmh.util.Utils
WARNING: sun.misc.Unsafe::objectFieldOffset will be removed in a future release
# Warmup Iteration   1: 541.278 ns/op
# Warmup Iteration   2: 414.457 ns/op
# Warmup Iteration   3: 377.808 ns/op
# Warmup Iteration   4: 338.794 ns/op
Iteration   1: 377.046 ns/op
Iteration   2: 341.650 ns/op
Iteration   3: 364.103 ns/op
Iteration   4: 349.848 ns/op
Iteration   5: 336.776 ns/op

# Run progress: 50.16% complete, ETA 00:05:08
# Fork: 2 of 2
WARNING: A terminally deprecated method in sun.misc.Unsafe has been called
WARNING: sun.misc.Unsafe::objectFieldOffset has been called by org.openjdk.jmh.util.Utils (file:/C:/Users/Hareram%20ray/AI/numJ/.tools/jmh/jmh-core-1.37.jar)
WARNING: Please consider reporting this to the maintainers of class org.openjdk.jmh.util.Utils
WARNING: sun.misc.Unsafe::objectFieldOffset will be removed in a future release
# Warmup Iteration   1: 573.716 ns/op
# Warmup Iteration   2: 403.261 ns/op
# Warmup Iteration   3: 382.751 ns/op
# Warmup Iteration   4: 354.445 ns/op
Iteration   1: 405.894 ns/op
Iteration   2: 353.378 ns/op
Iteration   3: 375.771 ns/op
Iteration   4: 396.183 ns/op
Iteration   5: 361.678 ns/op


Result "numj.SmallBench.sqdist":
  366.233 ±(99.9%) 34.213 ns/op [Average]
  (min, avg, max) = (336.776, 366.233, 405.894), stdev = 22.630
  CI (99.9%): [332.020, 400.445] (assumes normal distribution)


# JMH version: 1.37
# VM version: JDK 25.0.4.1, OpenJDK 64-Bit Server VM, 25.0.4.1+1-LTS
# VM invoker: C:\Users\Hareram ray\AI\numJ\.tools\jdk\bin\java.exe
# VM options: --enable-native-access=ALL-UNNAMED --enable-native-access=ALL-UNNAMED -Xms1g -Xmx1g
# Blackhole mode: compiler (auto-detected, use -Djmh.blackhole.autoDetect=false to disable)
# Warmup: 4 iterations, 150 ms each
# Measurement: 5 iterations, 150 ms each
# Timeout: 10 min per iteration
# Threads: 1 thread, will synchronize iterations
# Benchmark mode: Average time, time/op
# Benchmark: numj.SmallBench.sqdist
# Parameters: (n = 128, path = native)

# Run progress: 50.45% complete, ETA 00:05:06
# Fork: 1 of 2
WARNING: A terminally deprecated method in sun.misc.Unsafe has been called
WARNING: sun.misc.Unsafe::objectFieldOffset has been called by org.openjdk.jmh.util.Utils (file:/C:/Users/Hareram%20ray/AI/numJ/.tools/jmh/jmh-core-1.37.jar)
WARNING: Please consider reporting this to the maintainers of class org.openjdk.jmh.util.Utils
WARNING: sun.misc.Unsafe::objectFieldOffset will be removed in a future release
# Warmup Iteration   1: 132.025 ns/op
# Warmup Iteration   2: 31.980 ns/op
# Warmup Iteration   3: 81.171 ns/op
# Warmup Iteration   4: 33.400 ns/op
Iteration   1: 28.459 ns/op
Iteration   2: 32.243 ns/op
Iteration   3: 29.802 ns/op
Iteration   4: 27.509 ns/op
Iteration   5: 28.166 ns/op

# Run progress: 50.74% complete, ETA 00:05:04
# Fork: 2 of 2
WARNING: A terminally deprecated method in sun.misc.Unsafe has been called
WARNING: sun.misc.Unsafe::objectFieldOffset has been called by org.openjdk.jmh.util.Utils (file:/C:/Users/Hareram%20ray/AI/numJ/.tools/jmh/jmh-core-1.37.jar)
WARNING: Please consider reporting this to the maintainers of class org.openjdk.jmh.util.Utils
WARNING: sun.misc.Unsafe::objectFieldOffset will be removed in a future release
# Warmup Iteration   1: 8366.546 ns/op
# Warmup Iteration   2: 32.535 ns/op
# Warmup Iteration   3: 28.905 ns/op
# Warmup Iteration   4: 36.967 ns/op
Iteration   1: 54.458 ns/op
Iteration   2: 72.790 ns/op
Iteration   3: 101.207 ns/op
Iteration   4: 28.637 ns/op
Iteration   5: 28.669 ns/op


Result "numj.SmallBench.sqdist":
  43.194 ±(99.9%) 38.312 ns/op [Average]
  (min, avg, max) = (27.509, 43.194, 101.207), stdev = 25.341
  CI (99.9%): [4.882, 81.506] (assumes normal distribution)


# JMH version: 1.37
# VM version: JDK 25.0.4.1, OpenJDK 64-Bit Server VM, 25.0.4.1+1-LTS
# VM invoker: C:\Users\Hareram ray\AI\numJ\.tools\jdk\bin\java.exe
# VM options: --enable-native-access=ALL-UNNAMED --enable-native-access=ALL-UNNAMED -Xms1g -Xmx1g
# Blackhole mode: compiler (auto-detected, use -Djmh.blackhole.autoDetect=false to disable)
# Warmup: 4 iterations, 150 ms each
# Measurement: 5 iterations, 150 ms each
# Timeout: 10 min per iteration
# Threads: 1 thread, will synchronize iterations
# Benchmark mode: Average time, time/op
# Benchmark: numj.SmallBench.sqdist
# Parameters: (n = 256, path = java)

# Run progress: 51.04% complete, ETA 00:05:02
# Fork: 1 of 2
WARNING: A terminally deprecated method in sun.misc.Unsafe has been called
WARNING: sun.misc.Unsafe::objectFieldOffset has been called by org.openjdk.jmh.util.Utils (file:/C:/Users/Hareram%20ray/AI/numJ/.tools/jmh/jmh-core-1.37.jar)
WARNING: Please consider reporting this to the maintainers of class org.openjdk.jmh.util.Utils
WARNING: sun.misc.Unsafe::objectFieldOffset will be removed in a future release
# Warmup Iteration   1: 993.374 ns/op
# Warmup Iteration   2: 719.379 ns/op
# Warmup Iteration   3: 688.323 ns/op
# Warmup Iteration   4: 647.905 ns/op
Iteration   1: 579.826 ns/op
Iteration   2: 574.803 ns/op
Iteration   3: 609.175 ns/op
Iteration   4: 675.773 ns/op
Iteration   5: 590.444 ns/op

# Run progress: 51.33% complete, ETA 00:05:00
# Fork: 2 of 2
WARNING: A terminally deprecated method in sun.misc.Unsafe has been called
WARNING: sun.misc.Unsafe::objectFieldOffset has been called by org.openjdk.jmh.util.Utils (file:/C:/Users/Hareram%20ray/AI/numJ/.tools/jmh/jmh-core-1.37.jar)
WARNING: Please consider reporting this to the maintainers of class org.openjdk.jmh.util.Utils
WARNING: sun.misc.Unsafe::objectFieldOffset will be removed in a future release
# Warmup Iteration   1: 965.830 ns/op
# Warmup Iteration   2: 642.342 ns/op
# Warmup Iteration   3: 675.252 ns/op
# Warmup Iteration   4: 1034.756 ns/op
Iteration   1: 899.064 ns/op
Iteration   2: 652.215 ns/op
Iteration   3: 601.257 ns/op
Iteration   4: 632.872 ns/op
Iteration   5: 601.038 ns/op


Result "numj.SmallBench.sqdist":
  641.647 ±(99.9%) 145.068 ns/op [Average]
  (min, avg, max) = (574.803, 641.647, 899.064), stdev = 95.953
  CI (99.9%): [496.579, 786.715] (assumes normal distribution)


# JMH version: 1.37
# VM version: JDK 25.0.4.1, OpenJDK 64-Bit Server VM, 25.0.4.1+1-LTS
# VM invoker: C:\Users\Hareram ray\AI\numJ\.tools\jdk\bin\java.exe
# VM options: --enable-native-access=ALL-UNNAMED --enable-native-access=ALL-UNNAMED -Xms1g -Xmx1g
# Blackhole mode: compiler (auto-detected, use -Djmh.blackhole.autoDetect=false to disable)
# Warmup: 4 iterations, 150 ms each
# Measurement: 5 iterations, 150 ms each
# Timeout: 10 min per iteration
# Threads: 1 thread, will synchronize iterations
# Benchmark mode: Average time, time/op
# Benchmark: numj.SmallBench.sqdist
# Parameters: (n = 256, path = native)

# Run progress: 51.62% complete, ETA 00:04:59
# Fork: 1 of 2
WARNING: A terminally deprecated method in sun.misc.Unsafe has been called
WARNING: sun.misc.Unsafe::objectFieldOffset has been called by org.openjdk.jmh.util.Utils (file:/C:/Users/Hareram%20ray/AI/numJ/.tools/jmh/jmh-core-1.37.jar)
WARNING: Please consider reporting this to the maintainers of class org.openjdk.jmh.util.Utils
WARNING: sun.misc.Unsafe::objectFieldOffset will be removed in a future release
# Warmup Iteration   1: 133.812 ns/op
# Warmup Iteration   2: 37.784 ns/op
# Warmup Iteration   3: 37.932 ns/op
# Warmup Iteration   4: 37.282 ns/op
Iteration   1: 38.705 ns/op
Iteration   2: 39.203 ns/op
Iteration   3: 37.665 ns/op
Iteration   4: 38.945 ns/op
Iteration   5: 38.109 ns/op

# Run progress: 51.91% complete, ETA 00:04:57
# Fork: 2 of 2
WARNING: A terminally deprecated method in sun.misc.Unsafe has been called
WARNING: sun.misc.Unsafe::objectFieldOffset has been called by org.openjdk.jmh.util.Utils (file:/C:/Users/Hareram%20ray/AI/numJ/.tools/jmh/jmh-core-1.37.jar)
WARNING: Please consider reporting this to the maintainers of class org.openjdk.jmh.util.Utils
WARNING: sun.misc.Unsafe::objectFieldOffset will be removed in a future release
# Warmup Iteration   1: 125.724 ns/op
# Warmup Iteration   2: 41.980 ns/op
# Warmup Iteration   3: 38.155 ns/op
# Warmup Iteration   4: 37.716 ns/op
Iteration   1: 37.458 ns/op
Iteration   2: 56.889 ns/op
Iteration   3: 51.152 ns/op
Iteration   4: 38.411 ns/op
Iteration   5: 39.132 ns/op


Result "numj.SmallBench.sqdist":
  41.567 ±(99.9%) 10.170 ns/op [Average]
  (min, avg, max) = (37.458, 41.567, 56.889), stdev = 6.727
  CI (99.9%): [31.397, 51.737] (assumes normal distribution)


# JMH version: 1.37
# VM version: JDK 25.0.4.1, OpenJDK 64-Bit Server VM, 25.0.4.1+1-LTS
# VM invoker: C:\Users\Hareram ray\AI\numJ\.tools\jdk\bin\java.exe
# VM options: --enable-native-access=ALL-UNNAMED --enable-native-access=ALL-UNNAMED -Xms1g -Xmx1g
# Blackhole mode: compiler (auto-detected, use -Djmh.blackhole.autoDetect=false to disable)
# Warmup: 4 iterations, 150 ms each
# Measurement: 5 iterations, 150 ms each
# Timeout: 10 min per iteration
# Threads: 1 thread, will synchronize iterations
# Benchmark mode: Average time, time/op
# Benchmark: numj.SmallBench.sqdist
# Parameters: (n = 1024, path = java)

# Run progress: 52.20% complete, ETA 00:04:55
# Fork: 1 of 2
WARNING: A terminally deprecated method in sun.misc.Unsafe has been called
WARNING: sun.misc.Unsafe::objectFieldOffset has been called by org.openjdk.jmh.util.Utils (file:/C:/Users/Hareram%20ray/AI/numJ/.tools/jmh/jmh-core-1.37.jar)
WARNING: Please consider reporting this to the maintainers of class org.openjdk.jmh.util.Utils
WARNING: sun.misc.Unsafe::objectFieldOffset will be removed in a future release
# Warmup Iteration   1: 3046.021 ns/op
# Warmup Iteration   2: 1887.990 ns/op
# Warmup Iteration   3: 1933.543 ns/op
# Warmup Iteration   4: 1900.199 ns/op
Iteration   1: 1909.967 ns/op
Iteration   2: 1929.903 ns/op
Iteration   3: 1966.119 ns/op
Iteration   4: 1961.328 ns/op
Iteration   5: 1852.208 ns/op

# Run progress: 52.49% complete, ETA 00:04:53
# Fork: 2 of 2
WARNING: A terminally deprecated method in sun.misc.Unsafe has been called
WARNING: sun.misc.Unsafe::objectFieldOffset has been called by org.openjdk.jmh.util.Utils (file:/C:/Users/Hareram%20ray/AI/numJ/.tools/jmh/jmh-core-1.37.jar)
WARNING: Please consider reporting this to the maintainers of class org.openjdk.jmh.util.Utils
WARNING: sun.misc.Unsafe::objectFieldOffset will be removed in a future release
# Warmup Iteration   1: 3231.352 ns/op
# Warmup Iteration   2: 2019.506 ns/op
# Warmup Iteration   3: 2000.914 ns/op
# Warmup Iteration   4: 2644.375 ns/op
Iteration   1: 1993.627 ns/op
Iteration   2: 1970.549 ns/op
Iteration   3: 2062.799 ns/op
Iteration   4: 2076.425 ns/op
Iteration   5: 2059.121 ns/op


Result "numj.SmallBench.sqdist":
  1978.204 ±(99.9%) 109.188 ns/op [Average]
  (min, avg, max) = (1852.208, 1978.204, 2076.425), stdev = 72.221
  CI (99.9%): [1869.017, 2087.392] (assumes normal distribution)


# JMH version: 1.37
# VM version: JDK 25.0.4.1, OpenJDK 64-Bit Server VM, 25.0.4.1+1-LTS
# VM invoker: C:\Users\Hareram ray\AI\numJ\.tools\jdk\bin\java.exe
# VM options: --enable-native-access=ALL-UNNAMED --enable-native-access=ALL-UNNAMED -Xms1g -Xmx1g
# Blackhole mode: compiler (auto-detected, use -Djmh.blackhole.autoDetect=false to disable)
# Warmup: 4 iterations, 150 ms each
# Measurement: 5 iterations, 150 ms each
# Timeout: 10 min per iteration
# Threads: 1 thread, will synchronize iterations
# Benchmark mode: Average time, time/op
# Benchmark: numj.SmallBench.sqdist
# Parameters: (n = 1024, path = native)

# Run progress: 52.78% complete, ETA 00:04:51
# Fork: 1 of 2
WARNING: A terminally deprecated method in sun.misc.Unsafe has been called
WARNING: sun.misc.Unsafe::objectFieldOffset has been called by org.openjdk.jmh.util.Utils (file:/C:/Users/Hareram%20ray/AI/numJ/.tools/jmh/jmh-core-1.37.jar)
WARNING: Please consider reporting this to the maintainers of class org.openjdk.jmh.util.Utils
WARNING: sun.misc.Unsafe::objectFieldOffset will be removed in a future release
# Warmup Iteration   1: 415.597 ns/op
# Warmup Iteration   2: 86.297 ns/op
# Warmup Iteration   3: 89.436 ns/op
# Warmup Iteration   4: 98.059 ns/op
Iteration   1: 96.502 ns/op
Iteration   2: 92.165 ns/op
Iteration   3: 92.220 ns/op
Iteration   4: 90.102 ns/op
Iteration   5: 110.668 ns/op

# Run progress: 53.08% complete, ETA 00:04:49
# Fork: 2 of 2
WARNING: A terminally deprecated method in sun.misc.Unsafe has been called
WARNING: sun.misc.Unsafe::objectFieldOffset has been called by org.openjdk.jmh.util.Utils (file:/C:/Users/Hareram%20ray/AI/numJ/.tools/jmh/jmh-core-1.37.jar)
WARNING: Please consider reporting this to the maintainers of class org.openjdk.jmh.util.Utils
WARNING: sun.misc.Unsafe::objectFieldOffset will be removed in a future release
# Warmup Iteration   1: 430.747 ns/op
# Warmup Iteration   2: 88.468 ns/op
# Warmup Iteration   3: 91.839 ns/op
# Warmup Iteration   4: 88.982 ns/op
Iteration   1: 91.399 ns/op
Iteration   2: 93.419 ns/op
Iteration   3: 106.507 ns/op
Iteration   4: 96.744 ns/op
Iteration   5: 97.613 ns/op


Result "numj.SmallBench.sqdist":
  96.734 ±(99.9%) 10.268 ns/op [Average]
  (min, avg, max) = (90.102, 96.734, 110.668), stdev = 6.792
  CI (99.9%): [86.466, 107.003] (assumes normal distribution)


# JMH version: 1.37
# VM version: JDK 25.0.4.1, OpenJDK 64-Bit Server VM, 25.0.4.1+1-LTS
# VM invoker: C:\Users\Hareram ray\AI\numJ\.tools\jdk\bin\java.exe
# VM options: --enable-native-access=ALL-UNNAMED --enable-native-access=ALL-UNNAMED -Xms1g -Xmx1g
# Blackhole mode: compiler (auto-detected, use -Djmh.blackhole.autoDetect=false to disable)
# Warmup: 4 iterations, 150 ms each
# Measurement: 5 iterations, 150 ms each
# Timeout: 10 min per iteration
# Threads: 1 thread, will synchronize iterations
# Benchmark mode: Average time, time/op
# Benchmark: numj.SmallBench.sum
# Parameters: (n = 1, path = java)

# Run progress: 53.37% complete, ETA 00:04:47
# Fork: 1 of 2
WARNING: A terminally deprecated method in sun.misc.Unsafe has been called
WARNING: sun.misc.Unsafe::objectFieldOffset has been called by org.openjdk.jmh.util.Utils (file:/C:/Users/Hareram%20ray/AI/numJ/.tools/jmh/jmh-core-1.37.jar)
WARNING: Please consider reporting this to the maintainers of class org.openjdk.jmh.util.Utils
WARNING: sun.misc.Unsafe::objectFieldOffset will be removed in a future release
# Warmup Iteration   1: 307.197 ns/op
# Warmup Iteration   2: 294.559 ns/op
# Warmup Iteration   3: 221.649 ns/op
# Warmup Iteration   4: 270.965 ns/op
Iteration   1: 256.684 ns/op
Iteration   2: 370.210 ns/op
Iteration   3: 217.057 ns/op
Iteration   4: 224.547 ns/op
Iteration   5: 225.833 ns/op

# Run progress: 53.66% complete, ETA 00:04:45
# Fork: 2 of 2
WARNING: A terminally deprecated method in sun.misc.Unsafe has been called
WARNING: sun.misc.Unsafe::objectFieldOffset has been called by org.openjdk.jmh.util.Utils (file:/C:/Users/Hareram%20ray/AI/numJ/.tools/jmh/jmh-core-1.37.jar)
WARNING: Please consider reporting this to the maintainers of class org.openjdk.jmh.util.Utils
WARNING: sun.misc.Unsafe::objectFieldOffset will be removed in a future release
# Warmup Iteration   1: 269.275 ns/op
# Warmup Iteration   2: 267.460 ns/op
# Warmup Iteration   3: 224.158 ns/op
# Warmup Iteration   4: 231.332 ns/op
Iteration   1: 219.971 ns/op
Iteration   2: 201.632 ns/op
Iteration   3: 240.569 ns/op
Iteration   4: 235.294 ns/op
Iteration   5: 211.623 ns/op


Result "numj.SmallBench.sum":
  240.342 ±(99.9%) 72.853 ns/op [Average]
  (min, avg, max) = (201.632, 240.342, 370.210), stdev = 48.188
  CI (99.9%): [167.489, 313.195] (assumes normal distribution)


# JMH version: 1.37
# VM version: JDK 25.0.4.1, OpenJDK 64-Bit Server VM, 25.0.4.1+1-LTS
# VM invoker: C:\Users\Hareram ray\AI\numJ\.tools\jdk\bin\java.exe
# VM options: --enable-native-access=ALL-UNNAMED --enable-native-access=ALL-UNNAMED -Xms1g -Xmx1g
# Blackhole mode: compiler (auto-detected, use -Djmh.blackhole.autoDetect=false to disable)
# Warmup: 4 iterations, 150 ms each
# Measurement: 5 iterations, 150 ms each
# Timeout: 10 min per iteration
# Threads: 1 thread, will synchronize iterations
# Benchmark mode: Average time, time/op
# Benchmark: numj.SmallBench.sum
# Parameters: (n = 1, path = native)

# Run progress: 53.95% complete, ETA 00:04:43
# Fork: 1 of 2
WARNING: A terminally deprecated method in sun.misc.Unsafe has been called
WARNING: sun.misc.Unsafe::objectFieldOffset has been called by org.openjdk.jmh.util.Utils (file:/C:/Users/Hareram%20ray/AI/numJ/.tools/jmh/jmh-core-1.37.jar)
WARNING: Please consider reporting this to the maintainers of class org.openjdk.jmh.util.Utils
WARNING: sun.misc.Unsafe::objectFieldOffset will be removed in a future release
# Warmup Iteration   1: 353.634 ns/op
# Warmup Iteration   2: 119.215 ns/op
# Warmup Iteration   3: 89.778 ns/op
# Warmup Iteration   4: 138.081 ns/op
Iteration   1: 164.661 ns/op
Iteration   2: 98.605 ns/op
Iteration   3: 124.372 ns/op
Iteration   4: 115.213 ns/op
Iteration   5: 90.767 ns/op

# Run progress: 54.24% complete, ETA 00:04:42
# Fork: 2 of 2
WARNING: A terminally deprecated method in sun.misc.Unsafe has been called
WARNING: sun.misc.Unsafe::objectFieldOffset has been called by org.openjdk.jmh.util.Utils (file:/C:/Users/Hareram%20ray/AI/numJ/.tools/jmh/jmh-core-1.37.jar)
WARNING: Please consider reporting this to the maintainers of class org.openjdk.jmh.util.Utils
WARNING: sun.misc.Unsafe::objectFieldOffset will be removed in a future release
# Warmup Iteration   1: 300.453 ns/op
# Warmup Iteration   2: 122.286 ns/op
# Warmup Iteration   3: 97.350 ns/op
# Warmup Iteration   4: 100.370 ns/op
Iteration   1: 105.933 ns/op
Iteration   2: 90.536 ns/op
Iteration   3: 93.073 ns/op
Iteration   4: 97.415 ns/op
Iteration   5: 83.789 ns/op


Result "numj.SmallBench.sum":
  106.436 ±(99.9%) 36.066 ns/op [Average]
  (min, avg, max) = (83.789, 106.436, 164.661), stdev = 23.855
  CI (99.9%): [70.371, 142.502] (assumes normal distribution)


# JMH version: 1.37
# VM version: JDK 25.0.4.1, OpenJDK 64-Bit Server VM, 25.0.4.1+1-LTS
# VM invoker: C:\Users\Hareram ray\AI\numJ\.tools\jdk\bin\java.exe
# VM options: --enable-native-access=ALL-UNNAMED --enable-native-access=ALL-UNNAMED -Xms1g -Xmx1g
# Blackhole mode: compiler (auto-detected, use -Djmh.blackhole.autoDetect=false to disable)
# Warmup: 4 iterations, 150 ms each
# Measurement: 5 iterations, 150 ms each
# Timeout: 10 min per iteration
# Threads: 1 thread, will synchronize iterations
# Benchmark mode: Average time, time/op
# Benchmark: numj.SmallBench.sum
# Parameters: (n = 4, path = java)

# Run progress: 54.53% complete, ETA 00:04:40
# Fork: 1 of 2
WARNING: A terminally deprecated method in sun.misc.Unsafe has been called
WARNING: sun.misc.Unsafe::objectFieldOffset has been called by org.openjdk.jmh.util.Utils (file:/C:/Users/Hareram%20ray/AI/numJ/.tools/jmh/jmh-core-1.37.jar)
WARNING: Please consider reporting this to the maintainers of class org.openjdk.jmh.util.Utils
WARNING: sun.misc.Unsafe::objectFieldOffset will be removed in a future release
# Warmup Iteration   1: 686.562 ns/op
# Warmup Iteration   2: 321.195 ns/op
# Warmup Iteration   3: 240.568 ns/op
# Warmup Iteration   4: 239.567 ns/op
Iteration   1: 231.992 ns/op
Iteration   2: 219.685 ns/op
Iteration   3: 217.245 ns/op
Iteration   4: 214.254 ns/op
Iteration   5: 217.205 ns/op

# Run progress: 54.83% complete, ETA 00:04:38
# Fork: 2 of 2
WARNING: A terminally deprecated method in sun.misc.Unsafe has been called
WARNING: sun.misc.Unsafe::objectFieldOffset has been called by org.openjdk.jmh.util.Utils (file:/C:/Users/Hareram%20ray/AI/numJ/.tools/jmh/jmh-core-1.37.jar)
WARNING: Please consider reporting this to the maintainers of class org.openjdk.jmh.util.Utils
WARNING: sun.misc.Unsafe::objectFieldOffset will be removed in a future release
# Warmup Iteration   1: 333.236 ns/op
# Warmup Iteration   2: 269.824 ns/op
# Warmup Iteration   3: 239.676 ns/op
# Warmup Iteration   4: 230.662 ns/op
Iteration   1: 248.318 ns/op
Iteration   2: 220.817 ns/op
Iteration   3: 290.790 ns/op
Iteration   4: 318.995 ns/op
Iteration   5: 314.228 ns/op


Result "numj.SmallBench.sum":
  249.353 ±(99.9%) 63.883 ns/op [Average]
  (min, avg, max) = (214.254, 249.353, 318.995), stdev = 42.255
  CI (99.9%): [185.470, 313.236] (assumes normal distribution)


# JMH version: 1.37
# VM version: JDK 25.0.4.1, OpenJDK 64-Bit Server VM, 25.0.4.1+1-LTS
# VM invoker: C:\Users\Hareram ray\AI\numJ\.tools\jdk\bin\java.exe
# VM options: --enable-native-access=ALL-UNNAMED --enable-native-access=ALL-UNNAMED -Xms1g -Xmx1g
# Blackhole mode: compiler (auto-detected, use -Djmh.blackhole.autoDetect=false to disable)
# Warmup: 4 iterations, 150 ms each
# Measurement: 5 iterations, 150 ms each
# Timeout: 10 min per iteration
# Threads: 1 thread, will synchronize iterations
# Benchmark mode: Average time, time/op
# Benchmark: numj.SmallBench.sum
# Parameters: (n = 4, path = native)

# Run progress: 55.12% complete, ETA 00:04:36
# Fork: 1 of 2
WARNING: A terminally deprecated method in sun.misc.Unsafe has been called
WARNING: sun.misc.Unsafe::objectFieldOffset has been called by org.openjdk.jmh.util.Utils (file:/C:/Users/Hareram%20ray/AI/numJ/.tools/jmh/jmh-core-1.37.jar)
WARNING: Please consider reporting this to the maintainers of class org.openjdk.jmh.util.Utils
WARNING: sun.misc.Unsafe::objectFieldOffset will be removed in a future release
# Warmup Iteration   1: 455.589 ns/op
# Warmup Iteration   2: 133.184 ns/op
# Warmup Iteration   3: 101.108 ns/op
# Warmup Iteration   4: 103.549 ns/op
Iteration   1: 106.545 ns/op
Iteration   2: 103.757 ns/op
Iteration   3: 94.461 ns/op
Iteration   4: 95.838 ns/op
Iteration   5: 92.925 ns/op

# Run progress: 55.41% complete, ETA 00:04:34
# Fork: 2 of 2
WARNING: A terminally deprecated method in sun.misc.Unsafe has been called
WARNING: sun.misc.Unsafe::objectFieldOffset has been called by org.openjdk.jmh.util.Utils (file:/C:/Users/Hareram%20ray/AI/numJ/.tools/jmh/jmh-core-1.37.jar)
WARNING: Please consider reporting this to the maintainers of class org.openjdk.jmh.util.Utils
WARNING: sun.misc.Unsafe::objectFieldOffset will be removed in a future release
# Warmup Iteration   1: 384.200 ns/op
# Warmup Iteration   2: 121.319 ns/op
# Warmup Iteration   3: 102.411 ns/op
# Warmup Iteration   4: 105.672 ns/op
Iteration   1: 155.184 ns/op
Iteration   2: 95.932 ns/op
Iteration   3: 91.176 ns/op
Iteration   4: 93.187 ns/op
Iteration   5: 89.256 ns/op


Result "numj.SmallBench.sum":
  101.826 ±(99.9%) 29.485 ns/op [Average]
  (min, avg, max) = (89.256, 101.826, 155.184), stdev = 19.503
  CI (99.9%): [72.341, 131.311] (assumes normal distribution)


# JMH version: 1.37
# VM version: JDK 25.0.4.1, OpenJDK 64-Bit Server VM, 25.0.4.1+1-LTS
# VM invoker: C:\Users\Hareram ray\AI\numJ\.tools\jdk\bin\java.exe
# VM options: --enable-native-access=ALL-UNNAMED --enable-native-access=ALL-UNNAMED -Xms1g -Xmx1g
# Blackhole mode: compiler (auto-detected, use -Djmh.blackhole.autoDetect=false to disable)
# Warmup: 4 iterations, 150 ms each
# Measurement: 5 iterations, 150 ms each
# Timeout: 10 min per iteration
# Threads: 1 thread, will synchronize iterations
# Benchmark mode: Average time, time/op
# Benchmark: numj.SmallBench.sum
# Parameters: (n = 16, path = java)

# Run progress: 55.70% complete, ETA 00:04:32
# Fork: 1 of 2
WARNING: A terminally deprecated method in sun.misc.Unsafe has been called
WARNING: sun.misc.Unsafe::objectFieldOffset has been called by org.openjdk.jmh.util.Utils (file:/C:/Users/Hareram%20ray/AI/numJ/.tools/jmh/jmh-core-1.37.jar)
WARNING: Please consider reporting this to the maintainers of class org.openjdk.jmh.util.Utils
WARNING: sun.misc.Unsafe::objectFieldOffset will be removed in a future release
# Warmup Iteration   1: 342.839 ns/op
# Warmup Iteration   2: 276.794 ns/op
# Warmup Iteration   3: 231.264 ns/op
# Warmup Iteration   4: 232.174 ns/op
Iteration   1: 251.969 ns/op
Iteration   2: 269.346 ns/op
Iteration   3: 229.556 ns/op
Iteration   4: 231.940 ns/op
Iteration   5: 227.561 ns/op

# Run progress: 55.99% complete, ETA 00:04:30
# Fork: 2 of 2
WARNING: A terminally deprecated method in sun.misc.Unsafe has been called
WARNING: sun.misc.Unsafe::objectFieldOffset has been called by org.openjdk.jmh.util.Utils (file:/C:/Users/Hareram%20ray/AI/numJ/.tools/jmh/jmh-core-1.37.jar)
WARNING: Please consider reporting this to the maintainers of class org.openjdk.jmh.util.Utils
WARNING: sun.misc.Unsafe::objectFieldOffset will be removed in a future release
# Warmup Iteration   1: 341.911 ns/op
# Warmup Iteration   2: 267.591 ns/op
# Warmup Iteration   3: 229.139 ns/op
# Warmup Iteration   4: 226.814 ns/op
Iteration   1: 498.437 ns/op
Iteration   2: 372.224 ns/op
Iteration   3: 220.750 ns/op
Iteration   4: 320.078 ns/op
Iteration   5: 217.618 ns/op


Result "numj.SmallBench.sum":
  283.948 ±(99.9%) 136.697 ns/op [Average]
  (min, avg, max) = (217.618, 283.948, 498.437), stdev = 90.416
  CI (99.9%): [147.251, 420.644] (assumes normal distribution)


# JMH version: 1.37
# VM version: JDK 25.0.4.1, OpenJDK 64-Bit Server VM, 25.0.4.1+1-LTS
# VM invoker: C:\Users\Hareram ray\AI\numJ\.tools\jdk\bin\java.exe
# VM options: --enable-native-access=ALL-UNNAMED --enable-native-access=ALL-UNNAMED -Xms1g -Xmx1g
# Blackhole mode: compiler (auto-detected, use -Djmh.blackhole.autoDetect=false to disable)
# Warmup: 4 iterations, 150 ms each
# Measurement: 5 iterations, 150 ms each
# Timeout: 10 min per iteration
# Threads: 1 thread, will synchronize iterations
# Benchmark mode: Average time, time/op
# Benchmark: numj.SmallBench.sum
# Parameters: (n = 16, path = native)

# Run progress: 56.28% complete, ETA 00:04:28
# Fork: 1 of 2
WARNING: A terminally deprecated method in sun.misc.Unsafe has been called
WARNING: sun.misc.Unsafe::objectFieldOffset has been called by org.openjdk.jmh.util.Utils (file:/C:/Users/Hareram%20ray/AI/numJ/.tools/jmh/jmh-core-1.37.jar)
WARNING: Please consider reporting this to the maintainers of class org.openjdk.jmh.util.Utils
WARNING: sun.misc.Unsafe::objectFieldOffset will be removed in a future release
# Warmup Iteration   1: 475.916 ns/op
# Warmup Iteration   2: 121.528 ns/op
# Warmup Iteration   3: 90.145 ns/op
# Warmup Iteration   4: 97.273 ns/op
Iteration   1: 97.791 ns/op
Iteration   2: 90.908 ns/op
Iteration   3: 89.658 ns/op
Iteration   4: 89.751 ns/op
Iteration   5: 87.993 ns/op

# Run progress: 56.57% complete, ETA 00:04:27
# Fork: 2 of 2
WARNING: A terminally deprecated method in sun.misc.Unsafe has been called
WARNING: sun.misc.Unsafe::objectFieldOffset has been called by org.openjdk.jmh.util.Utils (file:/C:/Users/Hareram%20ray/AI/numJ/.tools/jmh/jmh-core-1.37.jar)
WARNING: Please consider reporting this to the maintainers of class org.openjdk.jmh.util.Utils
WARNING: sun.misc.Unsafe::objectFieldOffset will be removed in a future release
# Warmup Iteration   1: 259.499 ns/op
# Warmup Iteration   2: 114.739 ns/op
# Warmup Iteration   3: 97.300 ns/op
# Warmup Iteration   4: 89.278 ns/op
Iteration   1: 100.878 ns/op
Iteration   2: 97.732 ns/op
Iteration   3: 92.352 ns/op
Iteration   4: 127.530 ns/op
Iteration   5: 87.650 ns/op


Result "numj.SmallBench.sum":
  96.224 ±(99.9%) 18.002 ns/op [Average]
  (min, avg, max) = (87.650, 96.224, 127.530), stdev = 11.907
  CI (99.9%): [78.223, 114.226] (assumes normal distribution)


# JMH version: 1.37
# VM version: JDK 25.0.4.1, OpenJDK 64-Bit Server VM, 25.0.4.1+1-LTS
# VM invoker: C:\Users\Hareram ray\AI\numJ\.tools\jdk\bin\java.exe
# VM options: --enable-native-access=ALL-UNNAMED --enable-native-access=ALL-UNNAMED -Xms1g -Xmx1g
# Blackhole mode: compiler (auto-detected, use -Djmh.blackhole.autoDetect=false to disable)
# Warmup: 4 iterations, 150 ms each
# Measurement: 5 iterations, 150 ms each
# Timeout: 10 min per iteration
# Threads: 1 thread, will synchronize iterations
# Benchmark mode: Average time, time/op
# Benchmark: numj.SmallBench.sum
# Parameters: (n = 32, path = java)

# Run progress: 56.87% complete, ETA 00:04:25
# Fork: 1 of 2
WARNING: A terminally deprecated method in sun.misc.Unsafe has been called
WARNING: sun.misc.Unsafe::objectFieldOffset has been called by org.openjdk.jmh.util.Utils (file:/C:/Users/Hareram%20ray/AI/numJ/.tools/jmh/jmh-core-1.37.jar)
WARNING: Please consider reporting this to the maintainers of class org.openjdk.jmh.util.Utils
WARNING: sun.misc.Unsafe::objectFieldOffset will be removed in a future release
# Warmup Iteration   1: 401.680 ns/op
# Warmup Iteration   2: 284.290 ns/op
# Warmup Iteration   3: 226.793 ns/op
# Warmup Iteration   4: 237.880 ns/op
Iteration   1: 243.241 ns/op
Iteration   2: 244.696 ns/op
Iteration   3: 239.917 ns/op
Iteration   4: 230.435 ns/op
Iteration   5: 232.992 ns/op

# Run progress: 57.16% complete, ETA 00:04:23
# Fork: 2 of 2
WARNING: A terminally deprecated method in sun.misc.Unsafe has been called
WARNING: sun.misc.Unsafe::objectFieldOffset has been called by org.openjdk.jmh.util.Utils (file:/C:/Users/Hareram%20ray/AI/numJ/.tools/jmh/jmh-core-1.37.jar)
WARNING: Please consider reporting this to the maintainers of class org.openjdk.jmh.util.Utils
WARNING: sun.misc.Unsafe::objectFieldOffset will be removed in a future release
# Warmup Iteration   1: 410.786 ns/op
# Warmup Iteration   2: 323.671 ns/op
# Warmup Iteration   3: 241.323 ns/op
# Warmup Iteration   4: 242.977 ns/op
Iteration   1: 235.200 ns/op
Iteration   2: 245.931 ns/op
Iteration   3: 239.079 ns/op
Iteration   4: 227.988 ns/op
Iteration   5: 234.657 ns/op


Result "numj.SmallBench.sum":
  237.414 ±(99.9%) 9.267 ns/op [Average]
  (min, avg, max) = (227.988, 237.414, 245.931), stdev = 6.130
  CI (99.9%): [228.146, 246.681] (assumes normal distribution)


# JMH version: 1.37
# VM version: JDK 25.0.4.1, OpenJDK 64-Bit Server VM, 25.0.4.1+1-LTS
# VM invoker: C:\Users\Hareram ray\AI\numJ\.tools\jdk\bin\java.exe
# VM options: --enable-native-access=ALL-UNNAMED --enable-native-access=ALL-UNNAMED -Xms1g -Xmx1g
# Blackhole mode: compiler (auto-detected, use -Djmh.blackhole.autoDetect=false to disable)
# Warmup: 4 iterations, 150 ms each
# Measurement: 5 iterations, 150 ms each
# Timeout: 10 min per iteration
# Threads: 1 thread, will synchronize iterations
# Benchmark mode: Average time, time/op
# Benchmark: numj.SmallBench.sum
# Parameters: (n = 32, path = native)

# Run progress: 57.45% complete, ETA 00:04:21
# Fork: 1 of 2
WARNING: A terminally deprecated method in sun.misc.Unsafe has been called
WARNING: sun.misc.Unsafe::objectFieldOffset has been called by org.openjdk.jmh.util.Utils (file:/C:/Users/Hareram%20ray/AI/numJ/.tools/jmh/jmh-core-1.37.jar)
WARNING: Please consider reporting this to the maintainers of class org.openjdk.jmh.util.Utils
WARNING: sun.misc.Unsafe::objectFieldOffset will be removed in a future release
# Warmup Iteration   1: 381.001 ns/op
# Warmup Iteration   2: 118.266 ns/op
# Warmup Iteration   3: 90.301 ns/op
# Warmup Iteration   4: 96.609 ns/op
Iteration   1: 100.852 ns/op
Iteration   2: 87.262 ns/op
Iteration   3: 89.590 ns/op
Iteration   4: 88.214 ns/op
Iteration   5: 88.122 ns/op

# Run progress: 57.74% complete, ETA 00:04:19
# Fork: 2 of 2
WARNING: A terminally deprecated method in sun.misc.Unsafe has been called
WARNING: sun.misc.Unsafe::objectFieldOffset has been called by org.openjdk.jmh.util.Utils (file:/C:/Users/Hareram%20ray/AI/numJ/.tools/jmh/jmh-core-1.37.jar)
WARNING: Please consider reporting this to the maintainers of class org.openjdk.jmh.util.Utils
WARNING: sun.misc.Unsafe::objectFieldOffset will be removed in a future release
# Warmup Iteration   1: 292.123 ns/op
# Warmup Iteration   2: 116.355 ns/op
# Warmup Iteration   3: 92.960 ns/op
# Warmup Iteration   4: 94.984 ns/op
Iteration   1: 100.049 ns/op
Iteration   2: 88.394 ns/op
Iteration   3: 90.657 ns/op
Iteration   4: 91.756 ns/op
Iteration   5: 89.060 ns/op


Result "numj.SmallBench.sum":
  91.396 ±(99.9%) 7.486 ns/op [Average]
  (min, avg, max) = (87.262, 91.396, 100.852), stdev = 4.951
  CI (99.9%): [83.910, 98.881] (assumes normal distribution)


# JMH version: 1.37
# VM version: JDK 25.0.4.1, OpenJDK 64-Bit Server VM, 25.0.4.1+1-LTS
# VM invoker: C:\Users\Hareram ray\AI\numJ\.tools\jdk\bin\java.exe
# VM options: --enable-native-access=ALL-UNNAMED --enable-native-access=ALL-UNNAMED -Xms1g -Xmx1g
# Blackhole mode: compiler (auto-detected, use -Djmh.blackhole.autoDetect=false to disable)
# Warmup: 4 iterations, 150 ms each
# Measurement: 5 iterations, 150 ms each
# Timeout: 10 min per iteration
# Threads: 1 thread, will synchronize iterations
# Benchmark mode: Average time, time/op
# Benchmark: numj.SmallBench.sum
# Parameters: (n = 64, path = java)

# Run progress: 58.03% complete, ETA 00:04:17
# Fork: 1 of 2
WARNING: A terminally deprecated method in sun.misc.Unsafe has been called
WARNING: sun.misc.Unsafe::objectFieldOffset has been called by org.openjdk.jmh.util.Utils (file:/C:/Users/Hareram%20ray/AI/numJ/.tools/jmh/jmh-core-1.37.jar)
WARNING: Please consider reporting this to the maintainers of class org.openjdk.jmh.util.Utils
WARNING: sun.misc.Unsafe::objectFieldOffset will be removed in a future release
# Warmup Iteration   1: 437.217 ns/op
# Warmup Iteration   2: 323.705 ns/op
# Warmup Iteration   3: 269.476 ns/op
# Warmup Iteration   4: 293.887 ns/op
Iteration   1: 263.880 ns/op
Iteration   2: 300.189 ns/op
Iteration   3: 258.920 ns/op
Iteration   4: 268.891 ns/op
Iteration   5: 266.004 ns/op

# Run progress: 58.32% complete, ETA 00:04:15
# Fork: 2 of 2
WARNING: A terminally deprecated method in sun.misc.Unsafe has been called
WARNING: sun.misc.Unsafe::objectFieldOffset has been called by org.openjdk.jmh.util.Utils (file:/C:/Users/Hareram%20ray/AI/numJ/.tools/jmh/jmh-core-1.37.jar)
WARNING: Please consider reporting this to the maintainers of class org.openjdk.jmh.util.Utils
WARNING: sun.misc.Unsafe::objectFieldOffset will be removed in a future release
# Warmup Iteration   1: 434.737 ns/op
# Warmup Iteration   2: 331.180 ns/op
# Warmup Iteration   3: 270.761 ns/op
# Warmup Iteration   4: 301.714 ns/op
Iteration   1: 263.280 ns/op
Iteration   2: 290.502 ns/op
Iteration   3: 258.928 ns/op
Iteration   4: 278.066 ns/op
Iteration   5: 259.327 ns/op


Result "numj.SmallBench.sum":
  270.799 ±(99.9%) 21.673 ns/op [Average]
  (min, avg, max) = (258.920, 270.799, 300.189), stdev = 14.335
  CI (99.9%): [249.126, 292.472] (assumes normal distribution)


# JMH version: 1.37
# VM version: JDK 25.0.4.1, OpenJDK 64-Bit Server VM, 25.0.4.1+1-LTS
# VM invoker: C:\Users\Hareram ray\AI\numJ\.tools\jdk\bin\java.exe
# VM options: --enable-native-access=ALL-UNNAMED --enable-native-access=ALL-UNNAMED -Xms1g -Xmx1g
# Blackhole mode: compiler (auto-detected, use -Djmh.blackhole.autoDetect=false to disable)
# Warmup: 4 iterations, 150 ms each
# Measurement: 5 iterations, 150 ms each
# Timeout: 10 min per iteration
# Threads: 1 thread, will synchronize iterations
# Benchmark mode: Average time, time/op
# Benchmark: numj.SmallBench.sum
# Parameters: (n = 64, path = native)

# Run progress: 58.61% complete, ETA 00:04:13
# Fork: 1 of 2
WARNING: A terminally deprecated method in sun.misc.Unsafe has been called
WARNING: sun.misc.Unsafe::objectFieldOffset has been called by org.openjdk.jmh.util.Utils (file:/C:/Users/Hareram%20ray/AI/numJ/.tools/jmh/jmh-core-1.37.jar)
WARNING: Please consider reporting this to the maintainers of class org.openjdk.jmh.util.Utils
WARNING: sun.misc.Unsafe::objectFieldOffset will be removed in a future release
# Warmup Iteration   1: 299.474 ns/op
# Warmup Iteration   2: 119.623 ns/op
# Warmup Iteration   3: 91.355 ns/op
# Warmup Iteration   4: 91.633 ns/op
Iteration   1: 99.359 ns/op
Iteration   2: 90.397 ns/op
Iteration   3: 89.589 ns/op
Iteration   4: 91.187 ns/op
Iteration   5: 91.840 ns/op

# Run progress: 58.91% complete, ETA 00:04:11
# Fork: 2 of 2
WARNING: A terminally deprecated method in sun.misc.Unsafe has been called
WARNING: sun.misc.Unsafe::objectFieldOffset has been called by org.openjdk.jmh.util.Utils (file:/C:/Users/Hareram%20ray/AI/numJ/.tools/jmh/jmh-core-1.37.jar)
WARNING: Please consider reporting this to the maintainers of class org.openjdk.jmh.util.Utils
WARNING: sun.misc.Unsafe::objectFieldOffset will be removed in a future release
# Warmup Iteration   1: 278.691 ns/op
# Warmup Iteration   2: 120.572 ns/op
# Warmup Iteration   3: 91.944 ns/op
# Warmup Iteration   4: 93.693 ns/op
Iteration   1: 102.869 ns/op
Iteration   2: 87.366 ns/op
Iteration   3: 88.864 ns/op
Iteration   4: 91.229 ns/op
Iteration   5: 91.175 ns/op


Result "numj.SmallBench.sum":
  92.388 ±(99.9%) 7.345 ns/op [Average]
  (min, avg, max) = (87.366, 92.388, 102.869), stdev = 4.859
  CI (99.9%): [85.042, 99.733] (assumes normal distribution)


# JMH version: 1.37
# VM version: JDK 25.0.4.1, OpenJDK 64-Bit Server VM, 25.0.4.1+1-LTS
# VM invoker: C:\Users\Hareram ray\AI\numJ\.tools\jdk\bin\java.exe
# VM options: --enable-native-access=ALL-UNNAMED --enable-native-access=ALL-UNNAMED -Xms1g -Xmx1g
# Blackhole mode: compiler (auto-detected, use -Djmh.blackhole.autoDetect=false to disable)
# Warmup: 4 iterations, 150 ms each
# Measurement: 5 iterations, 150 ms each
# Timeout: 10 min per iteration
# Threads: 1 thread, will synchronize iterations
# Benchmark mode: Average time, time/op
# Benchmark: numj.SmallBench.sum
# Parameters: (n = 128, path = java)

# Run progress: 59.20% complete, ETA 00:04:09
# Fork: 1 of 2
WARNING: A terminally deprecated method in sun.misc.Unsafe has been called
WARNING: sun.misc.Unsafe::objectFieldOffset has been called by org.openjdk.jmh.util.Utils (file:/C:/Users/Hareram%20ray/AI/numJ/.tools/jmh/jmh-core-1.37.jar)
WARNING: Please consider reporting this to the maintainers of class org.openjdk.jmh.util.Utils
WARNING: sun.misc.Unsafe::objectFieldOffset will be removed in a future release
# Warmup Iteration   1: 524.736 ns/op
# Warmup Iteration   2: 383.115 ns/op
# Warmup Iteration   3: 349.898 ns/op
# Warmup Iteration   4: 321.651 ns/op
Iteration   1: 351.794 ns/op
Iteration   2: 321.628 ns/op
Iteration   3: 367.943 ns/op
Iteration   4: 323.585 ns/op
Iteration   5: 321.040 ns/op

# Run progress: 59.49% complete, ETA 00:04:08
# Fork: 2 of 2
WARNING: A terminally deprecated method in sun.misc.Unsafe has been called
WARNING: sun.misc.Unsafe::objectFieldOffset has been called by org.openjdk.jmh.util.Utils (file:/C:/Users/Hareram%20ray/AI/numJ/.tools/jmh/jmh-core-1.37.jar)
WARNING: Please consider reporting this to the maintainers of class org.openjdk.jmh.util.Utils
WARNING: sun.misc.Unsafe::objectFieldOffset will be removed in a future release
# Warmup Iteration   1: 537.157 ns/op
# Warmup Iteration   2: 384.454 ns/op
# Warmup Iteration   3: 333.301 ns/op
# Warmup Iteration   4: 339.023 ns/op
Iteration   1: 331.951 ns/op
Iteration   2: 321.399 ns/op
Iteration   3: 358.934 ns/op
Iteration   4: 318.015 ns/op
Iteration   5: 319.256 ns/op


Result "numj.SmallBench.sum":
  333.554 ±(99.9%) 28.302 ns/op [Average]
  (min, avg, max) = (318.015, 333.554, 367.943), stdev = 18.720
  CI (99.9%): [305.253, 361.856] (assumes normal distribution)


# JMH version: 1.37
# VM version: JDK 25.0.4.1, OpenJDK 64-Bit Server VM, 25.0.4.1+1-LTS
# VM invoker: C:\Users\Hareram ray\AI\numJ\.tools\jdk\bin\java.exe
# VM options: --enable-native-access=ALL-UNNAMED --enable-native-access=ALL-UNNAMED -Xms1g -Xmx1g
# Blackhole mode: compiler (auto-detected, use -Djmh.blackhole.autoDetect=false to disable)
# Warmup: 4 iterations, 150 ms each
# Measurement: 5 iterations, 150 ms each
# Timeout: 10 min per iteration
# Threads: 1 thread, will synchronize iterations
# Benchmark mode: Average time, time/op
# Benchmark: numj.SmallBench.sum
# Parameters: (n = 128, path = native)

# Run progress: 59.78% complete, ETA 00:04:06
# Fork: 1 of 2
WARNING: A terminally deprecated method in sun.misc.Unsafe has been called
WARNING: sun.misc.Unsafe::objectFieldOffset has been called by org.openjdk.jmh.util.Utils (file:/C:/Users/Hareram%20ray/AI/numJ/.tools/jmh/jmh-core-1.37.jar)
WARNING: Please consider reporting this to the maintainers of class org.openjdk.jmh.util.Utils
WARNING: sun.misc.Unsafe::objectFieldOffset will be removed in a future release
# Warmup Iteration   1: 283.171 ns/op
# Warmup Iteration   2: 117.706 ns/op
# Warmup Iteration   3: 101.157 ns/op
# Warmup Iteration   4: 96.941 ns/op
Iteration   1: 105.201 ns/op
Iteration   2: 100.848 ns/op
Iteration   3: 96.715 ns/op
Iteration   4: 94.423 ns/op
Iteration   5: 104.508 ns/op

# Run progress: 60.07% complete, ETA 00:04:04
# Fork: 2 of 2
WARNING: A terminally deprecated method in sun.misc.Unsafe has been called
WARNING: sun.misc.Unsafe::objectFieldOffset has been called by org.openjdk.jmh.util.Utils (file:/C:/Users/Hareram%20ray/AI/numJ/.tools/jmh/jmh-core-1.37.jar)
WARNING: Please consider reporting this to the maintainers of class org.openjdk.jmh.util.Utils
WARNING: sun.misc.Unsafe::objectFieldOffset will be removed in a future release
# Warmup Iteration   1: 295.701 ns/op
# Warmup Iteration   2: 119.731 ns/op
# Warmup Iteration   3: 91.498 ns/op
# Warmup Iteration   4: 92.249 ns/op
Iteration   1: 98.602 ns/op
Iteration   2: 90.163 ns/op
Iteration   3: 91.420 ns/op
Iteration   4: 89.696 ns/op
Iteration   5: 96.615 ns/op


Result "numj.SmallBench.sum":
  96.819 ±(99.9%) 8.414 ns/op [Average]
  (min, avg, max) = (89.696, 96.819, 105.201), stdev = 5.566
  CI (99.9%): [88.405, 105.234] (assumes normal distribution)


# JMH version: 1.37
# VM version: JDK 25.0.4.1, OpenJDK 64-Bit Server VM, 25.0.4.1+1-LTS
# VM invoker: C:\Users\Hareram ray\AI\numJ\.tools\jdk\bin\java.exe
# VM options: --enable-native-access=ALL-UNNAMED --enable-native-access=ALL-UNNAMED -Xms1g -Xmx1g
# Blackhole mode: compiler (auto-detected, use -Djmh.blackhole.autoDetect=false to disable)
# Warmup: 4 iterations, 150 ms each
# Measurement: 5 iterations, 150 ms each
# Timeout: 10 min per iteration
# Threads: 1 thread, will synchronize iterations
# Benchmark mode: Average time, time/op
# Benchmark: numj.SmallBench.sum
# Parameters: (n = 256, path = java)

# Run progress: 60.36% complete, ETA 00:04:02
# Fork: 1 of 2
WARNING: A terminally deprecated method in sun.misc.Unsafe has been called
WARNING: sun.misc.Unsafe::objectFieldOffset has been called by org.openjdk.jmh.util.Utils (file:/C:/Users/Hareram%20ray/AI/numJ/.tools/jmh/jmh-core-1.37.jar)
WARNING: Please consider reporting this to the maintainers of class org.openjdk.jmh.util.Utils
WARNING: sun.misc.Unsafe::objectFieldOffset will be removed in a future release
# Warmup Iteration   1: 718.667 ns/op
# Warmup Iteration   2: 518.998 ns/op
# Warmup Iteration   3: 497.581 ns/op
# Warmup Iteration   4: 447.036 ns/op
Iteration   1: 443.600 ns/op
Iteration   2: 463.693 ns/op
Iteration   3: 433.813 ns/op
Iteration   4: 444.481 ns/op
Iteration   5: 479.633 ns/op

# Run progress: 60.65% complete, ETA 00:04:00
# Fork: 2 of 2
WARNING: A terminally deprecated method in sun.misc.Unsafe has been called
WARNING: sun.misc.Unsafe::objectFieldOffset has been called by org.openjdk.jmh.util.Utils (file:/C:/Users/Hareram%20ray/AI/numJ/.tools/jmh/jmh-core-1.37.jar)
WARNING: Please consider reporting this to the maintainers of class org.openjdk.jmh.util.Utils
WARNING: sun.misc.Unsafe::objectFieldOffset will be removed in a future release
# Warmup Iteration   1: 682.304 ns/op
# Warmup Iteration   2: 494.097 ns/op
# Warmup Iteration   3: 499.393 ns/op
# Warmup Iteration   4: 439.097 ns/op
Iteration   1: 442.263 ns/op
Iteration   2: 472.062 ns/op
Iteration   3: 429.979 ns/op
Iteration   4: 436.420 ns/op
Iteration   5: 483.583 ns/op


Result "numj.SmallBench.sum":
  452.953 ±(99.9%) 30.117 ns/op [Average]
  (min, avg, max) = (429.979, 452.953, 483.583), stdev = 19.921
  CI (99.9%): [422.836, 483.070] (assumes normal distribution)


# JMH version: 1.37
# VM version: JDK 25.0.4.1, OpenJDK 64-Bit Server VM, 25.0.4.1+1-LTS
# VM invoker: C:\Users\Hareram ray\AI\numJ\.tools\jdk\bin\java.exe
# VM options: --enable-native-access=ALL-UNNAMED --enable-native-access=ALL-UNNAMED -Xms1g -Xmx1g
# Blackhole mode: compiler (auto-detected, use -Djmh.blackhole.autoDetect=false to disable)
# Warmup: 4 iterations, 150 ms each
# Measurement: 5 iterations, 150 ms each
# Timeout: 10 min per iteration
# Threads: 1 thread, will synchronize iterations
# Benchmark mode: Average time, time/op
# Benchmark: numj.SmallBench.sum
# Parameters: (n = 256, path = native)

# Run progress: 60.95% complete, ETA 00:03:58
# Fork: 1 of 2
WARNING: A terminally deprecated method in sun.misc.Unsafe has been called
WARNING: sun.misc.Unsafe::objectFieldOffset has been called by org.openjdk.jmh.util.Utils (file:/C:/Users/Hareram%20ray/AI/numJ/.tools/jmh/jmh-core-1.37.jar)
WARNING: Please consider reporting this to the maintainers of class org.openjdk.jmh.util.Utils
WARNING: sun.misc.Unsafe::objectFieldOffset will be removed in a future release
# Warmup Iteration   1: 313.918 ns/op
# Warmup Iteration   2: 125.543 ns/op
# Warmup Iteration   3: 93.078 ns/op
# Warmup Iteration   4: 99.612 ns/op
Iteration   1: 102.355 ns/op
Iteration   2: 91.503 ns/op
Iteration   3: 93.731 ns/op
Iteration   4: 93.550 ns/op
Iteration   5: 97.458 ns/op

# Run progress: 61.24% complete, ETA 00:03:56
# Fork: 2 of 2
WARNING: A terminally deprecated method in sun.misc.Unsafe has been called
WARNING: sun.misc.Unsafe::objectFieldOffset has been called by org.openjdk.jmh.util.Utils (file:/C:/Users/Hareram%20ray/AI/numJ/.tools/jmh/jmh-core-1.37.jar)
WARNING: Please consider reporting this to the maintainers of class org.openjdk.jmh.util.Utils
WARNING: sun.misc.Unsafe::objectFieldOffset will be removed in a future release
# Warmup Iteration   1: 309.351 ns/op
# Warmup Iteration   2: 128.004 ns/op
# Warmup Iteration   3: 92.618 ns/op
# Warmup Iteration   4: 98.923 ns/op
Iteration   1: 102.505 ns/op
Iteration   2: 92.545 ns/op
Iteration   3: 94.187 ns/op
Iteration   4: 94.007 ns/op
Iteration   5: 92.392 ns/op


Result "numj.SmallBench.sum":
  95.423 ±(99.9%) 6.070 ns/op [Average]
  (min, avg, max) = (91.503, 95.423, 102.505), stdev = 4.015
  CI (99.9%): [89.353, 101.494] (assumes normal distribution)


# JMH version: 1.37
# VM version: JDK 25.0.4.1, OpenJDK 64-Bit Server VM, 25.0.4.1+1-LTS
# VM invoker: C:\Users\Hareram ray\AI\numJ\.tools\jdk\bin\java.exe
# VM options: --enable-native-access=ALL-UNNAMED --enable-native-access=ALL-UNNAMED -Xms1g -Xmx1g
# Blackhole mode: compiler (auto-detected, use -Djmh.blackhole.autoDetect=false to disable)
# Warmup: 4 iterations, 150 ms each
# Measurement: 5 iterations, 150 ms each
# Timeout: 10 min per iteration
# Threads: 1 thread, will synchronize iterations
# Benchmark mode: Average time, time/op
# Benchmark: numj.SmallBench.sum
# Parameters: (n = 1024, path = java)

# Run progress: 61.53% complete, ETA 00:03:54
# Fork: 1 of 2
WARNING: A terminally deprecated method in sun.misc.Unsafe has been called
WARNING: sun.misc.Unsafe::objectFieldOffset has been called by org.openjdk.jmh.util.Utils (file:/C:/Users/Hareram%20ray/AI/numJ/.tools/jmh/jmh-core-1.37.jar)
WARNING: Please consider reporting this to the maintainers of class org.openjdk.jmh.util.Utils
WARNING: sun.misc.Unsafe::objectFieldOffset will be removed in a future release
# Warmup Iteration   1: 2179.399 ns/op
# Warmup Iteration   2: 1342.835 ns/op
# Warmup Iteration   3: 1363.229 ns/op
# Warmup Iteration   4: 1354.864 ns/op
Iteration   1: 1382.684 ns/op
Iteration   2: 1379.072 ns/op
Iteration   3: 1368.968 ns/op
Iteration   4: 1409.408 ns/op
Iteration   5: 1320.279 ns/op

# Run progress: 61.82% complete, ETA 00:03:52
# Fork: 2 of 2
WARNING: A terminally deprecated method in sun.misc.Unsafe has been called
WARNING: sun.misc.Unsafe::objectFieldOffset has been called by org.openjdk.jmh.util.Utils (file:/C:/Users/Hareram%20ray/AI/numJ/.tools/jmh/jmh-core-1.37.jar)
WARNING: Please consider reporting this to the maintainers of class org.openjdk.jmh.util.Utils
WARNING: sun.misc.Unsafe::objectFieldOffset will be removed in a future release
# Warmup Iteration   1: 2262.915 ns/op
# Warmup Iteration   2: 1352.803 ns/op
# Warmup Iteration   3: 1375.947 ns/op
# Warmup Iteration   4: 1369.425 ns/op
Iteration   1: 1373.449 ns/op
Iteration   2: 1368.696 ns/op
Iteration   3: 1392.011 ns/op
Iteration   4: 1397.251 ns/op
Iteration   5: 1348.605 ns/op


Result "numj.SmallBench.sum":
  1374.042 ±(99.9%) 38.395 ns/op [Average]
  (min, avg, max) = (1320.279, 1374.042, 1409.408), stdev = 25.396
  CI (99.9%): [1335.648, 1412.437] (assumes normal distribution)


# JMH version: 1.37
# VM version: JDK 25.0.4.1, OpenJDK 64-Bit Server VM, 25.0.4.1+1-LTS
# VM invoker: C:\Users\Hareram ray\AI\numJ\.tools\jdk\bin\java.exe
# VM options: --enable-native-access=ALL-UNNAMED --enable-native-access=ALL-UNNAMED -Xms1g -Xmx1g
# Blackhole mode: compiler (auto-detected, use -Djmh.blackhole.autoDetect=false to disable)
# Warmup: 4 iterations, 150 ms each
# Measurement: 5 iterations, 150 ms each
# Timeout: 10 min per iteration
# Threads: 1 thread, will synchronize iterations
# Benchmark mode: Average time, time/op
# Benchmark: numj.SmallBench.sum
# Parameters: (n = 1024, path = native)

# Run progress: 62.11% complete, ETA 00:03:51
# Fork: 1 of 2
WARNING: A terminally deprecated method in sun.misc.Unsafe has been called
WARNING: sun.misc.Unsafe::objectFieldOffset has been called by org.openjdk.jmh.util.Utils (file:/C:/Users/Hareram%20ray/AI/numJ/.tools/jmh/jmh-core-1.37.jar)
WARNING: Please consider reporting this to the maintainers of class org.openjdk.jmh.util.Utils
WARNING: sun.misc.Unsafe::objectFieldOffset will be removed in a future release
# Warmup Iteration   1: 352.956 ns/op
# Warmup Iteration   2: 148.515 ns/op
# Warmup Iteration   3: 127.092 ns/op
# Warmup Iteration   4: 128.840 ns/op
Iteration   1: 117.049 ns/op
Iteration   2: 134.563 ns/op
Iteration   3: 117.611 ns/op
Iteration   4: 118.740 ns/op
Iteration   5: 116.965 ns/op

# Run progress: 62.40% complete, ETA 00:03:49
# Fork: 2 of 2
WARNING: A terminally deprecated method in sun.misc.Unsafe has been called
WARNING: sun.misc.Unsafe::objectFieldOffset has been called by org.openjdk.jmh.util.Utils (file:/C:/Users/Hareram%20ray/AI/numJ/.tools/jmh/jmh-core-1.37.jar)
WARNING: Please consider reporting this to the maintainers of class org.openjdk.jmh.util.Utils
WARNING: sun.misc.Unsafe::objectFieldOffset will be removed in a future release
# Warmup Iteration   1: 369.437 ns/op
# Warmup Iteration   2: 144.579 ns/op
# Warmup Iteration   3: 123.064 ns/op
# Warmup Iteration   4: 126.194 ns/op
Iteration   1: 116.825 ns/op
Iteration   2: 136.899 ns/op
Iteration   3: 117.250 ns/op
Iteration   4: 121.844 ns/op
Iteration   5: 118.408 ns/op


Result "numj.SmallBench.sum":
  121.615 ±(99.9%) 11.496 ns/op [Average]
  (min, avg, max) = (116.825, 121.615, 136.899), stdev = 7.604
  CI (99.9%): [110.119, 133.111] (assumes normal distribution)


# JMH version: 1.37
# VM version: JDK 25.0.4.1, OpenJDK 64-Bit Server VM, 25.0.4.1+1-LTS
# VM invoker: C:\Users\Hareram ray\AI\numJ\.tools\jdk\bin\java.exe
# VM options: --enable-native-access=ALL-UNNAMED --enable-native-access=ALL-UNNAMED -Xms2g -Xmx2g -XX:+AlwaysPreTouch -Dnumj.ew.parallelMinElements=0 -Dnumj.reduce.parallelMinElements=0
# Blackhole mode: compiler (auto-detected, use -Djmh.blackhole.autoDetect=false to disable)
# Warmup: 4 iterations, 200 ms each
# Measurement: 5 iterations, 200 ms each
# Timeout: 10 min per iteration
# Threads: 1 thread, will synchronize iterations
# Benchmark mode: Average time, time/op
# Benchmark: numj.ThreadsBench.add
# Parameters: (n = 100000, threads = 1)

# Run progress: 62.69% complete, ETA 00:03:47
# Fork: 1 of 2
WARNING: A terminally deprecated method in sun.misc.Unsafe has been called
WARNING: sun.misc.Unsafe::objectFieldOffset has been called by org.openjdk.jmh.util.Utils (file:/C:/Users/Hareram%20ray/AI/numJ/.tools/jmh/jmh-core-1.37.jar)
WARNING: Please consider reporting this to the maintainers of class org.openjdk.jmh.util.Utils
WARNING: sun.misc.Unsafe::objectFieldOffset will be removed in a future release
# Warmup Iteration   1: 77.103 us/op
# Warmup Iteration   2: 45.334 us/op
# Warmup Iteration   3: 41.722 us/op
# Warmup Iteration   4: 45.196 us/op
Iteration   1: 43.985 us/op
Iteration   2: 43.403 us/op
Iteration   3: 50.927 us/op
Iteration   4: 41.393 us/op
Iteration   5: 42.604 us/op

# Run progress: 63.08% complete, ETA 00:03:45
# Fork: 2 of 2
WARNING: A terminally deprecated method in sun.misc.Unsafe has been called
WARNING: sun.misc.Unsafe::objectFieldOffset has been called by org.openjdk.jmh.util.Utils (file:/C:/Users/Hareram%20ray/AI/numJ/.tools/jmh/jmh-core-1.37.jar)
WARNING: Please consider reporting this to the maintainers of class org.openjdk.jmh.util.Utils
WARNING: sun.misc.Unsafe::objectFieldOffset will be removed in a future release
# Warmup Iteration   1: 75.456 us/op
# Warmup Iteration   2: 42.683 us/op
# Warmup Iteration   3: 39.927 us/op
# Warmup Iteration   4: 41.266 us/op
Iteration   1: 41.313 us/op
Iteration   2: 42.785 us/op
Iteration   3: 42.109 us/op
Iteration   4: 42.544 us/op
Iteration   5: 37.316 us/op


Result "numj.ThreadsBench.add":
  42.838 ±(99.9%) 5.106 us/op [Average]
  (min, avg, max) = (37.316, 42.838, 50.927), stdev = 3.377
  CI (99.9%): [37.732, 47.944] (assumes normal distribution)


# JMH version: 1.37
# VM version: JDK 25.0.4.1, OpenJDK 64-Bit Server VM, 25.0.4.1+1-LTS
# VM invoker: C:\Users\Hareram ray\AI\numJ\.tools\jdk\bin\java.exe
# VM options: --enable-native-access=ALL-UNNAMED --enable-native-access=ALL-UNNAMED -Xms2g -Xmx2g -XX:+AlwaysPreTouch -Dnumj.ew.parallelMinElements=0 -Dnumj.reduce.parallelMinElements=0
# Blackhole mode: compiler (auto-detected, use -Djmh.blackhole.autoDetect=false to disable)
# Warmup: 4 iterations, 200 ms each
# Measurement: 5 iterations, 200 ms each
# Timeout: 10 min per iteration
# Threads: 1 thread, will synchronize iterations
# Benchmark mode: Average time, time/op
# Benchmark: numj.ThreadsBench.add
# Parameters: (n = 100000, threads = 2)

# Run progress: 63.47% complete, ETA 00:03:42
# Fork: 1 of 2
WARNING: A terminally deprecated method in sun.misc.Unsafe has been called
WARNING: sun.misc.Unsafe::objectFieldOffset has been called by org.openjdk.jmh.util.Utils (file:/C:/Users/Hareram%20ray/AI/numJ/.tools/jmh/jmh-core-1.37.jar)
WARNING: Please consider reporting this to the maintainers of class org.openjdk.jmh.util.Utils
WARNING: sun.misc.Unsafe::objectFieldOffset will be removed in a future release
# Warmup Iteration   1: 80.014 us/op
# Warmup Iteration   2: 46.631 us/op
# Warmup Iteration   3: 49.478 us/op
# Warmup Iteration   4: 43.886 us/op
Iteration   1: 43.733 us/op
Iteration   2: 43.519 us/op
Iteration   3: 47.128 us/op
Iteration   4: 46.148 us/op
Iteration   5: 43.728 us/op

# Run progress: 63.86% complete, ETA 00:03:40
# Fork: 2 of 2
WARNING: A terminally deprecated method in sun.misc.Unsafe has been called
WARNING: sun.misc.Unsafe::objectFieldOffset has been called by org.openjdk.jmh.util.Utils (file:/C:/Users/Hareram%20ray/AI/numJ/.tools/jmh/jmh-core-1.37.jar)
WARNING: Please consider reporting this to the maintainers of class org.openjdk.jmh.util.Utils
WARNING: sun.misc.Unsafe::objectFieldOffset will be removed in a future release
# Warmup Iteration   1: 109.632 us/op
# Warmup Iteration   2: 48.292 us/op
# Warmup Iteration   3: 49.959 us/op
# Warmup Iteration   4: 47.898 us/op
Iteration   1: 48.664 us/op
Iteration   2: 50.355 us/op
Iteration   3: 48.809 us/op
Iteration   4: 54.073 us/op
Iteration   5: 48.176 us/op


Result "numj.ThreadsBench.add":
  47.433 ±(99.9%) 5.066 us/op [Average]
  (min, avg, max) = (43.519, 47.433, 54.073), stdev = 3.351
  CI (99.9%): [42.367, 52.500] (assumes normal distribution)


# JMH version: 1.37
# VM version: JDK 25.0.4.1, OpenJDK 64-Bit Server VM, 25.0.4.1+1-LTS
# VM invoker: C:\Users\Hareram ray\AI\numJ\.tools\jdk\bin\java.exe
# VM options: --enable-native-access=ALL-UNNAMED --enable-native-access=ALL-UNNAMED -Xms2g -Xmx2g -XX:+AlwaysPreTouch -Dnumj.ew.parallelMinElements=0 -Dnumj.reduce.parallelMinElements=0
# Blackhole mode: compiler (auto-detected, use -Djmh.blackhole.autoDetect=false to disable)
# Warmup: 4 iterations, 200 ms each
# Measurement: 5 iterations, 200 ms each
# Timeout: 10 min per iteration
# Threads: 1 thread, will synchronize iterations
# Benchmark mode: Average time, time/op
# Benchmark: numj.ThreadsBench.add
# Parameters: (n = 100000, threads = 4)

# Run progress: 64.25% complete, ETA 00:03:37
# Fork: 1 of 2
WARNING: A terminally deprecated method in sun.misc.Unsafe has been called
WARNING: sun.misc.Unsafe::objectFieldOffset has been called by org.openjdk.jmh.util.Utils (file:/C:/Users/Hareram%20ray/AI/numJ/.tools/jmh/jmh-core-1.37.jar)
WARNING: Please consider reporting this to the maintainers of class org.openjdk.jmh.util.Utils
WARNING: sun.misc.Unsafe::objectFieldOffset will be removed in a future release
# Warmup Iteration   1: 66.516 us/op
# Warmup Iteration   2: 40.908 us/op
# Warmup Iteration   3: 41.775 us/op
# Warmup Iteration   4: 43.716 us/op
Iteration   1: 37.527 us/op
Iteration   2: 39.129 us/op
Iteration   3: 42.519 us/op
Iteration   4: 40.218 us/op
Iteration   5: 38.858 us/op

# Run progress: 64.64% complete, ETA 00:03:35
# Fork: 2 of 2
WARNING: A terminally deprecated method in sun.misc.Unsafe has been called
WARNING: sun.misc.Unsafe::objectFieldOffset has been called by org.openjdk.jmh.util.Utils (file:/C:/Users/Hareram%20ray/AI/numJ/.tools/jmh/jmh-core-1.37.jar)
WARNING: Please consider reporting this to the maintainers of class org.openjdk.jmh.util.Utils
WARNING: sun.misc.Unsafe::objectFieldOffset will be removed in a future release
# Warmup Iteration   1: 75.649 us/op
# Warmup Iteration   2: 44.791 us/op
# Warmup Iteration   3: 39.898 us/op
# Warmup Iteration   4: 44.721 us/op
Iteration   1: 40.779 us/op
Iteration   2: 41.367 us/op
Iteration   3: 40.876 us/op
Iteration   4: 48.075 us/op
Iteration   5: 39.520 us/op


Result "numj.ThreadsBench.add":
  40.887 ±(99.9%) 4.376 us/op [Average]
  (min, avg, max) = (37.527, 40.887, 48.075), stdev = 2.894
  CI (99.9%): [36.511, 45.263] (assumes normal distribution)


# JMH version: 1.37
# VM version: JDK 25.0.4.1, OpenJDK 64-Bit Server VM, 25.0.4.1+1-LTS
# VM invoker: C:\Users\Hareram ray\AI\numJ\.tools\jdk\bin\java.exe
# VM options: --enable-native-access=ALL-UNNAMED --enable-native-access=ALL-UNNAMED -Xms2g -Xmx2g -XX:+AlwaysPreTouch -Dnumj.ew.parallelMinElements=0 -Dnumj.reduce.parallelMinElements=0
# Blackhole mode: compiler (auto-detected, use -Djmh.blackhole.autoDetect=false to disable)
# Warmup: 4 iterations, 200 ms each
# Measurement: 5 iterations, 200 ms each
# Timeout: 10 min per iteration
# Threads: 1 thread, will synchronize iterations
# Benchmark mode: Average time, time/op
# Benchmark: numj.ThreadsBench.add
# Parameters: (n = 100000, threads = 8)

# Run progress: 65.03% complete, ETA 00:03:33
# Fork: 1 of 2
WARNING: A terminally deprecated method in sun.misc.Unsafe has been called
WARNING: sun.misc.Unsafe::objectFieldOffset has been called by org.openjdk.jmh.util.Utils (file:/C:/Users/Hareram%20ray/AI/numJ/.tools/jmh/jmh-core-1.37.jar)
WARNING: Please consider reporting this to the maintainers of class org.openjdk.jmh.util.Utils
WARNING: sun.misc.Unsafe::objectFieldOffset will be removed in a future release
# Warmup Iteration   1: 112.568 us/op
# Warmup Iteration   2: 48.127 us/op
# Warmup Iteration   3: 51.066 us/op
# Warmup Iteration   4: 49.494 us/op
Iteration   1: 54.232 us/op
Iteration   2: 51.156 us/op
Iteration   3: 50.711 us/op
Iteration   4: 50.765 us/op
Iteration   5: 53.026 us/op

# Run progress: 65.41% complete, ETA 00:03:30
# Fork: 2 of 2
WARNING: A terminally deprecated method in sun.misc.Unsafe has been called
WARNING: sun.misc.Unsafe::objectFieldOffset has been called by org.openjdk.jmh.util.Utils (file:/C:/Users/Hareram%20ray/AI/numJ/.tools/jmh/jmh-core-1.37.jar)
WARNING: Please consider reporting this to the maintainers of class org.openjdk.jmh.util.Utils
WARNING: sun.misc.Unsafe::objectFieldOffset will be removed in a future release
# Warmup Iteration   1: 179.897 us/op
# Warmup Iteration   2: 46.073 us/op
# Warmup Iteration   3: 52.970 us/op
# Warmup Iteration   4: 45.370 us/op
Iteration   1: 45.574 us/op
Iteration   2: 44.839 us/op
Iteration   3: 44.994 us/op
Iteration   4: 44.174 us/op
Iteration   5: 44.018 us/op


Result "numj.ThreadsBench.add":
  48.349 ±(99.9%) 6.031 us/op [Average]
  (min, avg, max) = (44.018, 48.349, 54.232), stdev = 3.989
  CI (99.9%): [42.318, 54.380] (assumes normal distribution)


# JMH version: 1.37
# VM version: JDK 25.0.4.1, OpenJDK 64-Bit Server VM, 25.0.4.1+1-LTS
# VM invoker: C:\Users\Hareram ray\AI\numJ\.tools\jdk\bin\java.exe
# VM options: --enable-native-access=ALL-UNNAMED --enable-native-access=ALL-UNNAMED -Xms2g -Xmx2g -XX:+AlwaysPreTouch -Dnumj.ew.parallelMinElements=0 -Dnumj.reduce.parallelMinElements=0
# Blackhole mode: compiler (auto-detected, use -Djmh.blackhole.autoDetect=false to disable)
# Warmup: 4 iterations, 200 ms each
# Measurement: 5 iterations, 200 ms each
# Timeout: 10 min per iteration
# Threads: 1 thread, will synchronize iterations
# Benchmark mode: Average time, time/op
# Benchmark: numj.ThreadsBench.add
# Parameters: (n = 1000000, threads = 1)

# Run progress: 65.80% complete, ETA 00:03:28
# Fork: 1 of 2
WARNING: A terminally deprecated method in sun.misc.Unsafe has been called
WARNING: sun.misc.Unsafe::objectFieldOffset has been called by org.openjdk.jmh.util.Utils (file:/C:/Users/Hareram%20ray/AI/numJ/.tools/jmh/jmh-core-1.37.jar)
WARNING: Please consider reporting this to the maintainers of class org.openjdk.jmh.util.Utils
WARNING: sun.misc.Unsafe::objectFieldOffset will be removed in a future release
# Warmup Iteration   1: 2725.270 us/op
# Warmup Iteration   2: 1542.547 us/op
# Warmup Iteration   3: 1394.608 us/op
# Warmup Iteration   4: 1537.640 us/op
Iteration   1: 1436.089 us/op
Iteration   2: 1668.574 us/op
Iteration   3: 1939.013 us/op
Iteration   4: 2252.991 us/op
Iteration   5: 1930.140 us/op

# Run progress: 66.19% complete, ETA 00:03:26
# Fork: 2 of 2
WARNING: A terminally deprecated method in sun.misc.Unsafe has been called
WARNING: sun.misc.Unsafe::objectFieldOffset has been called by org.openjdk.jmh.util.Utils (file:/C:/Users/Hareram%20ray/AI/numJ/.tools/jmh/jmh-core-1.37.jar)
WARNING: Please consider reporting this to the maintainers of class org.openjdk.jmh.util.Utils
WARNING: sun.misc.Unsafe::objectFieldOffset will be removed in a future release
# Warmup Iteration   1: 2588.096 us/op
# Warmup Iteration   2: 1570.216 us/op
# Warmup Iteration   3: 2156.213 us/op
# Warmup Iteration   4: 3679.260 us/op
Iteration   1: 3865.128 us/op
Iteration   2: 1832.486 us/op
Iteration   3: 2013.594 us/op
Iteration   4: 3352.542 us/op
Iteration   5: 3084.514 us/op


Result "numj.ThreadsBench.add":
  2337.507 ±(99.9%) 1221.377 us/op [Average]
  (min, avg, max) = (1436.089, 2337.507, 3865.128), stdev = 807.865
  CI (99.9%): [1116.130, 3558.885] (assumes normal distribution)


# JMH version: 1.37
# VM version: JDK 25.0.4.1, OpenJDK 64-Bit Server VM, 25.0.4.1+1-LTS
# VM invoker: C:\Users\Hareram ray\AI\numJ\.tools\jdk\bin\java.exe
# VM options: --enable-native-access=ALL-UNNAMED --enable-native-access=ALL-UNNAMED -Xms2g -Xmx2g -XX:+AlwaysPreTouch -Dnumj.ew.parallelMinElements=0 -Dnumj.reduce.parallelMinElements=0
# Blackhole mode: compiler (auto-detected, use -Djmh.blackhole.autoDetect=false to disable)
# Warmup: 4 iterations, 200 ms each
# Measurement: 5 iterations, 200 ms each
# Timeout: 10 min per iteration
# Threads: 1 thread, will synchronize iterations
# Benchmark mode: Average time, time/op
# Benchmark: numj.ThreadsBench.add
# Parameters: (n = 1000000, threads = 2)

# Run progress: 66.58% complete, ETA 00:03:23
# Fork: 1 of 2
WARNING: A terminally deprecated method in sun.misc.Unsafe has been called
WARNING: sun.misc.Unsafe::objectFieldOffset has been called by org.openjdk.jmh.util.Utils (file:/C:/Users/Hareram%20ray/AI/numJ/.tools/jmh/jmh-core-1.37.jar)
WARNING: Please consider reporting this to the maintainers of class org.openjdk.jmh.util.Utils
WARNING: sun.misc.Unsafe::objectFieldOffset will be removed in a future release
# Warmup Iteration   1: 3679.531 us/op
# Warmup Iteration   2: 2807.910 us/op
# Warmup Iteration   3: 2866.273 us/op
# Warmup Iteration   4: 1987.132 us/op
Iteration   1: 2226.264 us/op
Iteration   2: 1592.761 us/op
Iteration   3: 1789.530 us/op
Iteration   4: 1849.494 us/op
Iteration   5: 1737.677 us/op

# Run progress: 66.97% complete, ETA 00:03:21
# Fork: 2 of 2
WARNING: A terminally deprecated method in sun.misc.Unsafe has been called
WARNING: sun.misc.Unsafe::objectFieldOffset has been called by org.openjdk.jmh.util.Utils (file:/C:/Users/Hareram%20ray/AI/numJ/.tools/jmh/jmh-core-1.37.jar)
WARNING: Please consider reporting this to the maintainers of class org.openjdk.jmh.util.Utils
WARNING: sun.misc.Unsafe::objectFieldOffset will be removed in a future release
# Warmup Iteration   1: 2926.783 us/op
# Warmup Iteration   2: 2655.880 us/op
# Warmup Iteration   3: 2540.165 us/op
# Warmup Iteration   4: 1577.939 us/op
Iteration   1: 1631.996 us/op
Iteration   2: 2030.001 us/op
Iteration   3: 1865.546 us/op
Iteration   4: 1373.188 us/op
Iteration   5: 1483.965 us/op


Result "numj.ThreadsBench.add":
  1758.042 ±(99.9%) 384.115 us/op [Average]
  (min, avg, max) = (1373.188, 1758.042, 2226.264), stdev = 254.068
  CI (99.9%): [1373.927, 2142.158] (assumes normal distribution)


# JMH version: 1.37
# VM version: JDK 25.0.4.1, OpenJDK 64-Bit Server VM, 25.0.4.1+1-LTS
# VM invoker: C:\Users\Hareram ray\AI\numJ\.tools\jdk\bin\java.exe
# VM options: --enable-native-access=ALL-UNNAMED --enable-native-access=ALL-UNNAMED -Xms2g -Xmx2g -XX:+AlwaysPreTouch -Dnumj.ew.parallelMinElements=0 -Dnumj.reduce.parallelMinElements=0
# Blackhole mode: compiler (auto-detected, use -Djmh.blackhole.autoDetect=false to disable)
# Warmup: 4 iterations, 200 ms each
# Measurement: 5 iterations, 200 ms each
# Timeout: 10 min per iteration
# Threads: 1 thread, will synchronize iterations
# Benchmark mode: Average time, time/op
# Benchmark: numj.ThreadsBench.add
# Parameters: (n = 1000000, threads = 4)

# Run progress: 67.36% complete, ETA 00:03:19
# Fork: 1 of 2
WARNING: A terminally deprecated method in sun.misc.Unsafe has been called
WARNING: sun.misc.Unsafe::objectFieldOffset has been called by org.openjdk.jmh.util.Utils (file:/C:/Users/Hareram%20ray/AI/numJ/.tools/jmh/jmh-core-1.37.jar)
WARNING: Please consider reporting this to the maintainers of class org.openjdk.jmh.util.Utils
WARNING: sun.misc.Unsafe::objectFieldOffset will be removed in a future release
# Warmup Iteration   1: 3377.803 us/op
# Warmup Iteration   2: 1579.037 us/op
# Warmup Iteration   3: 1933.094 us/op
# Warmup Iteration   4: 2002.171 us/op
Iteration   1: 2089.862 us/op
Iteration   2: 2001.597 us/op
Iteration   3: 1941.229 us/op
Iteration   4: 1426.313 us/op
Iteration   5: 1302.214 us/op

# Run progress: 67.75% complete, ETA 00:03:16
# Fork: 2 of 2
WARNING: A terminally deprecated method in sun.misc.Unsafe has been called
WARNING: sun.misc.Unsafe::objectFieldOffset has been called by org.openjdk.jmh.util.Utils (file:/C:/Users/Hareram%20ray/AI/numJ/.tools/jmh/jmh-core-1.37.jar)
WARNING: Please consider reporting this to the maintainers of class org.openjdk.jmh.util.Utils
WARNING: sun.misc.Unsafe::objectFieldOffset will be removed in a future release
# Warmup Iteration   1: 2524.135 us/op
# Warmup Iteration   2: 1222.775 us/op
# Warmup Iteration   3: 1868.286 us/op
# Warmup Iteration   4: 2184.709 us/op
Iteration   1: 2662.911 us/op
Iteration   2: 1449.565 us/op
Iteration   3: 1570.223 us/op
Iteration   4: 1933.138 us/op
Iteration   5: 1374.212 us/op


Result "numj.ThreadsBench.add":
  1775.126 ±(99.9%) 646.375 us/op [Average]
  (min, avg, max) = (1302.214, 1775.126, 2662.911), stdev = 427.537
  CI (99.9%): [1128.751, 2421.501] (assumes normal distribution)


# JMH version: 1.37
# VM version: JDK 25.0.4.1, OpenJDK 64-Bit Server VM, 25.0.4.1+1-LTS
# VM invoker: C:\Users\Hareram ray\AI\numJ\.tools\jdk\bin\java.exe
# VM options: --enable-native-access=ALL-UNNAMED --enable-native-access=ALL-UNNAMED -Xms2g -Xmx2g -XX:+AlwaysPreTouch -Dnumj.ew.parallelMinElements=0 -Dnumj.reduce.parallelMinElements=0
# Blackhole mode: compiler (auto-detected, use -Djmh.blackhole.autoDetect=false to disable)
# Warmup: 4 iterations, 200 ms each
# Measurement: 5 iterations, 200 ms each
# Timeout: 10 min per iteration
# Threads: 1 thread, will synchronize iterations
# Benchmark mode: Average time, time/op
# Benchmark: numj.ThreadsBench.add
# Parameters: (n = 1000000, threads = 8)

# Run progress: 68.13% complete, ETA 00:03:14
# Fork: 1 of 2
WARNING: A terminally deprecated method in sun.misc.Unsafe has been called
WARNING: sun.misc.Unsafe::objectFieldOffset has been called by org.openjdk.jmh.util.Utils (file:/C:/Users/Hareram%20ray/AI/numJ/.tools/jmh/jmh-core-1.37.jar)
WARNING: Please consider reporting this to the maintainers of class org.openjdk.jmh.util.Utils
WARNING: sun.misc.Unsafe::objectFieldOffset will be removed in a future release
# Warmup Iteration   1: 2778.671 us/op
# Warmup Iteration   2: 1220.102 us/op
# Warmup Iteration   3: 1503.314 us/op
# Warmup Iteration   4: 2052.293 us/op
Iteration   1: 1900.122 us/op
Iteration   2: 1782.701 us/op
Iteration   3: 1346.639 us/op
Iteration   4: 1646.265 us/op
Iteration   5: 2470.506 us/op

# Run progress: 68.52% complete, ETA 00:03:12
# Fork: 2 of 2
WARNING: A terminally deprecated method in sun.misc.Unsafe has been called
WARNING: sun.misc.Unsafe::objectFieldOffset has been called by org.openjdk.jmh.util.Utils (file:/C:/Users/Hareram%20ray/AI/numJ/.tools/jmh/jmh-core-1.37.jar)
WARNING: Please consider reporting this to the maintainers of class org.openjdk.jmh.util.Utils
WARNING: sun.misc.Unsafe::objectFieldOffset will be removed in a future release
# Warmup Iteration   1: 3210.016 us/op
# Warmup Iteration   2: 2795.461 us/op
# Warmup Iteration   3: 2837.920 us/op
# Warmup Iteration   4: 2266.121 us/op
Iteration   1: 1696.780 us/op
Iteration   2: 1701.714 us/op
Iteration   3: 2058.790 us/op
Iteration   4: 2101.251 us/op
Iteration   5: 1796.702 us/op


Result "numj.ThreadsBench.add":
  1850.147 ±(99.9%) 462.423 us/op [Average]
  (min, avg, max) = (1346.639, 1850.147, 2470.506), stdev = 305.864
  CI (99.9%): [1387.724, 2312.570] (assumes normal distribution)


# JMH version: 1.37
# VM version: JDK 25.0.4.1, OpenJDK 64-Bit Server VM, 25.0.4.1+1-LTS
# VM invoker: C:\Users\Hareram ray\AI\numJ\.tools\jdk\bin\java.exe
# VM options: --enable-native-access=ALL-UNNAMED --enable-native-access=ALL-UNNAMED -Xms2g -Xmx2g -XX:+AlwaysPreTouch -Dnumj.ew.parallelMinElements=0 -Dnumj.reduce.parallelMinElements=0
# Blackhole mode: compiler (auto-detected, use -Djmh.blackhole.autoDetect=false to disable)
# Warmup: 4 iterations, 200 ms each
# Measurement: 5 iterations, 200 ms each
# Timeout: 10 min per iteration
# Threads: 1 thread, will synchronize iterations
# Benchmark mode: Average time, time/op
# Benchmark: numj.ThreadsBench.add
# Parameters: (n = 4000000, threads = 1)

# Run progress: 68.91% complete, ETA 00:03:09
# Fork: 1 of 2
WARNING: A terminally deprecated method in sun.misc.Unsafe has been called
WARNING: sun.misc.Unsafe::objectFieldOffset has been called by org.openjdk.jmh.util.Utils (file:/C:/Users/Hareram%20ray/AI/numJ/.tools/jmh/jmh-core-1.37.jar)
WARNING: Please consider reporting this to the maintainers of class org.openjdk.jmh.util.Utils
WARNING: sun.misc.Unsafe::objectFieldOffset will be removed in a future release
# Warmup Iteration   1: 23503.444 us/op
# Warmup Iteration   2: 11196.711 us/op
# Warmup Iteration   3: 11514.494 us/op
# Warmup Iteration   4: 9656.238 us/op
Iteration   1: 7571.800 us/op
Iteration   2: 8181.996 us/op
Iteration   3: 7794.215 us/op
Iteration   4: 9709.057 us/op
Iteration   5: 8856.130 us/op

# Run progress: 69.30% complete, ETA 00:03:07
# Fork: 2 of 2
WARNING: A terminally deprecated method in sun.misc.Unsafe has been called
WARNING: sun.misc.Unsafe::objectFieldOffset has been called by org.openjdk.jmh.util.Utils (file:/C:/Users/Hareram%20ray/AI/numJ/.tools/jmh/jmh-core-1.37.jar)
WARNING: Please consider reporting this to the maintainers of class org.openjdk.jmh.util.Utils
WARNING: sun.misc.Unsafe::objectFieldOffset will be removed in a future release
# Warmup Iteration   1: 12234.359 us/op
# Warmup Iteration   2: 7702.874 us/op
# Warmup Iteration   3: 8945.909 us/op
# Warmup Iteration   4: 10661.368 us/op
Iteration   1: 7989.504 us/op
Iteration   2: 8578.050 us/op
Iteration   3: 9358.268 us/op
Iteration   4: 10055.885 us/op
Iteration   5: 8160.800 us/op


Result "numj.ThreadsBench.add":
  8625.571 ±(99.9%) 1277.988 us/op [Average]
  (min, avg, max) = (7571.800, 8625.571, 10055.885), stdev = 845.310
  CI (99.9%): [7347.583, 9903.559] (assumes normal distribution)


# JMH version: 1.37
# VM version: JDK 25.0.4.1, OpenJDK 64-Bit Server VM, 25.0.4.1+1-LTS
# VM invoker: C:\Users\Hareram ray\AI\numJ\.tools\jdk\bin\java.exe
# VM options: --enable-native-access=ALL-UNNAMED --enable-native-access=ALL-UNNAMED -Xms2g -Xmx2g -XX:+AlwaysPreTouch -Dnumj.ew.parallelMinElements=0 -Dnumj.reduce.parallelMinElements=0
# Blackhole mode: compiler (auto-detected, use -Djmh.blackhole.autoDetect=false to disable)
# Warmup: 4 iterations, 200 ms each
# Measurement: 5 iterations, 200 ms each
# Timeout: 10 min per iteration
# Threads: 1 thread, will synchronize iterations
# Benchmark mode: Average time, time/op
# Benchmark: numj.ThreadsBench.add
# Parameters: (n = 4000000, threads = 2)

# Run progress: 69.69% complete, ETA 00:03:05
# Fork: 1 of 2
WARNING: A terminally deprecated method in sun.misc.Unsafe has been called
WARNING: sun.misc.Unsafe::objectFieldOffset has been called by org.openjdk.jmh.util.Utils (file:/C:/Users/Hareram%20ray/AI/numJ/.tools/jmh/jmh-core-1.37.jar)
WARNING: Please consider reporting this to the maintainers of class org.openjdk.jmh.util.Utils
WARNING: sun.misc.Unsafe::objectFieldOffset will be removed in a future release
# Warmup Iteration   1: 52462.525 us/op
# Warmup Iteration   2: 8754.308 us/op
# Warmup Iteration   3: 9254.709 us/op
# Warmup Iteration   4: 10725.016 us/op
Iteration   1: 9213.913 us/op
Iteration   2: 11257.467 us/op
Iteration   3: 8786.000 us/op
Iteration   4: 9184.282 us/op
Iteration   5: 9252.623 us/op

# Run progress: 70.08% complete, ETA 00:03:02
# Fork: 2 of 2
WARNING: A terminally deprecated method in sun.misc.Unsafe has been called
WARNING: sun.misc.Unsafe::objectFieldOffset has been called by org.openjdk.jmh.util.Utils (file:/C:/Users/Hareram%20ray/AI/numJ/.tools/jmh/jmh-core-1.37.jar)
WARNING: Please consider reporting this to the maintainers of class org.openjdk.jmh.util.Utils
WARNING: sun.misc.Unsafe::objectFieldOffset will be removed in a future release
# Warmup Iteration   1: 13976.513 us/op
# Warmup Iteration   2: 9673.567 us/op
# Warmup Iteration   3: 10267.940 us/op
# Warmup Iteration   4: 9048.278 us/op
Iteration   1: 8178.340 us/op
Iteration   2: 9137.335 us/op
Iteration   3: 7395.189 us/op
Iteration   4: 7590.067 us/op
Iteration   5: 7537.915 us/op


Result "numj.ThreadsBench.add":
  8753.313 ±(99.9%) 1750.968 us/op [Average]
  (min, avg, max) = (7395.189, 8753.313, 11257.467), stdev = 1158.157
  CI (99.9%): [7002.345, 10504.281] (assumes normal distribution)


# JMH version: 1.37
# VM version: JDK 25.0.4.1, OpenJDK 64-Bit Server VM, 25.0.4.1+1-LTS
# VM invoker: C:\Users\Hareram ray\AI\numJ\.tools\jdk\bin\java.exe
# VM options: --enable-native-access=ALL-UNNAMED --enable-native-access=ALL-UNNAMED -Xms2g -Xmx2g -XX:+AlwaysPreTouch -Dnumj.ew.parallelMinElements=0 -Dnumj.reduce.parallelMinElements=0
# Blackhole mode: compiler (auto-detected, use -Djmh.blackhole.autoDetect=false to disable)
# Warmup: 4 iterations, 200 ms each
# Measurement: 5 iterations, 200 ms each
# Timeout: 10 min per iteration
# Threads: 1 thread, will synchronize iterations
# Benchmark mode: Average time, time/op
# Benchmark: numj.ThreadsBench.add
# Parameters: (n = 4000000, threads = 4)

# Run progress: 70.47% complete, ETA 00:03:00
# Fork: 1 of 2
WARNING: A terminally deprecated method in sun.misc.Unsafe has been called
WARNING: sun.misc.Unsafe::objectFieldOffset has been called by org.openjdk.jmh.util.Utils (file:/C:/Users/Hareram%20ray/AI/numJ/.tools/jmh/jmh-core-1.37.jar)
WARNING: Please consider reporting this to the maintainers of class org.openjdk.jmh.util.Utils
WARNING: sun.misc.Unsafe::objectFieldOffset will be removed in a future release
# Warmup Iteration   1: 23066.911 us/op
# Warmup Iteration   2: 8765.339 us/op
# Warmup Iteration   3: 8872.457 us/op
# Warmup Iteration   4: 7076.821 us/op
Iteration   1: 6458.284 us/op
Iteration   2: 8588.433 us/op
Iteration   3: 7621.915 us/op
Iteration   4: 9330.245 us/op
Iteration   5: 7621.648 us/op

# Run progress: 70.85% complete, ETA 00:02:58
# Fork: 2 of 2
WARNING: A terminally deprecated method in sun.misc.Unsafe has been called
WARNING: sun.misc.Unsafe::objectFieldOffset has been called by org.openjdk.jmh.util.Utils (file:/C:/Users/Hareram%20ray/AI/numJ/.tools/jmh/jmh-core-1.37.jar)
WARNING: Please consider reporting this to the maintainers of class org.openjdk.jmh.util.Utils
WARNING: sun.misc.Unsafe::objectFieldOffset will be removed in a future release
# Warmup Iteration   1: 10287.220 us/op
# Warmup Iteration   2: 6966.247 us/op
# Warmup Iteration   3: 8050.216 us/op
# Warmup Iteration   4: 7814.569 us/op
Iteration   1: 8982.852 us/op
Iteration   2: 7578.011 us/op
Iteration   3: 7016.431 us/op
Iteration   4: 7653.607 us/op
Iteration   5: 7467.544 us/op


Result "numj.ThreadsBench.add":
  7831.897 ±(99.9%) 1334.398 us/op [Average]
  (min, avg, max) = (6458.284, 7831.897, 9330.245), stdev = 882.621
  CI (99.9%): [6497.500, 9166.295] (assumes normal distribution)


# JMH version: 1.37
# VM version: JDK 25.0.4.1, OpenJDK 64-Bit Server VM, 25.0.4.1+1-LTS
# VM invoker: C:\Users\Hareram ray\AI\numJ\.tools\jdk\bin\java.exe
# VM options: --enable-native-access=ALL-UNNAMED --enable-native-access=ALL-UNNAMED -Xms2g -Xmx2g -XX:+AlwaysPreTouch -Dnumj.ew.parallelMinElements=0 -Dnumj.reduce.parallelMinElements=0
# Blackhole mode: compiler (auto-detected, use -Djmh.blackhole.autoDetect=false to disable)
# Warmup: 4 iterations, 200 ms each
# Measurement: 5 iterations, 200 ms each
# Timeout: 10 min per iteration
# Threads: 1 thread, will synchronize iterations
# Benchmark mode: Average time, time/op
# Benchmark: numj.ThreadsBench.add
# Parameters: (n = 4000000, threads = 8)

# Run progress: 71.24% complete, ETA 00:02:55
# Fork: 1 of 2
WARNING: A terminally deprecated method in sun.misc.Unsafe has been called
WARNING: sun.misc.Unsafe::objectFieldOffset has been called by org.openjdk.jmh.util.Utils (file:/C:/Users/Hareram%20ray/AI/numJ/.tools/jmh/jmh-core-1.37.jar)
WARNING: Please consider reporting this to the maintainers of class org.openjdk.jmh.util.Utils
WARNING: sun.misc.Unsafe::objectFieldOffset will be removed in a future release
# Warmup Iteration   1: 12990.250 us/op
# Warmup Iteration   2: 7254.064 us/op
# Warmup Iteration   3: 6124.852 us/op
# Warmup Iteration   4: 7500.896 us/op
Iteration   1: 7602.667 us/op
Iteration   2: 7638.485 us/op
Iteration   3: 7603.452 us/op
Iteration   4: 7517.278 us/op
Iteration   5: 7284.732 us/op

# Run progress: 71.63% complete, ETA 00:02:53
# Fork: 2 of 2
WARNING: A terminally deprecated method in sun.misc.Unsafe has been called
WARNING: sun.misc.Unsafe::objectFieldOffset has been called by org.openjdk.jmh.util.Utils (file:/C:/Users/Hareram%20ray/AI/numJ/.tools/jmh/jmh-core-1.37.jar)
WARNING: Please consider reporting this to the maintainers of class org.openjdk.jmh.util.Utils
WARNING: sun.misc.Unsafe::objectFieldOffset will be removed in a future release
# Warmup Iteration   1: 9841.752 us/op
# Warmup Iteration   2: 5537.227 us/op
# Warmup Iteration   3: 6767.987 us/op
# Warmup Iteration   4: 7828.673 us/op
Iteration   1: 7506.026 us/op
Iteration   2: 7433.971 us/op
Iteration   3: 7706.944 us/op
Iteration   4: 7740.492 us/op
Iteration   5: 7815.096 us/op


Result "numj.ThreadsBench.add":
  7584.914 ±(99.9%) 235.998 us/op [Average]
  (min, avg, max) = (7284.732, 7584.914, 7815.096), stdev = 156.098
  CI (99.9%): [7348.916, 7820.912] (assumes normal distribution)


# JMH version: 1.37
# VM version: JDK 25.0.4.1, OpenJDK 64-Bit Server VM, 25.0.4.1+1-LTS
# VM invoker: C:\Users\Hareram ray\AI\numJ\.tools\jdk\bin\java.exe
# VM options: --enable-native-access=ALL-UNNAMED --enable-native-access=ALL-UNNAMED -Xms2g -Xmx2g -XX:+AlwaysPreTouch -Dnumj.ew.parallelMinElements=0 -Dnumj.reduce.parallelMinElements=0
# Blackhole mode: compiler (auto-detected, use -Djmh.blackhole.autoDetect=false to disable)
# Warmup: 4 iterations, 200 ms each
# Measurement: 5 iterations, 200 ms each
# Timeout: 10 min per iteration
# Threads: 1 thread, will synchronize iterations
# Benchmark mode: Average time, time/op
# Benchmark: numj.ThreadsBench.add
# Parameters: (n = 16000000, threads = 1)

# Run progress: 72.02% complete, ETA 00:02:51
# Fork: 1 of 2
WARNING: A terminally deprecated method in sun.misc.Unsafe has been called
WARNING: sun.misc.Unsafe::objectFieldOffset has been called by org.openjdk.jmh.util.Utils (file:/C:/Users/Hareram%20ray/AI/numJ/.tools/jmh/jmh-core-1.37.jar)
WARNING: Please consider reporting this to the maintainers of class org.openjdk.jmh.util.Utils
WARNING: sun.misc.Unsafe::objectFieldOffset will be removed in a future release
# Warmup Iteration   1: 78004.500 us/op
# Warmup Iteration   2: 35900.867 us/op
# Warmup Iteration   3: 37537.350 us/op
# Warmup Iteration   4: 51973.525 us/op
Iteration   1: 89867.800 us/op
Iteration   2: 51798.350 us/op
Iteration   3: 34645.017 us/op
Iteration   4: 31154.786 us/op
Iteration   5: 29035.213 us/op

# Run progress: 72.41% complete, ETA 00:02:49
# Fork: 2 of 2
WARNING: A terminally deprecated method in sun.misc.Unsafe has been called
WARNING: sun.misc.Unsafe::objectFieldOffset has been called by org.openjdk.jmh.util.Utils (file:/C:/Users/Hareram%20ray/AI/numJ/.tools/jmh/jmh-core-1.37.jar)
WARNING: Please consider reporting this to the maintainers of class org.openjdk.jmh.util.Utils
WARNING: sun.misc.Unsafe::objectFieldOffset will be removed in a future release
# Warmup Iteration   1: 246154.400 us/op
# Warmup Iteration   2: 36837.067 us/op
# Warmup Iteration   3: 68937.867 us/op
# Warmup Iteration   4: 58512.475 us/op
Iteration   1: 53090.025 us/op
Iteration   2: 36016.067 us/op
Iteration   3: 33594.314 us/op
Iteration   4: 33841.500 us/op
Iteration   5: 34212.350 us/op


Result "numj.ThreadsBench.add":
  42725.542 ±(99.9%) 27961.551 us/op [Average]
  (min, avg, max) = (29035.213, 42725.542, 89867.800), stdev = 18494.835
  CI (99.9%): [14763.991, 70687.093] (assumes normal distribution)


# JMH version: 1.37
# VM version: JDK 25.0.4.1, OpenJDK 64-Bit Server VM, 25.0.4.1+1-LTS
# VM invoker: C:\Users\Hareram ray\AI\numJ\.tools\jdk\bin\java.exe
# VM options: --enable-native-access=ALL-UNNAMED --enable-native-access=ALL-UNNAMED -Xms2g -Xmx2g -XX:+AlwaysPreTouch -Dnumj.ew.parallelMinElements=0 -Dnumj.reduce.parallelMinElements=0
# Blackhole mode: compiler (auto-detected, use -Djmh.blackhole.autoDetect=false to disable)
# Warmup: 4 iterations, 200 ms each
# Measurement: 5 iterations, 200 ms each
# Timeout: 10 min per iteration
# Threads: 1 thread, will synchronize iterations
# Benchmark mode: Average time, time/op
# Benchmark: numj.ThreadsBench.add
# Parameters: (n = 16000000, threads = 2)

# Run progress: 72.80% complete, ETA 00:02:46
# Fork: 1 of 2
WARNING: A terminally deprecated method in sun.misc.Unsafe has been called
WARNING: sun.misc.Unsafe::objectFieldOffset has been called by org.openjdk.jmh.util.Utils (file:/C:/Users/Hareram%20ray/AI/numJ/.tools/jmh/jmh-core-1.37.jar)
WARNING: Please consider reporting this to the maintainers of class org.openjdk.jmh.util.Utils
WARNING: sun.misc.Unsafe::objectFieldOffset will be removed in a future release
# Warmup Iteration   1: 75160.100 us/op
# Warmup Iteration   2: 38233.567 us/op
# Warmup Iteration   3: 38096.600 us/op
# Warmup Iteration   4: 31088.343 us/op
Iteration   1: 34751.557 us/op
Iteration   2: 43814.280 us/op
Iteration   3: 35814.917 us/op
Iteration   4: 35957.083 us/op
Iteration   5: 40682.260 us/op

# Run progress: 73.19% complete, ETA 00:02:44
# Fork: 2 of 2
WARNING: A terminally deprecated method in sun.misc.Unsafe has been called
WARNING: sun.misc.Unsafe::objectFieldOffset has been called by org.openjdk.jmh.util.Utils (file:/C:/Users/Hareram%20ray/AI/numJ/.tools/jmh/jmh-core-1.37.jar)
WARNING: Please consider reporting this to the maintainers of class org.openjdk.jmh.util.Utils
WARNING: sun.misc.Unsafe::objectFieldOffset will be removed in a future release
# Warmup Iteration   1: 69389.800 us/op
# Warmup Iteration   2: 34246.833 us/op
# Warmup Iteration   3: 36355.433 us/op
# Warmup Iteration   4: 45377.360 us/op
Iteration   1: 48573.160 us/op
Iteration   2: 38495.433 us/op
Iteration   3: 33821.200 us/op
Iteration   4: 36187.300 us/op
Iteration   5: 34901.317 us/op


Result "numj.ThreadsBench.add":
  38299.851 ±(99.9%) 7162.315 us/op [Average]
  (min, avg, max) = (33821.200, 38299.851, 48573.160), stdev = 4737.428
  CI (99.9%): [31137.536, 45462.166] (assumes normal distribution)


# JMH version: 1.37
# VM version: JDK 25.0.4.1, OpenJDK 64-Bit Server VM, 25.0.4.1+1-LTS
# VM invoker: C:\Users\Hareram ray\AI\numJ\.tools\jdk\bin\java.exe
# VM options: --enable-native-access=ALL-UNNAMED --enable-native-access=ALL-UNNAMED -Xms2g -Xmx2g -XX:+AlwaysPreTouch -Dnumj.ew.parallelMinElements=0 -Dnumj.reduce.parallelMinElements=0
# Blackhole mode: compiler (auto-detected, use -Djmh.blackhole.autoDetect=false to disable)
# Warmup: 4 iterations, 200 ms each
# Measurement: 5 iterations, 200 ms each
# Timeout: 10 min per iteration
# Threads: 1 thread, will synchronize iterations
# Benchmark mode: Average time, time/op
# Benchmark: numj.ThreadsBench.add
# Parameters: (n = 16000000, threads = 4)

# Run progress: 73.58% complete, ETA 00:02:42
# Fork: 1 of 2
WARNING: A terminally deprecated method in sun.misc.Unsafe has been called
WARNING: sun.misc.Unsafe::objectFieldOffset has been called by org.openjdk.jmh.util.Utils (file:/C:/Users/Hareram%20ray/AI/numJ/.tools/jmh/jmh-core-1.37.jar)
WARNING: Please consider reporting this to the maintainers of class org.openjdk.jmh.util.Utils
WARNING: sun.misc.Unsafe::objectFieldOffset will be removed in a future release
# Warmup Iteration   1: 37183.350 us/op
# Warmup Iteration   2: 29677.471 us/op
# Warmup Iteration   3: 27065.250 us/op
# Warmup Iteration   4: 34426.529 us/op
Iteration   1: 35208.617 us/op
Iteration   2: 30608.543 us/op
Iteration   3: 32529.514 us/op
Iteration   4: 31652.043 us/op
Iteration   5: 30489.157 us/op

# Run progress: 73.96% complete, ETA 00:02:40
# Fork: 2 of 2
WARNING: A terminally deprecated method in sun.misc.Unsafe has been called
WARNING: sun.misc.Unsafe::objectFieldOffset has been called by org.openjdk.jmh.util.Utils (file:/C:/Users/Hareram%20ray/AI/numJ/.tools/jmh/jmh-core-1.37.jar)
WARNING: Please consider reporting this to the maintainers of class org.openjdk.jmh.util.Utils
WARNING: sun.misc.Unsafe::objectFieldOffset will be removed in a future release
# Warmup Iteration   1: 77182.800 us/op
# Warmup Iteration   2: 34806.167 us/op
# Warmup Iteration   3: 33137.871 us/op
# Warmup Iteration   4: 35909.250 us/op
Iteration   1: 33758.767 us/op
Iteration   2: 33239.557 us/op
Iteration   3: 35024.417 us/op
Iteration   4: 32284.700 us/op
Iteration   5: 33423.157 us/op


Result "numj.ThreadsBench.add":
  32821.847 ±(99.9%) 2471.137 us/op [Average]
  (min, avg, max) = (30489.157, 32821.847, 35208.617), stdev = 1634.504
  CI (99.9%): [30350.710, 35292.985] (assumes normal distribution)


# JMH version: 1.37
# VM version: JDK 25.0.4.1, OpenJDK 64-Bit Server VM, 25.0.4.1+1-LTS
# VM invoker: C:\Users\Hareram ray\AI\numJ\.tools\jdk\bin\java.exe
# VM options: --enable-native-access=ALL-UNNAMED --enable-native-access=ALL-UNNAMED -Xms2g -Xmx2g -XX:+AlwaysPreTouch -Dnumj.ew.parallelMinElements=0 -Dnumj.reduce.parallelMinElements=0
# Blackhole mode: compiler (auto-detected, use -Djmh.blackhole.autoDetect=false to disable)
# Warmup: 4 iterations, 200 ms each
# Measurement: 5 iterations, 200 ms each
# Timeout: 10 min per iteration
# Threads: 1 thread, will synchronize iterations
# Benchmark mode: Average time, time/op
# Benchmark: numj.ThreadsBench.add
# Parameters: (n = 16000000, threads = 8)

# Run progress: 74.35% complete, ETA 00:02:38
# Fork: 1 of 2
WARNING: A terminally deprecated method in sun.misc.Unsafe has been called
WARNING: sun.misc.Unsafe::objectFieldOffset has been called by org.openjdk.jmh.util.Utils (file:/C:/Users/Hareram%20ray/AI/numJ/.tools/jmh/jmh-core-1.37.jar)
WARNING: Please consider reporting this to the maintainers of class org.openjdk.jmh.util.Utils
WARNING: sun.misc.Unsafe::objectFieldOffset will be removed in a future release
# Warmup Iteration   1: 71667.100 us/op
# Warmup Iteration   2: 31746.725 us/op
# Warmup Iteration   3: 30105.586 us/op
# Warmup Iteration   4: 31088.800 us/op
Iteration   1: 24833.556 us/op
Iteration   2: 28026.838 us/op
Iteration   3: 28770.100 us/op
Iteration   4: 27003.638 us/op
Iteration   5: 27003.225 us/op

# Run progress: 74.74% complete, ETA 00:02:35
# Fork: 2 of 2
WARNING: A terminally deprecated method in sun.misc.Unsafe has been called
WARNING: sun.misc.Unsafe::objectFieldOffset has been called by org.openjdk.jmh.util.Utils (file:/C:/Users/Hareram%20ray/AI/numJ/.tools/jmh/jmh-core-1.37.jar)
WARNING: Please consider reporting this to the maintainers of class org.openjdk.jmh.util.Utils
WARNING: sun.misc.Unsafe::objectFieldOffset will be removed in a future release
# Warmup Iteration   1: 45010.460 us/op
# Warmup Iteration   2: 23780.956 us/op
# Warmup Iteration   3: 23529.067 us/op
# Warmup Iteration   4: 25499.244 us/op
Iteration   1: 25635.088 us/op
Iteration   2: 24594.256 us/op
Iteration   3: 24689.467 us/op
Iteration   4: 25694.525 us/op
Iteration   5: 28750.900 us/op


Result "numj.ThreadsBench.add":
  26500.159 ±(99.9%) 2476.136 us/op [Average]
  (min, avg, max) = (24594.256, 26500.159, 28770.100), stdev = 1637.811
  CI (99.9%): [24024.023, 28976.295] (assumes normal distribution)


# JMH version: 1.37
# VM version: JDK 25.0.4.1, OpenJDK 64-Bit Server VM, 25.0.4.1+1-LTS
# VM invoker: C:\Users\Hareram ray\AI\numJ\.tools\jdk\bin\java.exe
# VM options: --enable-native-access=ALL-UNNAMED --enable-native-access=ALL-UNNAMED -Xms2g -Xmx2g -XX:+AlwaysPreTouch -Dnumj.ew.parallelMinElements=0 -Dnumj.reduce.parallelMinElements=0
# Blackhole mode: compiler (auto-detected, use -Djmh.blackhole.autoDetect=false to disable)
# Warmup: 4 iterations, 200 ms each
# Measurement: 5 iterations, 200 ms each
# Timeout: 10 min per iteration
# Threads: 1 thread, will synchronize iterations
# Benchmark mode: Average time, time/op
# Benchmark: numj.ThreadsBench.sum
# Parameters: (n = 100000, threads = 1)

# Run progress: 75.13% complete, ETA 00:02:33
# Fork: 1 of 2
WARNING: A terminally deprecated method in sun.misc.Unsafe has been called
WARNING: sun.misc.Unsafe::objectFieldOffset has been called by org.openjdk.jmh.util.Utils (file:/C:/Users/Hareram%20ray/AI/numJ/.tools/jmh/jmh-core-1.37.jar)
WARNING: Please consider reporting this to the maintainers of class org.openjdk.jmh.util.Utils
WARNING: sun.misc.Unsafe::objectFieldOffset will be removed in a future release
# Warmup Iteration   1: 8.214 us/op
# Warmup Iteration   2: 6.227 us/op
# Warmup Iteration   3: 7.044 us/op
# Warmup Iteration   4: 7.171 us/op
Iteration   1: 5.827 us/op
Iteration   2: 5.377 us/op
Iteration   3: 5.356 us/op
Iteration   4: 5.279 us/op
Iteration   5: 5.458 us/op

# Run progress: 75.52% complete, ETA 00:02:31
# Fork: 2 of 2
WARNING: A terminally deprecated method in sun.misc.Unsafe has been called
WARNING: sun.misc.Unsafe::objectFieldOffset has been called by org.openjdk.jmh.util.Utils (file:/C:/Users/Hareram%20ray/AI/numJ/.tools/jmh/jmh-core-1.37.jar)
WARNING: Please consider reporting this to the maintainers of class org.openjdk.jmh.util.Utils
WARNING: sun.misc.Unsafe::objectFieldOffset will be removed in a future release
# Warmup Iteration   1: 13.494 us/op
# Warmup Iteration   2: 5.401 us/op
# Warmup Iteration   3: 5.122 us/op
# Warmup Iteration   4: 5.563 us/op
Iteration   1: 4.989 us/op
Iteration   2: 5.021 us/op
Iteration   3: 5.711 us/op
Iteration   4: 7.743 us/op
Iteration   5: 7.138 us/op


Result "numj.ThreadsBench.sum":
  5.790 ±(99.9%) 1.389 us/op [Average]
  (min, avg, max) = (4.989, 5.790, 7.743), stdev = 0.919
  CI (99.9%): [4.401, 7.180] (assumes normal distribution)


# JMH version: 1.37
# VM version: JDK 25.0.4.1, OpenJDK 64-Bit Server VM, 25.0.4.1+1-LTS
# VM invoker: C:\Users\Hareram ray\AI\numJ\.tools\jdk\bin\java.exe
# VM options: --enable-native-access=ALL-UNNAMED --enable-native-access=ALL-UNNAMED -Xms2g -Xmx2g -XX:+AlwaysPreTouch -Dnumj.ew.parallelMinElements=0 -Dnumj.reduce.parallelMinElements=0
# Blackhole mode: compiler (auto-detected, use -Djmh.blackhole.autoDetect=false to disable)
# Warmup: 4 iterations, 200 ms each
# Measurement: 5 iterations, 200 ms each
# Timeout: 10 min per iteration
# Threads: 1 thread, will synchronize iterations
# Benchmark mode: Average time, time/op
# Benchmark: numj.ThreadsBench.sum
# Parameters: (n = 100000, threads = 2)

# Run progress: 75.91% complete, ETA 00:02:28
# Fork: 1 of 2
WARNING: A terminally deprecated method in sun.misc.Unsafe has been called
WARNING: sun.misc.Unsafe::objectFieldOffset has been called by org.openjdk.jmh.util.Utils (file:/C:/Users/Hareram%20ray/AI/numJ/.tools/jmh/jmh-core-1.37.jar)
WARNING: Please consider reporting this to the maintainers of class org.openjdk.jmh.util.Utils
WARNING: sun.misc.Unsafe::objectFieldOffset will be removed in a future release
# Warmup Iteration   1: 63.778 us/op
# Warmup Iteration   2: 23.832 us/op
# Warmup Iteration   3: 23.787 us/op
# Warmup Iteration   4: 23.839 us/op
Iteration   1: 25.370 us/op
Iteration   2: 25.236 us/op
Iteration   3: 23.345 us/op
Iteration   4: 23.624 us/op
Iteration   5: 24.321 us/op

# Run progress: 76.30% complete, ETA 00:02:26
# Fork: 2 of 2
WARNING: A terminally deprecated method in sun.misc.Unsafe has been called
WARNING: sun.misc.Unsafe::objectFieldOffset has been called by org.openjdk.jmh.util.Utils (file:/C:/Users/Hareram%20ray/AI/numJ/.tools/jmh/jmh-core-1.37.jar)
WARNING: Please consider reporting this to the maintainers of class org.openjdk.jmh.util.Utils
WARNING: sun.misc.Unsafe::objectFieldOffset will be removed in a future release
# Warmup Iteration   1: 51.658 us/op
# Warmup Iteration   2: 25.290 us/op
# Warmup Iteration   3: 29.773 us/op
# Warmup Iteration   4: 23.984 us/op
Iteration   1: 24.503 us/op
Iteration   2: 26.240 us/op
Iteration   3: 24.935 us/op
Iteration   4: 22.661 us/op
Iteration   5: 22.042 us/op


Result "numj.ThreadsBench.sum":
  24.228 ±(99.9%) 1.973 us/op [Average]
  (min, avg, max) = (22.042, 24.228, 26.240), stdev = 1.305
  CI (99.9%): [22.254, 26.201] (assumes normal distribution)


# JMH version: 1.37
# VM version: JDK 25.0.4.1, OpenJDK 64-Bit Server VM, 25.0.4.1+1-LTS
# VM invoker: C:\Users\Hareram ray\AI\numJ\.tools\jdk\bin\java.exe
# VM options: --enable-native-access=ALL-UNNAMED --enable-native-access=ALL-UNNAMED -Xms2g -Xmx2g -XX:+AlwaysPreTouch -Dnumj.ew.parallelMinElements=0 -Dnumj.reduce.parallelMinElements=0
# Blackhole mode: compiler (auto-detected, use -Djmh.blackhole.autoDetect=false to disable)
# Warmup: 4 iterations, 200 ms each
# Measurement: 5 iterations, 200 ms each
# Timeout: 10 min per iteration
# Threads: 1 thread, will synchronize iterations
# Benchmark mode: Average time, time/op
# Benchmark: numj.ThreadsBench.sum
# Parameters: (n = 100000, threads = 4)

# Run progress: 76.68% complete, ETA 00:02:24
# Fork: 1 of 2
WARNING: A terminally deprecated method in sun.misc.Unsafe has been called
WARNING: sun.misc.Unsafe::objectFieldOffset has been called by org.openjdk.jmh.util.Utils (file:/C:/Users/Hareram%20ray/AI/numJ/.tools/jmh/jmh-core-1.37.jar)
WARNING: Please consider reporting this to the maintainers of class org.openjdk.jmh.util.Utils
WARNING: sun.misc.Unsafe::objectFieldOffset will be removed in a future release
# Warmup Iteration   1: 47.013 us/op
# Warmup Iteration   2: 28.111 us/op
# Warmup Iteration   3: 28.033 us/op
# Warmup Iteration   4: 27.049 us/op
Iteration   1: 27.892 us/op
Iteration   2: 28.867 us/op
Iteration   3: 27.326 us/op
Iteration   4: 28.399 us/op
Iteration   5: 27.363 us/op

# Run progress: 77.07% complete, ETA 00:02:21
# Fork: 2 of 2
WARNING: A terminally deprecated method in sun.misc.Unsafe has been called
WARNING: sun.misc.Unsafe::objectFieldOffset has been called by org.openjdk.jmh.util.Utils (file:/C:/Users/Hareram%20ray/AI/numJ/.tools/jmh/jmh-core-1.37.jar)
WARNING: Please consider reporting this to the maintainers of class org.openjdk.jmh.util.Utils
WARNING: sun.misc.Unsafe::objectFieldOffset will be removed in a future release
# Warmup Iteration   1: 43.721 us/op
# Warmup Iteration   2: 27.648 us/op
# Warmup Iteration   3: 27.337 us/op
# Warmup Iteration   4: 27.181 us/op
Iteration   1: 26.536 us/op
Iteration   2: 27.466 us/op
Iteration   3: 26.914 us/op
Iteration   4: 25.736 us/op
Iteration   5: 25.514 us/op


Result "numj.ThreadsBench.sum":
  27.201 ±(99.9%) 1.619 us/op [Average]
  (min, avg, max) = (25.514, 27.201, 28.867), stdev = 1.071
  CI (99.9%): [25.582, 28.820] (assumes normal distribution)


# JMH version: 1.37
# VM version: JDK 25.0.4.1, OpenJDK 64-Bit Server VM, 25.0.4.1+1-LTS
# VM invoker: C:\Users\Hareram ray\AI\numJ\.tools\jdk\bin\java.exe
# VM options: --enable-native-access=ALL-UNNAMED --enable-native-access=ALL-UNNAMED -Xms2g -Xmx2g -XX:+AlwaysPreTouch -Dnumj.ew.parallelMinElements=0 -Dnumj.reduce.parallelMinElements=0
# Blackhole mode: compiler (auto-detected, use -Djmh.blackhole.autoDetect=false to disable)
# Warmup: 4 iterations, 200 ms each
# Measurement: 5 iterations, 200 ms each
# Timeout: 10 min per iteration
# Threads: 1 thread, will synchronize iterations
# Benchmark mode: Average time, time/op
# Benchmark: numj.ThreadsBench.sum
# Parameters: (n = 100000, threads = 8)

# Run progress: 77.46% complete, ETA 00:02:19
# Fork: 1 of 2
WARNING: A terminally deprecated method in sun.misc.Unsafe has been called
WARNING: sun.misc.Unsafe::objectFieldOffset has been called by org.openjdk.jmh.util.Utils (file:/C:/Users/Hareram%20ray/AI/numJ/.tools/jmh/jmh-core-1.37.jar)
WARNING: Please consider reporting this to the maintainers of class org.openjdk.jmh.util.Utils
WARNING: sun.misc.Unsafe::objectFieldOffset will be removed in a future release
# Warmup Iteration   1: 59.277 us/op
# Warmup Iteration   2: 34.955 us/op
# Warmup Iteration   3: 34.007 us/op
# Warmup Iteration   4: 33.628 us/op
Iteration   1: 33.355 us/op
Iteration   2: 35.243 us/op
Iteration   3: 34.101 us/op
Iteration   4: 34.961 us/op
Iteration   5: 34.568 us/op

# Run progress: 77.85% complete, ETA 00:02:16
# Fork: 2 of 2
WARNING: A terminally deprecated method in sun.misc.Unsafe has been called
WARNING: sun.misc.Unsafe::objectFieldOffset has been called by org.openjdk.jmh.util.Utils (file:/C:/Users/Hareram%20ray/AI/numJ/.tools/jmh/jmh-core-1.37.jar)
WARNING: Please consider reporting this to the maintainers of class org.openjdk.jmh.util.Utils
WARNING: sun.misc.Unsafe::objectFieldOffset will be removed in a future release
# Warmup Iteration   1: 78.002 us/op
# Warmup Iteration   2: 39.704 us/op
# Warmup Iteration   3: 37.792 us/op
# Warmup Iteration   4: 37.714 us/op
Iteration   1: 38.157 us/op
Iteration   2: 39.230 us/op
Iteration   3: 39.704 us/op
Iteration   4: 38.695 us/op
Iteration   5: 37.345 us/op


Result "numj.ThreadsBench.sum":
  36.536 ±(99.9%) 3.539 us/op [Average]
  (min, avg, max) = (33.355, 36.536, 39.704), stdev = 2.341
  CI (99.9%): [32.997, 40.075] (assumes normal distribution)


# JMH version: 1.37
# VM version: JDK 25.0.4.1, OpenJDK 64-Bit Server VM, 25.0.4.1+1-LTS
# VM invoker: C:\Users\Hareram ray\AI\numJ\.tools\jdk\bin\java.exe
# VM options: --enable-native-access=ALL-UNNAMED --enable-native-access=ALL-UNNAMED -Xms2g -Xmx2g -XX:+AlwaysPreTouch -Dnumj.ew.parallelMinElements=0 -Dnumj.reduce.parallelMinElements=0
# Blackhole mode: compiler (auto-detected, use -Djmh.blackhole.autoDetect=false to disable)
# Warmup: 4 iterations, 200 ms each
# Measurement: 5 iterations, 200 ms each
# Timeout: 10 min per iteration
# Threads: 1 thread, will synchronize iterations
# Benchmark mode: Average time, time/op
# Benchmark: numj.ThreadsBench.sum
# Parameters: (n = 1000000, threads = 1)

# Run progress: 78.24% complete, ETA 00:02:14
# Fork: 1 of 2
WARNING: A terminally deprecated method in sun.misc.Unsafe has been called
WARNING: sun.misc.Unsafe::objectFieldOffset has been called by org.openjdk.jmh.util.Utils (file:/C:/Users/Hareram%20ray/AI/numJ/.tools/jmh/jmh-core-1.37.jar)
WARNING: Please consider reporting this to the maintainers of class org.openjdk.jmh.util.Utils
WARNING: sun.misc.Unsafe::objectFieldOffset will be removed in a future release
# Warmup Iteration   1: 339.644 us/op
# Warmup Iteration   2: 167.739 us/op
# Warmup Iteration   3: 185.009 us/op
# Warmup Iteration   4: 169.135 us/op
Iteration   1: 175.887 us/op
Iteration   2: 169.961 us/op
Iteration   3: 168.632 us/op
Iteration   4: 176.547 us/op
Iteration   5: 173.317 us/op

# Run progress: 78.63% complete, ETA 00:02:11
# Fork: 2 of 2
WARNING: A terminally deprecated method in sun.misc.Unsafe has been called
WARNING: sun.misc.Unsafe::objectFieldOffset has been called by org.openjdk.jmh.util.Utils (file:/C:/Users/Hareram%20ray/AI/numJ/.tools/jmh/jmh-core-1.37.jar)
WARNING: Please consider reporting this to the maintainers of class org.openjdk.jmh.util.Utils
WARNING: sun.misc.Unsafe::objectFieldOffset will be removed in a future release
# Warmup Iteration   1: 311.652 us/op
# Warmup Iteration   2: 162.205 us/op
# Warmup Iteration   3: 159.535 us/op
# Warmup Iteration   4: 178.398 us/op
Iteration   1: 164.264 us/op
Iteration   2: 202.488 us/op
Iteration   3: 154.858 us/op
Iteration   4: 175.403 us/op
Iteration   5: 168.738 us/op


Result "numj.ThreadsBench.sum":
  173.010 ±(99.9%) 18.504 us/op [Average]
  (min, avg, max) = (154.858, 173.010, 202.488), stdev = 12.240
  CI (99.9%): [154.505, 191.514] (assumes normal distribution)


# JMH version: 1.37
# VM version: JDK 25.0.4.1, OpenJDK 64-Bit Server VM, 25.0.4.1+1-LTS
# VM invoker: C:\Users\Hareram ray\AI\numJ\.tools\jdk\bin\java.exe
# VM options: --enable-native-access=ALL-UNNAMED --enable-native-access=ALL-UNNAMED -Xms2g -Xmx2g -XX:+AlwaysPreTouch -Dnumj.ew.parallelMinElements=0 -Dnumj.reduce.parallelMinElements=0
# Blackhole mode: compiler (auto-detected, use -Djmh.blackhole.autoDetect=false to disable)
# Warmup: 4 iterations, 200 ms each
# Measurement: 5 iterations, 200 ms each
# Timeout: 10 min per iteration
# Threads: 1 thread, will synchronize iterations
# Benchmark mode: Average time, time/op
# Benchmark: numj.ThreadsBench.sum
# Parameters: (n = 1000000, threads = 2)

# Run progress: 79.02% complete, ETA 00:02:09
# Fork: 1 of 2
WARNING: A terminally deprecated method in sun.misc.Unsafe has been called
WARNING: sun.misc.Unsafe::objectFieldOffset has been called by org.openjdk.jmh.util.Utils (file:/C:/Users/Hareram%20ray/AI/numJ/.tools/jmh/jmh-core-1.37.jar)
WARNING: Please consider reporting this to the maintainers of class org.openjdk.jmh.util.Utils
WARNING: sun.misc.Unsafe::objectFieldOffset will be removed in a future release
# Warmup Iteration   1: 236.367 us/op
# Warmup Iteration   2: 115.527 us/op
# Warmup Iteration   3: 110.758 us/op
# Warmup Iteration   4: 111.239 us/op
Iteration   1: 106.703 us/op
Iteration   2: 106.680 us/op
Iteration   3: 109.653 us/op
Iteration   4: 120.912 us/op
Iteration   5: 136.978 us/op

# Run progress: 79.40% complete, ETA 00:02:07
# Fork: 2 of 2
WARNING: A terminally deprecated method in sun.misc.Unsafe has been called
WARNING: sun.misc.Unsafe::objectFieldOffset has been called by org.openjdk.jmh.util.Utils (file:/C:/Users/Hareram%20ray/AI/numJ/.tools/jmh/jmh-core-1.37.jar)
WARNING: Please consider reporting this to the maintainers of class org.openjdk.jmh.util.Utils
WARNING: sun.misc.Unsafe::objectFieldOffset will be removed in a future release
# Warmup Iteration   1: 351.742 us/op
# Warmup Iteration   2: 114.696 us/op
# Warmup Iteration   3: 105.297 us/op
# Warmup Iteration   4: 99.811 us/op
Iteration   1: 99.913 us/op
Iteration   2: 100.135 us/op
Iteration   3: 102.443 us/op
Iteration   4: 104.964 us/op
Iteration   5: 105.306 us/op


Result "numj.ThreadsBench.sum":
  109.369 ±(99.9%) 17.227 us/op [Average]
  (min, avg, max) = (99.913, 109.369, 136.978), stdev = 11.394
  CI (99.9%): [92.142, 126.595] (assumes normal distribution)


# JMH version: 1.37
# VM version: JDK 25.0.4.1, OpenJDK 64-Bit Server VM, 25.0.4.1+1-LTS
# VM invoker: C:\Users\Hareram ray\AI\numJ\.tools\jdk\bin\java.exe
# VM options: --enable-native-access=ALL-UNNAMED --enable-native-access=ALL-UNNAMED -Xms2g -Xmx2g -XX:+AlwaysPreTouch -Dnumj.ew.parallelMinElements=0 -Dnumj.reduce.parallelMinElements=0
# Blackhole mode: compiler (auto-detected, use -Djmh.blackhole.autoDetect=false to disable)
# Warmup: 4 iterations, 200 ms each
# Measurement: 5 iterations, 200 ms each
# Timeout: 10 min per iteration
# Threads: 1 thread, will synchronize iterations
# Benchmark mode: Average time, time/op
# Benchmark: numj.ThreadsBench.sum
# Parameters: (n = 1000000, threads = 4)

# Run progress: 79.79% complete, ETA 00:02:04
# Fork: 1 of 2
WARNING: A terminally deprecated method in sun.misc.Unsafe has been called
WARNING: sun.misc.Unsafe::objectFieldOffset has been called by org.openjdk.jmh.util.Utils (file:/C:/Users/Hareram%20ray/AI/numJ/.tools/jmh/jmh-core-1.37.jar)
WARNING: Please consider reporting this to the maintainers of class org.openjdk.jmh.util.Utils
WARNING: sun.misc.Unsafe::objectFieldOffset will be removed in a future release
# Warmup Iteration   1: 154.755 us/op
# Warmup Iteration   2: 81.488 us/op
# Warmup Iteration   3: 88.310 us/op
# Warmup Iteration   4: 90.287 us/op
Iteration   1: 81.311 us/op
Iteration   2: 85.103 us/op
Iteration   3: 81.046 us/op
Iteration   4: 74.718 us/op
Iteration   5: 70.076 us/op

# Run progress: 80.18% complete, ETA 00:02:02
# Fork: 2 of 2
WARNING: A terminally deprecated method in sun.misc.Unsafe has been called
WARNING: sun.misc.Unsafe::objectFieldOffset has been called by org.openjdk.jmh.util.Utils (file:/C:/Users/Hareram%20ray/AI/numJ/.tools/jmh/jmh-core-1.37.jar)
WARNING: Please consider reporting this to the maintainers of class org.openjdk.jmh.util.Utils
WARNING: sun.misc.Unsafe::objectFieldOffset will be removed in a future release
# Warmup Iteration   1: 140.132 us/op
# Warmup Iteration   2: 64.731 us/op
# Warmup Iteration   3: 63.874 us/op
# Warmup Iteration   4: 61.248 us/op
Iteration   1: 61.007 us/op
Iteration   2: 62.295 us/op
Iteration   3: 61.845 us/op
Iteration   4: 73.983 us/op
Iteration   5: 62.233 us/op


Result "numj.ThreadsBench.sum":
  71.362 ±(99.9%) 13.936 us/op [Average]
  (min, avg, max) = (61.007, 71.362, 85.103), stdev = 9.218
  CI (99.9%): [57.426, 85.297] (assumes normal distribution)


# JMH version: 1.37
# VM version: JDK 25.0.4.1, OpenJDK 64-Bit Server VM, 25.0.4.1+1-LTS
# VM invoker: C:\Users\Hareram ray\AI\numJ\.tools\jdk\bin\java.exe
# VM options: --enable-native-access=ALL-UNNAMED --enable-native-access=ALL-UNNAMED -Xms2g -Xmx2g -XX:+AlwaysPreTouch -Dnumj.ew.parallelMinElements=0 -Dnumj.reduce.parallelMinElements=0
# Blackhole mode: compiler (auto-detected, use -Djmh.blackhole.autoDetect=false to disable)
# Warmup: 4 iterations, 200 ms each
# Measurement: 5 iterations, 200 ms each
# Timeout: 10 min per iteration
# Threads: 1 thread, will synchronize iterations
# Benchmark mode: Average time, time/op
# Benchmark: numj.ThreadsBench.sum
# Parameters: (n = 1000000, threads = 8)

# Run progress: 80.57% complete, ETA 00:01:59
# Fork: 1 of 2
WARNING: A terminally deprecated method in sun.misc.Unsafe has been called
WARNING: sun.misc.Unsafe::objectFieldOffset has been called by org.openjdk.jmh.util.Utils (file:/C:/Users/Hareram%20ray/AI/numJ/.tools/jmh/jmh-core-1.37.jar)
WARNING: Please consider reporting this to the maintainers of class org.openjdk.jmh.util.Utils
WARNING: sun.misc.Unsafe::objectFieldOffset will be removed in a future release
# Warmup Iteration   1: 147.633 us/op
# Warmup Iteration   2: 75.354 us/op
# Warmup Iteration   3: 75.694 us/op
# Warmup Iteration   4: 70.700 us/op
Iteration   1: 71.528 us/op
Iteration   2: 70.031 us/op
Iteration   3: 72.896 us/op
Iteration   4: 70.358 us/op
Iteration   5: 71.832 us/op

# Run progress: 80.96% complete, ETA 00:01:57
# Fork: 2 of 2
WARNING: A terminally deprecated method in sun.misc.Unsafe has been called
WARNING: sun.misc.Unsafe::objectFieldOffset has been called by org.openjdk.jmh.util.Utils (file:/C:/Users/Hareram%20ray/AI/numJ/.tools/jmh/jmh-core-1.37.jar)
WARNING: Please consider reporting this to the maintainers of class org.openjdk.jmh.util.Utils
WARNING: sun.misc.Unsafe::objectFieldOffset will be removed in a future release
# Warmup Iteration   1: 159.000 us/op
# Warmup Iteration   2: 80.451 us/op
# Warmup Iteration   3: 76.248 us/op
# Warmup Iteration   4: 77.217 us/op
Iteration   1: 77.735 us/op
Iteration   2: 74.929 us/op
Iteration   3: 76.570 us/op
Iteration   4: 73.898 us/op
Iteration   5: 74.487 us/op


Result "numj.ThreadsBench.sum":
  73.426 ±(99.9%) 3.885 us/op [Average]
  (min, avg, max) = (70.031, 73.426, 77.735), stdev = 2.569
  CI (99.9%): [69.542, 77.311] (assumes normal distribution)


# JMH version: 1.37
# VM version: JDK 25.0.4.1, OpenJDK 64-Bit Server VM, 25.0.4.1+1-LTS
# VM invoker: C:\Users\Hareram ray\AI\numJ\.tools\jdk\bin\java.exe
# VM options: --enable-native-access=ALL-UNNAMED --enable-native-access=ALL-UNNAMED -Xms2g -Xmx2g -XX:+AlwaysPreTouch -Dnumj.ew.parallelMinElements=0 -Dnumj.reduce.parallelMinElements=0
# Blackhole mode: compiler (auto-detected, use -Djmh.blackhole.autoDetect=false to disable)
# Warmup: 4 iterations, 200 ms each
# Measurement: 5 iterations, 200 ms each
# Timeout: 10 min per iteration
# Threads: 1 thread, will synchronize iterations
# Benchmark mode: Average time, time/op
# Benchmark: numj.ThreadsBench.sum
# Parameters: (n = 4000000, threads = 1)

# Run progress: 81.35% complete, ETA 00:01:55
# Fork: 1 of 2
WARNING: A terminally deprecated method in sun.misc.Unsafe has been called
WARNING: sun.misc.Unsafe::objectFieldOffset has been called by org.openjdk.jmh.util.Utils (file:/C:/Users/Hareram%20ray/AI/numJ/.tools/jmh/jmh-core-1.37.jar)
WARNING: Please consider reporting this to the maintainers of class org.openjdk.jmh.util.Utils
WARNING: sun.misc.Unsafe::objectFieldOffset will be removed in a future release
# Warmup Iteration   1: 3863.585 us/op
# Warmup Iteration   2: 2393.175 us/op
# Warmup Iteration   3: 2994.428 us/op
# Warmup Iteration   4: 2195.346 us/op
Iteration   1: 2734.631 us/op
Iteration   2: 3294.551 us/op
Iteration   3: 3186.997 us/op
Iteration   4: 2677.668 us/op
Iteration   5: 2518.647 us/op

# Run progress: 81.74% complete, ETA 00:01:52
# Fork: 2 of 2
WARNING: A terminally deprecated method in sun.misc.Unsafe has been called
WARNING: sun.misc.Unsafe::objectFieldOffset has been called by org.openjdk.jmh.util.Utils (file:/C:/Users/Hareram%20ray/AI/numJ/.tools/jmh/jmh-core-1.37.jar)
WARNING: Please consider reporting this to the maintainers of class org.openjdk.jmh.util.Utils
WARNING: sun.misc.Unsafe::objectFieldOffset will be removed in a future release
# Warmup Iteration   1: 3055.505 us/op
# Warmup Iteration   2: 2350.931 us/op
# Warmup Iteration   3: 2853.356 us/op
# Warmup Iteration   4: 2109.555 us/op
Iteration   1: 2030.726 us/op
Iteration   2: 3082.739 us/op
Iteration   3: 4749.930 us/op
Iteration   4: 3789.936 us/op
Iteration   5: 2370.815 us/op


Result "numj.ThreadsBench.sum":
  3043.664 ±(99.9%) 1185.858 us/op [Average]
  (min, avg, max) = (2030.726, 3043.664, 4749.930), stdev = 784.371
  CI (99.9%): [1857.806, 4229.522] (assumes normal distribution)


# JMH version: 1.37
# VM version: JDK 25.0.4.1, OpenJDK 64-Bit Server VM, 25.0.4.1+1-LTS
# VM invoker: C:\Users\Hareram ray\AI\numJ\.tools\jdk\bin\java.exe
# VM options: --enable-native-access=ALL-UNNAMED --enable-native-access=ALL-UNNAMED -Xms2g -Xmx2g -XX:+AlwaysPreTouch -Dnumj.ew.parallelMinElements=0 -Dnumj.reduce.parallelMinElements=0
# Blackhole mode: compiler (auto-detected, use -Djmh.blackhole.autoDetect=false to disable)
# Warmup: 4 iterations, 200 ms each
# Measurement: 5 iterations, 200 ms each
# Timeout: 10 min per iteration
# Threads: 1 thread, will synchronize iterations
# Benchmark mode: Average time, time/op
# Benchmark: numj.ThreadsBench.sum
# Parameters: (n = 4000000, threads = 2)

# Run progress: 82.12% complete, ETA 00:01:50
# Fork: 1 of 2
WARNING: A terminally deprecated method in sun.misc.Unsafe has been called
WARNING: sun.misc.Unsafe::objectFieldOffset has been called by org.openjdk.jmh.util.Utils (file:/C:/Users/Hareram%20ray/AI/numJ/.tools/jmh/jmh-core-1.37.jar)
WARNING: Please consider reporting this to the maintainers of class org.openjdk.jmh.util.Utils
WARNING: sun.misc.Unsafe::objectFieldOffset will be removed in a future release
# Warmup Iteration   1: 5935.368 us/op
# Warmup Iteration   2: 2835.936 us/op
# Warmup Iteration   3: 3360.045 us/op
# Warmup Iteration   4: 2090.143 us/op
Iteration   1: 1922.983 us/op
Iteration   2: 2247.031 us/op
Iteration   3: 1998.148 us/op
Iteration   4: 3077.311 us/op
Iteration   5: 2807.190 us/op

# Run progress: 82.51% complete, ETA 00:01:47
# Fork: 2 of 2
WARNING: A terminally deprecated method in sun.misc.Unsafe has been called
WARNING: sun.misc.Unsafe::objectFieldOffset has been called by org.openjdk.jmh.util.Utils (file:/C:/Users/Hareram%20ray/AI/numJ/.tools/jmh/jmh-core-1.37.jar)
WARNING: Please consider reporting this to the maintainers of class org.openjdk.jmh.util.Utils
WARNING: sun.misc.Unsafe::objectFieldOffset will be removed in a future release
# Warmup Iteration   1: 2766.334 us/op
# Warmup Iteration   2: 1682.939 us/op
# Warmup Iteration   3: 1541.048 us/op
# Warmup Iteration   4: 3253.647 us/op
Iteration   1: 2840.738 us/op
Iteration   2: 2782.611 us/op
Iteration   3: 3097.525 us/op
Iteration   4: 3415.141 us/op
Iteration   5: 3253.750 us/op


Result "numj.ThreadsBench.sum":
  2744.243 ±(99.9%) 786.963 us/op [Average]
  (min, avg, max) = (1922.983, 2744.243, 3415.141), stdev = 520.527
  CI (99.9%): [1957.280, 3531.205] (assumes normal distribution)


# JMH version: 1.37
# VM version: JDK 25.0.4.1, OpenJDK 64-Bit Server VM, 25.0.4.1+1-LTS
# VM invoker: C:\Users\Hareram ray\AI\numJ\.tools\jdk\bin\java.exe
# VM options: --enable-native-access=ALL-UNNAMED --enable-native-access=ALL-UNNAMED -Xms2g -Xmx2g -XX:+AlwaysPreTouch -Dnumj.ew.parallelMinElements=0 -Dnumj.reduce.parallelMinElements=0
# Blackhole mode: compiler (auto-detected, use -Djmh.blackhole.autoDetect=false to disable)
# Warmup: 4 iterations, 200 ms each
# Measurement: 5 iterations, 200 ms each
# Timeout: 10 min per iteration
# Threads: 1 thread, will synchronize iterations
# Benchmark mode: Average time, time/op
# Benchmark: numj.ThreadsBench.sum
# Parameters: (n = 4000000, threads = 4)

# Run progress: 82.90% complete, ETA 00:01:45
# Fork: 1 of 2
WARNING: A terminally deprecated method in sun.misc.Unsafe has been called
WARNING: sun.misc.Unsafe::objectFieldOffset has been called by org.openjdk.jmh.util.Utils (file:/C:/Users/Hareram%20ray/AI/numJ/.tools/jmh/jmh-core-1.37.jar)
WARNING: Please consider reporting this to the maintainers of class org.openjdk.jmh.util.Utils
WARNING: sun.misc.Unsafe::objectFieldOffset will be removed in a future release
# Warmup Iteration   1: 2608.368 us/op
# Warmup Iteration   2: 2107.153 us/op
# Warmup Iteration   3: 2479.041 us/op
# Warmup Iteration   4: 2184.339 us/op
Iteration   1: 1891.342 us/op
Iteration   2: 1672.865 us/op
Iteration   3: 1652.354 us/op
Iteration   4: 2208.545 us/op
Iteration   5: 1691.986 us/op

# Run progress: 83.29% complete, ETA 00:01:43
# Fork: 2 of 2
WARNING: A terminally deprecated method in sun.misc.Unsafe has been called
WARNING: sun.misc.Unsafe::objectFieldOffset has been called by org.openjdk.jmh.util.Utils (file:/C:/Users/Hareram%20ray/AI/numJ/.tools/jmh/jmh-core-1.37.jar)
WARNING: Please consider reporting this to the maintainers of class org.openjdk.jmh.util.Utils
WARNING: sun.misc.Unsafe::objectFieldOffset will be removed in a future release
# Warmup Iteration   1: 2964.976 us/op
# Warmup Iteration   2: 2289.065 us/op
# Warmup Iteration   3: 2283.244 us/op
# Warmup Iteration   4: 1971.640 us/op
Iteration   1: 1993.398 us/op
Iteration   2: 2274.638 us/op
Iteration   3: 1651.775 us/op
Iteration   4: 1577.215 us/op
Iteration   5: 1699.085 us/op


Result "numj.ThreadsBench.sum":
  1831.320 ±(99.9%) 376.970 us/op [Average]
  (min, avg, max) = (1577.215, 1831.320, 2274.638), stdev = 249.342
  CI (99.9%): [1454.350, 2208.290] (assumes normal distribution)


# JMH version: 1.37
# VM version: JDK 25.0.4.1, OpenJDK 64-Bit Server VM, 25.0.4.1+1-LTS
# VM invoker: C:\Users\Hareram ray\AI\numJ\.tools\jdk\bin\java.exe
# VM options: --enable-native-access=ALL-UNNAMED --enable-native-access=ALL-UNNAMED -Xms2g -Xmx2g -XX:+AlwaysPreTouch -Dnumj.ew.parallelMinElements=0 -Dnumj.reduce.parallelMinElements=0
# Blackhole mode: compiler (auto-detected, use -Djmh.blackhole.autoDetect=false to disable)
# Warmup: 4 iterations, 200 ms each
# Measurement: 5 iterations, 200 ms each
# Timeout: 10 min per iteration
# Threads: 1 thread, will synchronize iterations
# Benchmark mode: Average time, time/op
# Benchmark: numj.ThreadsBench.sum
# Parameters: (n = 4000000, threads = 8)

# Run progress: 83.68% complete, ETA 00:01:40
# Fork: 1 of 2
WARNING: A terminally deprecated method in sun.misc.Unsafe has been called
WARNING: sun.misc.Unsafe::objectFieldOffset has been called by org.openjdk.jmh.util.Utils (file:/C:/Users/Hareram%20ray/AI/numJ/.tools/jmh/jmh-core-1.37.jar)
WARNING: Please consider reporting this to the maintainers of class org.openjdk.jmh.util.Utils
WARNING: sun.misc.Unsafe::objectFieldOffset will be removed in a future release
# Warmup Iteration   1: 2369.347 us/op
# Warmup Iteration   2: 1730.699 us/op
# Warmup Iteration   3: 1763.710 us/op
# Warmup Iteration   4: 2152.243 us/op
Iteration   1: 1857.768 us/op
Iteration   2: 1478.994 us/op
Iteration   3: 1454.612 us/op
Iteration   4: 1850.485 us/op
Iteration   5: 2065.521 us/op

# Run progress: 84.07% complete, ETA 00:01:38
# Fork: 2 of 2
WARNING: A terminally deprecated method in sun.misc.Unsafe has been called
WARNING: sun.misc.Unsafe::objectFieldOffset has been called by org.openjdk.jmh.util.Utils (file:/C:/Users/Hareram%20ray/AI/numJ/.tools/jmh/jmh-core-1.37.jar)
WARNING: Please consider reporting this to the maintainers of class org.openjdk.jmh.util.Utils
WARNING: sun.misc.Unsafe::objectFieldOffset will be removed in a future release
# Warmup Iteration   1: 2647.825 us/op
# Warmup Iteration   2: 2143.966 us/op
# Warmup Iteration   3: 2044.645 us/op
# Warmup Iteration   4: 2101.460 us/op
Iteration   1: 1693.924 us/op
Iteration   2: 1795.144 us/op
Iteration   3: 2098.948 us/op
Iteration   4: 1944.851 us/op
Iteration   5: 1799.787 us/op


Result "numj.ThreadsBench.sum":
  1804.003 ±(99.9%) 326.674 us/op [Average]
  (min, avg, max) = (1454.612, 1804.003, 2098.948), stdev = 216.074
  CI (99.9%): [1477.330, 2130.677] (assumes normal distribution)


# JMH version: 1.37
# VM version: JDK 25.0.4.1, OpenJDK 64-Bit Server VM, 25.0.4.1+1-LTS
# VM invoker: C:\Users\Hareram ray\AI\numJ\.tools\jdk\bin\java.exe
# VM options: --enable-native-access=ALL-UNNAMED --enable-native-access=ALL-UNNAMED -Xms2g -Xmx2g -XX:+AlwaysPreTouch -Dnumj.ew.parallelMinElements=0 -Dnumj.reduce.parallelMinElements=0
# Blackhole mode: compiler (auto-detected, use -Djmh.blackhole.autoDetect=false to disable)
# Warmup: 4 iterations, 200 ms each
# Measurement: 5 iterations, 200 ms each
# Timeout: 10 min per iteration
# Threads: 1 thread, will synchronize iterations
# Benchmark mode: Average time, time/op
# Benchmark: numj.ThreadsBench.sum
# Parameters: (n = 16000000, threads = 1)

# Run progress: 84.46% complete, ETA 00:01:35
# Fork: 1 of 2
WARNING: A terminally deprecated method in sun.misc.Unsafe has been called
WARNING: sun.misc.Unsafe::objectFieldOffset has been called by org.openjdk.jmh.util.Utils (file:/C:/Users/Hareram%20ray/AI/numJ/.tools/jmh/jmh-core-1.37.jar)
WARNING: Please consider reporting this to the maintainers of class org.openjdk.jmh.util.Utils
WARNING: sun.misc.Unsafe::objectFieldOffset will be removed in a future release
# Warmup Iteration   1: 14957.686 us/op
# Warmup Iteration   2: 9160.250 us/op
# Warmup Iteration   3: 9967.914 us/op
# Warmup Iteration   4: 10163.320 us/op
Iteration   1: 14047.520 us/op
Iteration   2: 9652.550 us/op
Iteration   3: 9640.062 us/op
Iteration   4: 12189.759 us/op
Iteration   5: 10114.443 us/op

# Run progress: 84.84% complete, ETA 00:01:33
# Fork: 2 of 2
WARNING: A terminally deprecated method in sun.misc.Unsafe has been called
WARNING: sun.misc.Unsafe::objectFieldOffset has been called by org.openjdk.jmh.util.Utils (file:/C:/Users/Hareram%20ray/AI/numJ/.tools/jmh/jmh-core-1.37.jar)
WARNING: Please consider reporting this to the maintainers of class org.openjdk.jmh.util.Utils
WARNING: sun.misc.Unsafe::objectFieldOffset will be removed in a future release
# Warmup Iteration   1: 16112.792 us/op
# Warmup Iteration   2: 9821.852 us/op
# Warmup Iteration   3: 9242.309 us/op
# Warmup Iteration   4: 13326.631 us/op
Iteration   1: 12353.759 us/op
Iteration   2: 9827.395 us/op
Iteration   3: 9618.664 us/op
Iteration   4: 15023.200 us/op
Iteration   5: 9324.355 us/op


Result "numj.ThreadsBench.sum":
  11179.171 ±(99.9%) 3144.794 us/op [Average]
  (min, avg, max) = (9324.355, 11179.171, 15023.200), stdev = 2080.086
  CI (99.9%): [8034.377, 14323.964] (assumes normal distribution)


# JMH version: 1.37
# VM version: JDK 25.0.4.1, OpenJDK 64-Bit Server VM, 25.0.4.1+1-LTS
# VM invoker: C:\Users\Hareram ray\AI\numJ\.tools\jdk\bin\java.exe
# VM options: --enable-native-access=ALL-UNNAMED --enable-native-access=ALL-UNNAMED -Xms2g -Xmx2g -XX:+AlwaysPreTouch -Dnumj.ew.parallelMinElements=0 -Dnumj.reduce.parallelMinElements=0
# Blackhole mode: compiler (auto-detected, use -Djmh.blackhole.autoDetect=false to disable)
# Warmup: 4 iterations, 200 ms each
# Measurement: 5 iterations, 200 ms each
# Timeout: 10 min per iteration
# Threads: 1 thread, will synchronize iterations
# Benchmark mode: Average time, time/op
# Benchmark: numj.ThreadsBench.sum
# Parameters: (n = 16000000, threads = 2)

# Run progress: 85.23% complete, ETA 00:01:31
# Fork: 1 of 2
WARNING: A terminally deprecated method in sun.misc.Unsafe has been called
WARNING: sun.misc.Unsafe::objectFieldOffset has been called by org.openjdk.jmh.util.Utils (file:/C:/Users/Hareram%20ray/AI/numJ/.tools/jmh/jmh-core-1.37.jar)
WARNING: Please consider reporting this to the maintainers of class org.openjdk.jmh.util.Utils
WARNING: sun.misc.Unsafe::objectFieldOffset will be removed in a future release
# Warmup Iteration   1: 10192.470 us/op
# Warmup Iteration   2: 6657.700 us/op
# Warmup Iteration   3: 7239.971 us/op
# Warmup Iteration   4: 8614.175 us/op
Iteration   1: 6781.560 us/op
Iteration   2: 7611.404 us/op
Iteration   3: 6978.350 us/op
Iteration   4: 6677.339 us/op
Iteration   5: 6803.507 us/op

# Run progress: 85.62% complete, ETA 00:01:28
# Fork: 2 of 2
WARNING: A terminally deprecated method in sun.misc.Unsafe has been called
WARNING: sun.misc.Unsafe::objectFieldOffset has been called by org.openjdk.jmh.util.Utils (file:/C:/Users/Hareram%20ray/AI/numJ/.tools/jmh/jmh-core-1.37.jar)
WARNING: Please consider reporting this to the maintainers of class org.openjdk.jmh.util.Utils
WARNING: sun.misc.Unsafe::objectFieldOffset will be removed in a future release
# Warmup Iteration   1: 10943.789 us/op
# Warmup Iteration   2: 6822.223 us/op
# Warmup Iteration   3: 6935.810 us/op
# Warmup Iteration   4: 7250.786 us/op
Iteration   1: 7067.790 us/op
Iteration   2: 7861.135 us/op
Iteration   3: 6614.548 us/op
Iteration   4: 7897.169 us/op
Iteration   5: 7706.000 us/op


Result "numj.ThreadsBench.sum":
  7199.880 ±(99.9%) 774.722 us/op [Average]
  (min, avg, max) = (6614.548, 7199.880, 7897.169), stdev = 512.431
  CI (99.9%): [6425.158, 7974.602] (assumes normal distribution)


# JMH version: 1.37
# VM version: JDK 25.0.4.1, OpenJDK 64-Bit Server VM, 25.0.4.1+1-LTS
# VM invoker: C:\Users\Hareram ray\AI\numJ\.tools\jdk\bin\java.exe
# VM options: --enable-native-access=ALL-UNNAMED --enable-native-access=ALL-UNNAMED -Xms2g -Xmx2g -XX:+AlwaysPreTouch -Dnumj.ew.parallelMinElements=0 -Dnumj.reduce.parallelMinElements=0
# Blackhole mode: compiler (auto-detected, use -Djmh.blackhole.autoDetect=false to disable)
# Warmup: 4 iterations, 200 ms each
# Measurement: 5 iterations, 200 ms each
# Timeout: 10 min per iteration
# Threads: 1 thread, will synchronize iterations
# Benchmark mode: Average time, time/op
# Benchmark: numj.ThreadsBench.sum
# Parameters: (n = 16000000, threads = 4)

# Run progress: 86.01% complete, ETA 00:01:26
# Fork: 1 of 2
WARNING: A terminally deprecated method in sun.misc.Unsafe has been called
WARNING: sun.misc.Unsafe::objectFieldOffset has been called by org.openjdk.jmh.util.Utils (file:/C:/Users/Hareram%20ray/AI/numJ/.tools/jmh/jmh-core-1.37.jar)
WARNING: Please consider reporting this to the maintainers of class org.openjdk.jmh.util.Utils
WARNING: sun.misc.Unsafe::objectFieldOffset will be removed in a future release
# Warmup Iteration   1: 10028.205 us/op
# Warmup Iteration   2: 8386.758 us/op
# Warmup Iteration   3: 8813.152 us/op
# Warmup Iteration   4: 8664.275 us/op
Iteration   1: 8566.858 us/op
Iteration   2: 8636.900 us/op
Iteration   3: 8510.304 us/op
Iteration   4: 8909.013 us/op
Iteration   5: 7321.343 us/op

# Run progress: 86.40% complete, ETA 00:01:24
# Fork: 2 of 2
WARNING: A terminally deprecated method in sun.misc.Unsafe has been called
WARNING: sun.misc.Unsafe::objectFieldOffset has been called by org.openjdk.jmh.util.Utils (file:/C:/Users/Hareram%20ray/AI/numJ/.tools/jmh/jmh-core-1.37.jar)
WARNING: Please consider reporting this to the maintainers of class org.openjdk.jmh.util.Utils
WARNING: sun.misc.Unsafe::objectFieldOffset will be removed in a future release
# Warmup Iteration   1: 10759.758 us/op
# Warmup Iteration   2: 6652.381 us/op
# Warmup Iteration   3: 6722.910 us/op
# Warmup Iteration   4: 8032.973 us/op
Iteration   1: 6101.188 us/op
Iteration   2: 7653.522 us/op
Iteration   3: 6114.282 us/op
Iteration   4: 6718.640 us/op
Iteration   5: 6796.470 us/op


Result "numj.ThreadsBench.sum":
  7532.852 ±(99.9%) 1630.177 us/op [Average]
  (min, avg, max) = (6101.188, 7532.852, 8909.013), stdev = 1078.261
  CI (99.9%): [5902.675, 9163.029] (assumes normal distribution)


# JMH version: 1.37
# VM version: JDK 25.0.4.1, OpenJDK 64-Bit Server VM, 25.0.4.1+1-LTS
# VM invoker: C:\Users\Hareram ray\AI\numJ\.tools\jdk\bin\java.exe
# VM options: --enable-native-access=ALL-UNNAMED --enable-native-access=ALL-UNNAMED -Xms2g -Xmx2g -XX:+AlwaysPreTouch -Dnumj.ew.parallelMinElements=0 -Dnumj.reduce.parallelMinElements=0
# Blackhole mode: compiler (auto-detected, use -Djmh.blackhole.autoDetect=false to disable)
# Warmup: 4 iterations, 200 ms each
# Measurement: 5 iterations, 200 ms each
# Timeout: 10 min per iteration
# Threads: 1 thread, will synchronize iterations
# Benchmark mode: Average time, time/op
# Benchmark: numj.ThreadsBench.sum
# Parameters: (n = 16000000, threads = 8)

# Run progress: 86.79% complete, ETA 00:01:21
# Fork: 1 of 2
WARNING: A terminally deprecated method in sun.misc.Unsafe has been called
WARNING: sun.misc.Unsafe::objectFieldOffset has been called by org.openjdk.jmh.util.Utils (file:/C:/Users/Hareram%20ray/AI/numJ/.tools/jmh/jmh-core-1.37.jar)
WARNING: Please consider reporting this to the maintainers of class org.openjdk.jmh.util.Utils
WARNING: sun.misc.Unsafe::objectFieldOffset will be removed in a future release
# Warmup Iteration   1: 12850.888 us/op
# Warmup Iteration   2: 6083.758 us/op
# Warmup Iteration   3: 6083.141 us/op
# Warmup Iteration   4: 6339.539 us/op
Iteration   1: 6023.315 us/op
Iteration   2: 7543.552 us/op
Iteration   3: 5946.909 us/op
Iteration   4: 5936.450 us/op
Iteration   5: 6199.030 us/op

# Run progress: 87.18% complete, ETA 00:01:19
# Fork: 2 of 2
WARNING: A terminally deprecated method in sun.misc.Unsafe has been called
WARNING: sun.misc.Unsafe::objectFieldOffset has been called by org.openjdk.jmh.util.Utils (file:/C:/Users/Hareram%20ray/AI/numJ/.tools/jmh/jmh-core-1.37.jar)
WARNING: Please consider reporting this to the maintainers of class org.openjdk.jmh.util.Utils
WARNING: sun.misc.Unsafe::objectFieldOffset will be removed in a future release
# Warmup Iteration   1: 10419.675 us/op
# Warmup Iteration   2: 5746.269 us/op
# Warmup Iteration   3: 5856.477 us/op
# Warmup Iteration   4: 6339.741 us/op
Iteration   1: 6739.610 us/op
Iteration   2: 5974.600 us/op
Iteration   3: 6401.297 us/op
Iteration   4: 6263.600 us/op
Iteration   5: 6032.565 us/op


Result "numj.ThreadsBench.sum":
  6306.093 ±(99.9%) 759.597 us/op [Average]
  (min, avg, max) = (5936.450, 6306.093, 7543.552), stdev = 502.426
  CI (99.9%): [5546.496, 7065.690] (assumes normal distribution)


# JMH version: 1.37
# VM version: JDK 25.0.4.1, OpenJDK 64-Bit Server VM, 25.0.4.1+1-LTS
# VM invoker: C:\Users\Hareram ray\AI\numJ\.tools\jdk\bin\java.exe
# VM options: --enable-native-access=ALL-UNNAMED --enable-native-access=ALL-UNNAMED -Xms2g -Xmx2g -XX:+AlwaysPreTouch -Dnumj.ew.parallelMinElements=0 -Dnumj.reduce.parallelMinElements=0
# Blackhole mode: compiler (auto-detected, use -Djmh.blackhole.autoDetect=false to disable)
# Warmup: 4 iterations, 200 ms each
# Measurement: 5 iterations, 200 ms each
# Timeout: 10 min per iteration
# Threads: 1 thread, will synchronize iterations
# Benchmark mode: Average time, time/op
# Benchmark: numj.ThreadsBench.sumAxis0
# Parameters: (n = 100000, threads = 1)

# Run progress: 87.56% complete, ETA 00:01:16
# Fork: 1 of 2
WARNING: A terminally deprecated method in sun.misc.Unsafe has been called
WARNING: sun.misc.Unsafe::objectFieldOffset has been called by org.openjdk.jmh.util.Utils (file:/C:/Users/Hareram%20ray/AI/numJ/.tools/jmh/jmh-core-1.37.jar)
WARNING: Please consider reporting this to the maintainers of class org.openjdk.jmh.util.Utils
WARNING: sun.misc.Unsafe::objectFieldOffset will be removed in a future release
# Warmup Iteration   1: 32.894 us/op
# Warmup Iteration   2: 16.516 us/op
# Warmup Iteration   3: 16.615 us/op
# Warmup Iteration   4: 16.382 us/op
Iteration   1: 16.616 us/op
Iteration   2: 17.403 us/op
Iteration   3: 19.853 us/op
Iteration   4: 19.454 us/op
Iteration   5: 19.366 us/op

# Run progress: 87.95% complete, ETA 00:01:14
# Fork: 2 of 2
WARNING: A terminally deprecated method in sun.misc.Unsafe has been called
WARNING: sun.misc.Unsafe::objectFieldOffset has been called by org.openjdk.jmh.util.Utils (file:/C:/Users/Hareram%20ray/AI/numJ/.tools/jmh/jmh-core-1.37.jar)
WARNING: Please consider reporting this to the maintainers of class org.openjdk.jmh.util.Utils
WARNING: sun.misc.Unsafe::objectFieldOffset will be removed in a future release
# Warmup Iteration   1: 32.395 us/op
# Warmup Iteration   2: 19.413 us/op
# Warmup Iteration   3: 19.707 us/op
# Warmup Iteration   4: 19.727 us/op
Iteration   1: 19.739 us/op
Iteration   2: 19.603 us/op
Iteration   3: 18.002 us/op
Iteration   4: 16.709 us/op
Iteration   5: 16.877 us/op


Result "numj.ThreadsBench.sumAxis0":
  18.362 ±(99.9%) 2.072 us/op [Average]
  (min, avg, max) = (16.616, 18.362, 19.853), stdev = 1.370
  CI (99.9%): [16.291, 20.434] (assumes normal distribution)


# JMH version: 1.37
# VM version: JDK 25.0.4.1, OpenJDK 64-Bit Server VM, 25.0.4.1+1-LTS
# VM invoker: C:\Users\Hareram ray\AI\numJ\.tools\jdk\bin\java.exe
# VM options: --enable-native-access=ALL-UNNAMED --enable-native-access=ALL-UNNAMED -Xms2g -Xmx2g -XX:+AlwaysPreTouch -Dnumj.ew.parallelMinElements=0 -Dnumj.reduce.parallelMinElements=0
# Blackhole mode: compiler (auto-detected, use -Djmh.blackhole.autoDetect=false to disable)
# Warmup: 4 iterations, 200 ms each
# Measurement: 5 iterations, 200 ms each
# Timeout: 10 min per iteration
# Threads: 1 thread, will synchronize iterations
# Benchmark mode: Average time, time/op
# Benchmark: numj.ThreadsBench.sumAxis0
# Parameters: (n = 100000, threads = 2)

# Run progress: 88.34% complete, ETA 00:01:12
# Fork: 1 of 2
WARNING: A terminally deprecated method in sun.misc.Unsafe has been called
WARNING: sun.misc.Unsafe::objectFieldOffset has been called by org.openjdk.jmh.util.Utils (file:/C:/Users/Hareram%20ray/AI/numJ/.tools/jmh/jmh-core-1.37.jar)
WARNING: Please consider reporting this to the maintainers of class org.openjdk.jmh.util.Utils
WARNING: sun.misc.Unsafe::objectFieldOffset will be removed in a future release
# Warmup Iteration   1: 55.269 us/op
# Warmup Iteration   2: 28.858 us/op
# Warmup Iteration   3: 27.943 us/op
# Warmup Iteration   4: 27.877 us/op
Iteration   1: 26.668 us/op
Iteration   2: 28.162 us/op
Iteration   3: 30.243 us/op
Iteration   4: 28.901 us/op
Iteration   5: 29.205 us/op

# Run progress: 88.73% complete, ETA 00:01:09
# Fork: 2 of 2
WARNING: A terminally deprecated method in sun.misc.Unsafe has been called
WARNING: sun.misc.Unsafe::objectFieldOffset has been called by org.openjdk.jmh.util.Utils (file:/C:/Users/Hareram%20ray/AI/numJ/.tools/jmh/jmh-core-1.37.jar)
WARNING: Please consider reporting this to the maintainers of class org.openjdk.jmh.util.Utils
WARNING: sun.misc.Unsafe::objectFieldOffset will be removed in a future release
# Warmup Iteration   1: 54.745 us/op
# Warmup Iteration   2: 30.357 us/op
# Warmup Iteration   3: 29.732 us/op
# Warmup Iteration   4: 29.722 us/op
Iteration   1: 30.823 us/op
Iteration   2: 30.511 us/op
Iteration   3: 29.839 us/op
Iteration   4: 27.287 us/op
Iteration   5: 28.355 us/op


Result "numj.ThreadsBench.sumAxis0":
  29.000 ±(99.9%) 2.102 us/op [Average]
  (min, avg, max) = (26.668, 29.000, 30.823), stdev = 1.390
  CI (99.9%): [26.898, 31.102] (assumes normal distribution)


# JMH version: 1.37
# VM version: JDK 25.0.4.1, OpenJDK 64-Bit Server VM, 25.0.4.1+1-LTS
# VM invoker: C:\Users\Hareram ray\AI\numJ\.tools\jdk\bin\java.exe
# VM options: --enable-native-access=ALL-UNNAMED --enable-native-access=ALL-UNNAMED -Xms2g -Xmx2g -XX:+AlwaysPreTouch -Dnumj.ew.parallelMinElements=0 -Dnumj.reduce.parallelMinElements=0
# Blackhole mode: compiler (auto-detected, use -Djmh.blackhole.autoDetect=false to disable)
# Warmup: 4 iterations, 200 ms each
# Measurement: 5 iterations, 200 ms each
# Timeout: 10 min per iteration
# Threads: 1 thread, will synchronize iterations
# Benchmark mode: Average time, time/op
# Benchmark: numj.ThreadsBench.sumAxis0
# Parameters: (n = 100000, threads = 4)

# Run progress: 89.12% complete, ETA 00:01:07
# Fork: 1 of 2
WARNING: A terminally deprecated method in sun.misc.Unsafe has been called
WARNING: sun.misc.Unsafe::objectFieldOffset has been called by org.openjdk.jmh.util.Utils (file:/C:/Users/Hareram%20ray/AI/numJ/.tools/jmh/jmh-core-1.37.jar)
WARNING: Please consider reporting this to the maintainers of class org.openjdk.jmh.util.Utils
WARNING: sun.misc.Unsafe::objectFieldOffset will be removed in a future release
# Warmup Iteration   1: 59.548 us/op
# Warmup Iteration   2: 32.743 us/op
# Warmup Iteration   3: 33.225 us/op
# Warmup Iteration   4: 32.919 us/op
Iteration   1: 33.069 us/op
Iteration   2: 33.710 us/op
Iteration   3: 31.744 us/op
Iteration   4: 32.777 us/op
Iteration   5: 31.444 us/op

# Run progress: 89.51% complete, ETA 00:01:04
# Fork: 2 of 2
WARNING: A terminally deprecated method in sun.misc.Unsafe has been called
WARNING: sun.misc.Unsafe::objectFieldOffset has been called by org.openjdk.jmh.util.Utils (file:/C:/Users/Hareram%20ray/AI/numJ/.tools/jmh/jmh-core-1.37.jar)
WARNING: Please consider reporting this to the maintainers of class org.openjdk.jmh.util.Utils
WARNING: sun.misc.Unsafe::objectFieldOffset will be removed in a future release
# Warmup Iteration   1: 56.592 us/op
# Warmup Iteration   2: 33.060 us/op
# Warmup Iteration   3: 32.627 us/op
# Warmup Iteration   4: 31.394 us/op
Iteration   1: 31.965 us/op
Iteration   2: 31.453 us/op
Iteration   3: 31.603 us/op
Iteration   4: 32.178 us/op
Iteration   5: 31.380 us/op


Result "numj.ThreadsBench.sumAxis0":
  32.132 ±(99.9%) 1.208 us/op [Average]
  (min, avg, max) = (31.380, 32.132, 33.710), stdev = 0.799
  CI (99.9%): [30.925, 33.340] (assumes normal distribution)


# JMH version: 1.37
# VM version: JDK 25.0.4.1, OpenJDK 64-Bit Server VM, 25.0.4.1+1-LTS
# VM invoker: C:\Users\Hareram ray\AI\numJ\.tools\jdk\bin\java.exe
# VM options: --enable-native-access=ALL-UNNAMED --enable-native-access=ALL-UNNAMED -Xms2g -Xmx2g -XX:+AlwaysPreTouch -Dnumj.ew.parallelMinElements=0 -Dnumj.reduce.parallelMinElements=0
# Blackhole mode: compiler (auto-detected, use -Djmh.blackhole.autoDetect=false to disable)
# Warmup: 4 iterations, 200 ms each
# Measurement: 5 iterations, 200 ms each
# Timeout: 10 min per iteration
# Threads: 1 thread, will synchronize iterations
# Benchmark mode: Average time, time/op
# Benchmark: numj.ThreadsBench.sumAxis0
# Parameters: (n = 100000, threads = 8)

# Run progress: 89.90% complete, ETA 00:01:02
# Fork: 1 of 2
WARNING: A terminally deprecated method in sun.misc.Unsafe has been called
WARNING: sun.misc.Unsafe::objectFieldOffset has been called by org.openjdk.jmh.util.Utils (file:/C:/Users/Hareram%20ray/AI/numJ/.tools/jmh/jmh-core-1.37.jar)
WARNING: Please consider reporting this to the maintainers of class org.openjdk.jmh.util.Utils
WARNING: sun.misc.Unsafe::objectFieldOffset will be removed in a future release
# Warmup Iteration   1: 66.799 us/op
# Warmup Iteration   2: 37.608 us/op
# Warmup Iteration   3: 37.574 us/op
# Warmup Iteration   4: 37.548 us/op
Iteration   1: 38.088 us/op
Iteration   2: 38.546 us/op
Iteration   3: 37.212 us/op
Iteration   4: 37.225 us/op
Iteration   5: 37.619 us/op

# Run progress: 90.28% complete, ETA 00:01:00
# Fork: 2 of 2
WARNING: A terminally deprecated method in sun.misc.Unsafe has been called
WARNING: sun.misc.Unsafe::objectFieldOffset has been called by org.openjdk.jmh.util.Utils (file:/C:/Users/Hareram%20ray/AI/numJ/.tools/jmh/jmh-core-1.37.jar)
WARNING: Please consider reporting this to the maintainers of class org.openjdk.jmh.util.Utils
WARNING: sun.misc.Unsafe::objectFieldOffset will be removed in a future release
# Warmup Iteration   1: 65.061 us/op
# Warmup Iteration   2: 37.968 us/op
# Warmup Iteration   3: 38.385 us/op
# Warmup Iteration   4: 38.166 us/op
Iteration   1: 38.194 us/op
Iteration   2: 37.011 us/op
Iteration   3: 37.448 us/op
Iteration   4: 36.675 us/op
Iteration   5: 38.333 us/op


Result "numj.ThreadsBench.sumAxis0":
  37.635 ±(99.9%) 0.946 us/op [Average]
  (min, avg, max) = (36.675, 37.635, 38.546), stdev = 0.626
  CI (99.9%): [36.689, 38.582] (assumes normal distribution)


# JMH version: 1.37
# VM version: JDK 25.0.4.1, OpenJDK 64-Bit Server VM, 25.0.4.1+1-LTS
# VM invoker: C:\Users\Hareram ray\AI\numJ\.tools\jdk\bin\java.exe
# VM options: --enable-native-access=ALL-UNNAMED --enable-native-access=ALL-UNNAMED -Xms2g -Xmx2g -XX:+AlwaysPreTouch -Dnumj.ew.parallelMinElements=0 -Dnumj.reduce.parallelMinElements=0
# Blackhole mode: compiler (auto-detected, use -Djmh.blackhole.autoDetect=false to disable)
# Warmup: 4 iterations, 200 ms each
# Measurement: 5 iterations, 200 ms each
# Timeout: 10 min per iteration
# Threads: 1 thread, will synchronize iterations
# Benchmark mode: Average time, time/op
# Benchmark: numj.ThreadsBench.sumAxis0
# Parameters: (n = 1000000, threads = 1)

# Run progress: 90.67% complete, ETA 00:00:57
# Fork: 1 of 2
WARNING: A terminally deprecated method in sun.misc.Unsafe has been called
WARNING: sun.misc.Unsafe::objectFieldOffset has been called by org.openjdk.jmh.util.Utils (file:/C:/Users/Hareram%20ray/AI/numJ/.tools/jmh/jmh-core-1.37.jar)
WARNING: Please consider reporting this to the maintainers of class org.openjdk.jmh.util.Utils
WARNING: sun.misc.Unsafe::objectFieldOffset will be removed in a future release
# Warmup Iteration   1: 542.848 us/op
# Warmup Iteration   2: 256.964 us/op
# Warmup Iteration   3: 251.284 us/op
# Warmup Iteration   4: 257.024 us/op
Iteration   1: 256.878 us/op
Iteration   2: 244.002 us/op
Iteration   3: 248.193 us/op
Iteration   4: 241.771 us/op
Iteration   5: 258.022 us/op

# Run progress: 91.06% complete, ETA 00:00:55
# Fork: 2 of 2
WARNING: A terminally deprecated method in sun.misc.Unsafe has been called
WARNING: sun.misc.Unsafe::objectFieldOffset has been called by org.openjdk.jmh.util.Utils (file:/C:/Users/Hareram%20ray/AI/numJ/.tools/jmh/jmh-core-1.37.jar)
WARNING: Please consider reporting this to the maintainers of class org.openjdk.jmh.util.Utils
WARNING: sun.misc.Unsafe::objectFieldOffset will be removed in a future release
# Warmup Iteration   1: 548.460 us/op
# Warmup Iteration   2: 275.183 us/op
# Warmup Iteration   3: 267.068 us/op
# Warmup Iteration   4: 275.276 us/op
Iteration   1: 266.314 us/op
Iteration   2: 260.832 us/op
Iteration   3: 275.272 us/op
Iteration   4: 260.969 us/op
Iteration   5: 276.711 us/op


Result "numj.ThreadsBench.sumAxis0":
  258.896 ±(99.9%) 18.052 us/op [Average]
  (min, avg, max) = (241.771, 258.896, 276.711), stdev = 11.940
  CI (99.9%): [240.845, 276.948] (assumes normal distribution)


# JMH version: 1.37
# VM version: JDK 25.0.4.1, OpenJDK 64-Bit Server VM, 25.0.4.1+1-LTS
# VM invoker: C:\Users\Hareram ray\AI\numJ\.tools\jdk\bin\java.exe
# VM options: --enable-native-access=ALL-UNNAMED --enable-native-access=ALL-UNNAMED -Xms2g -Xmx2g -XX:+AlwaysPreTouch -Dnumj.ew.parallelMinElements=0 -Dnumj.reduce.parallelMinElements=0
# Blackhole mode: compiler (auto-detected, use -Djmh.blackhole.autoDetect=false to disable)
# Warmup: 4 iterations, 200 ms each
# Measurement: 5 iterations, 200 ms each
# Timeout: 10 min per iteration
# Threads: 1 thread, will synchronize iterations
# Benchmark mode: Average time, time/op
# Benchmark: numj.ThreadsBench.sumAxis0
# Parameters: (n = 1000000, threads = 2)

# Run progress: 91.45% complete, ETA 00:00:52
# Fork: 1 of 2
WARNING: A terminally deprecated method in sun.misc.Unsafe has been called
WARNING: sun.misc.Unsafe::objectFieldOffset has been called by org.openjdk.jmh.util.Utils (file:/C:/Users/Hareram%20ray/AI/numJ/.tools/jmh/jmh-core-1.37.jar)
WARNING: Please consider reporting this to the maintainers of class org.openjdk.jmh.util.Utils
WARNING: sun.misc.Unsafe::objectFieldOffset will be removed in a future release
# Warmup Iteration   1: 424.567 us/op
# Warmup Iteration   2: 176.838 us/op
# Warmup Iteration   3: 169.534 us/op
# Warmup Iteration   4: 165.915 us/op
Iteration   1: 167.705 us/op
Iteration   2: 165.130 us/op
Iteration   3: 162.977 us/op
Iteration   4: 166.501 us/op
Iteration   5: 166.567 us/op

# Run progress: 91.84% complete, ETA 00:00:50
# Fork: 2 of 2
WARNING: A terminally deprecated method in sun.misc.Unsafe has been called
WARNING: sun.misc.Unsafe::objectFieldOffset has been called by org.openjdk.jmh.util.Utils (file:/C:/Users/Hareram%20ray/AI/numJ/.tools/jmh/jmh-core-1.37.jar)
WARNING: Please consider reporting this to the maintainers of class org.openjdk.jmh.util.Utils
WARNING: sun.misc.Unsafe::objectFieldOffset will be removed in a future release
# Warmup Iteration   1: 329.261 us/op
# Warmup Iteration   2: 162.365 us/op
# Warmup Iteration   3: 164.151 us/op
# Warmup Iteration   4: 173.536 us/op
Iteration   1: 161.127 us/op
Iteration   2: 168.639 us/op
Iteration   3: 158.393 us/op
Iteration   4: 162.746 us/op
Iteration   5: 174.699 us/op


Result "numj.ThreadsBench.sumAxis0":
  165.448 ±(99.9%) 6.857 us/op [Average]
  (min, avg, max) = (158.393, 165.448, 174.699), stdev = 4.536
  CI (99.9%): [158.591, 172.306] (assumes normal distribution)


# JMH version: 1.37
# VM version: JDK 25.0.4.1, OpenJDK 64-Bit Server VM, 25.0.4.1+1-LTS
# VM invoker: C:\Users\Hareram ray\AI\numJ\.tools\jdk\bin\java.exe
# VM options: --enable-native-access=ALL-UNNAMED --enable-native-access=ALL-UNNAMED -Xms2g -Xmx2g -XX:+AlwaysPreTouch -Dnumj.ew.parallelMinElements=0 -Dnumj.reduce.parallelMinElements=0
# Blackhole mode: compiler (auto-detected, use -Djmh.blackhole.autoDetect=false to disable)
# Warmup: 4 iterations, 200 ms each
# Measurement: 5 iterations, 200 ms each
# Timeout: 10 min per iteration
# Threads: 1 thread, will synchronize iterations
# Benchmark mode: Average time, time/op
# Benchmark: numj.ThreadsBench.sumAxis0
# Parameters: (n = 1000000, threads = 4)

# Run progress: 92.23% complete, ETA 00:00:48
# Fork: 1 of 2
WARNING: A terminally deprecated method in sun.misc.Unsafe has been called
WARNING: sun.misc.Unsafe::objectFieldOffset has been called by org.openjdk.jmh.util.Utils (file:/C:/Users/Hareram%20ray/AI/numJ/.tools/jmh/jmh-core-1.37.jar)
WARNING: Please consider reporting this to the maintainers of class org.openjdk.jmh.util.Utils
WARNING: sun.misc.Unsafe::objectFieldOffset will be removed in a future release
# Warmup Iteration   1: 310.660 us/op
# Warmup Iteration   2: 113.413 us/op
# Warmup Iteration   3: 113.364 us/op
# Warmup Iteration   4: 101.227 us/op
Iteration   1: 100.445 us/op
Iteration   2: 101.791 us/op
Iteration   3: 105.399 us/op
Iteration   4: 103.566 us/op
Iteration   5: 104.278 us/op

# Run progress: 92.62% complete, ETA 00:00:45
# Fork: 2 of 2
WARNING: A terminally deprecated method in sun.misc.Unsafe has been called
WARNING: sun.misc.Unsafe::objectFieldOffset has been called by org.openjdk.jmh.util.Utils (file:/C:/Users/Hareram%20ray/AI/numJ/.tools/jmh/jmh-core-1.37.jar)
WARNING: Please consider reporting this to the maintainers of class org.openjdk.jmh.util.Utils
WARNING: sun.misc.Unsafe::objectFieldOffset will be removed in a future release
# Warmup Iteration   1: 306.964 us/op
# Warmup Iteration   2: 121.074 us/op
# Warmup Iteration   3: 121.574 us/op
# Warmup Iteration   4: 111.701 us/op
Iteration   1: 105.878 us/op
Iteration   2: 106.413 us/op
Iteration   3: 109.447 us/op
Iteration   4: 118.870 us/op
Iteration   5: 105.176 us/op


Result "numj.ThreadsBench.sumAxis0":
  106.126 ±(99.9%) 7.742 us/op [Average]
  (min, avg, max) = (100.445, 106.126, 118.870), stdev = 5.121
  CI (99.9%): [98.384, 113.869] (assumes normal distribution)


# JMH version: 1.37
# VM version: JDK 25.0.4.1, OpenJDK 64-Bit Server VM, 25.0.4.1+1-LTS
# VM invoker: C:\Users\Hareram ray\AI\numJ\.tools\jdk\bin\java.exe
# VM options: --enable-native-access=ALL-UNNAMED --enable-native-access=ALL-UNNAMED -Xms2g -Xmx2g -XX:+AlwaysPreTouch -Dnumj.ew.parallelMinElements=0 -Dnumj.reduce.parallelMinElements=0
# Blackhole mode: compiler (auto-detected, use -Djmh.blackhole.autoDetect=false to disable)
# Warmup: 4 iterations, 200 ms each
# Measurement: 5 iterations, 200 ms each
# Timeout: 10 min per iteration
# Threads: 1 thread, will synchronize iterations
# Benchmark mode: Average time, time/op
# Benchmark: numj.ThreadsBench.sumAxis0
# Parameters: (n = 1000000, threads = 8)

# Run progress: 93.01% complete, ETA 00:00:43
# Fork: 1 of 2
WARNING: A terminally deprecated method in sun.misc.Unsafe has been called
WARNING: sun.misc.Unsafe::objectFieldOffset has been called by org.openjdk.jmh.util.Utils (file:/C:/Users/Hareram%20ray/AI/numJ/.tools/jmh/jmh-core-1.37.jar)
WARNING: Please consider reporting this to the maintainers of class org.openjdk.jmh.util.Utils
WARNING: sun.misc.Unsafe::objectFieldOffset will be removed in a future release
# Warmup Iteration   1: 250.802 us/op
# Warmup Iteration   2: 114.177 us/op
# Warmup Iteration   3: 120.943 us/op
# Warmup Iteration   4: 107.585 us/op
Iteration   1: 106.181 us/op
Iteration   2: 107.183 us/op
Iteration   3: 105.368 us/op
Iteration   4: 105.192 us/op
Iteration   5: 107.084 us/op

# Run progress: 93.39% complete, ETA 00:00:40
# Fork: 2 of 2
WARNING: A terminally deprecated method in sun.misc.Unsafe has been called
WARNING: sun.misc.Unsafe::objectFieldOffset has been called by org.openjdk.jmh.util.Utils (file:/C:/Users/Hareram%20ray/AI/numJ/.tools/jmh/jmh-core-1.37.jar)
WARNING: Please consider reporting this to the maintainers of class org.openjdk.jmh.util.Utils
WARNING: sun.misc.Unsafe::objectFieldOffset will be removed in a future release
# Warmup Iteration   1: 320.067 us/op
# Warmup Iteration   2: 113.816 us/op
# Warmup Iteration   3: 125.291 us/op
# Warmup Iteration   4: 107.613 us/op
Iteration   1: 110.954 us/op
Iteration   2: 103.360 us/op
Iteration   3: 103.996 us/op
Iteration   4: 106.703 us/op
Iteration   5: 105.568 us/op


Result "numj.ThreadsBench.sumAxis0":
  106.159 ±(99.9%) 3.172 us/op [Average]
  (min, avg, max) = (103.360, 106.159, 110.954), stdev = 2.098
  CI (99.9%): [102.987, 109.331] (assumes normal distribution)


# JMH version: 1.37
# VM version: JDK 25.0.4.1, OpenJDK 64-Bit Server VM, 25.0.4.1+1-LTS
# VM invoker: C:\Users\Hareram ray\AI\numJ\.tools\jdk\bin\java.exe
# VM options: --enable-native-access=ALL-UNNAMED --enable-native-access=ALL-UNNAMED -Xms2g -Xmx2g -XX:+AlwaysPreTouch -Dnumj.ew.parallelMinElements=0 -Dnumj.reduce.parallelMinElements=0
# Blackhole mode: compiler (auto-detected, use -Djmh.blackhole.autoDetect=false to disable)
# Warmup: 4 iterations, 200 ms each
# Measurement: 5 iterations, 200 ms each
# Timeout: 10 min per iteration
# Threads: 1 thread, will synchronize iterations
# Benchmark mode: Average time, time/op
# Benchmark: numj.ThreadsBench.sumAxis0
# Parameters: (n = 4000000, threads = 1)

# Run progress: 93.78% complete, ETA 00:00:38
# Fork: 1 of 2
WARNING: A terminally deprecated method in sun.misc.Unsafe has been called
WARNING: sun.misc.Unsafe::objectFieldOffset has been called by org.openjdk.jmh.util.Utils (file:/C:/Users/Hareram%20ray/AI/numJ/.tools/jmh/jmh-core-1.37.jar)
WARNING: Please consider reporting this to the maintainers of class org.openjdk.jmh.util.Utils
WARNING: sun.misc.Unsafe::objectFieldOffset will be removed in a future release
# Warmup Iteration   1: 5621.364 us/op
# Warmup Iteration   2: 2548.314 us/op
# Warmup Iteration   3: 2598.860 us/op
# Warmup Iteration   4: 2618.466 us/op
Iteration   1: 2892.399 us/op
Iteration   2: 3035.569 us/op
Iteration   3: 2501.560 us/op
Iteration   4: 2615.782 us/op
Iteration   5: 2839.724 us/op

# Run progress: 94.17% complete, ETA 00:00:36
# Fork: 2 of 2
WARNING: A terminally deprecated method in sun.misc.Unsafe has been called
WARNING: sun.misc.Unsafe::objectFieldOffset has been called by org.openjdk.jmh.util.Utils (file:/C:/Users/Hareram%20ray/AI/numJ/.tools/jmh/jmh-core-1.37.jar)
WARNING: Please consider reporting this to the maintainers of class org.openjdk.jmh.util.Utils
WARNING: sun.misc.Unsafe::objectFieldOffset will be removed in a future release
# Warmup Iteration   1: 4724.291 us/op
# Warmup Iteration   2: 2664.393 us/op
# Warmup Iteration   3: 2990.254 us/op
# Warmup Iteration   4: 2817.386 us/op
Iteration   1: 2892.524 us/op
Iteration   2: 2786.951 us/op
Iteration   3: 2701.412 us/op
Iteration   4: 2758.414 us/op
Iteration   5: 2722.462 us/op


Result "numj.ThreadsBench.sumAxis0":
  2774.680 ±(99.9%) 230.054 us/op [Average]
  (min, avg, max) = (2501.560, 2774.680, 3035.569), stdev = 152.166
  CI (99.9%): [2544.626, 3004.734] (assumes normal distribution)


# JMH version: 1.37
# VM version: JDK 25.0.4.1, OpenJDK 64-Bit Server VM, 25.0.4.1+1-LTS
# VM invoker: C:\Users\Hareram ray\AI\numJ\.tools\jdk\bin\java.exe
# VM options: --enable-native-access=ALL-UNNAMED --enable-native-access=ALL-UNNAMED -Xms2g -Xmx2g -XX:+AlwaysPreTouch -Dnumj.ew.parallelMinElements=0 -Dnumj.reduce.parallelMinElements=0
# Blackhole mode: compiler (auto-detected, use -Djmh.blackhole.autoDetect=false to disable)
# Warmup: 4 iterations, 200 ms each
# Measurement: 5 iterations, 200 ms each
# Timeout: 10 min per iteration
# Threads: 1 thread, will synchronize iterations
# Benchmark mode: Average time, time/op
# Benchmark: numj.ThreadsBench.sumAxis0
# Parameters: (n = 4000000, threads = 2)

# Run progress: 94.56% complete, ETA 00:00:33
# Fork: 1 of 2
WARNING: A terminally deprecated method in sun.misc.Unsafe has been called
WARNING: sun.misc.Unsafe::objectFieldOffset has been called by org.openjdk.jmh.util.Utils (file:/C:/Users/Hareram%20ray/AI/numJ/.tools/jmh/jmh-core-1.37.jar)
WARNING: Please consider reporting this to the maintainers of class org.openjdk.jmh.util.Utils
WARNING: sun.misc.Unsafe::objectFieldOffset will be removed in a future release
# Warmup Iteration   1: 4277.557 us/op
# Warmup Iteration   2: 2407.762 us/op
# Warmup Iteration   3: 2449.122 us/op
# Warmup Iteration   4: 2474.715 us/op
Iteration   1: 2255.071 us/op
Iteration   2: 2294.832 us/op
Iteration   3: 2342.041 us/op
Iteration   4: 2161.355 us/op
Iteration   5: 2274.145 us/op

# Run progress: 94.95% complete, ETA 00:00:31
# Fork: 2 of 2
WARNING: A terminally deprecated method in sun.misc.Unsafe has been called
WARNING: sun.misc.Unsafe::objectFieldOffset has been called by org.openjdk.jmh.util.Utils (file:/C:/Users/Hareram%20ray/AI/numJ/.tools/jmh/jmh-core-1.37.jar)
WARNING: Please consider reporting this to the maintainers of class org.openjdk.jmh.util.Utils
WARNING: sun.misc.Unsafe::objectFieldOffset will be removed in a future release
# Warmup Iteration   1: 4802.390 us/op
# Warmup Iteration   2: 2776.485 us/op
# Warmup Iteration   3: 2636.366 us/op
# Warmup Iteration   4: 2849.828 us/op
Iteration   1: 3099.992 us/op
Iteration   2: 2825.273 us/op
Iteration   3: 4989.344 us/op
Iteration   4: 4172.171 us/op
Iteration   5: 4376.022 us/op


Result "numj.ThreadsBench.sumAxis0":
  3079.025 ±(99.9%) 1587.112 us/op [Average]
  (min, avg, max) = (2161.355, 3079.025, 4989.344), stdev = 1049.776
  CI (99.9%): [1491.913, 4666.137] (assumes normal distribution)


# JMH version: 1.37
# VM version: JDK 25.0.4.1, OpenJDK 64-Bit Server VM, 25.0.4.1+1-LTS
# VM invoker: C:\Users\Hareram ray\AI\numJ\.tools\jdk\bin\java.exe
# VM options: --enable-native-access=ALL-UNNAMED --enable-native-access=ALL-UNNAMED -Xms2g -Xmx2g -XX:+AlwaysPreTouch -Dnumj.ew.parallelMinElements=0 -Dnumj.reduce.parallelMinElements=0
# Blackhole mode: compiler (auto-detected, use -Djmh.blackhole.autoDetect=false to disable)
# Warmup: 4 iterations, 200 ms each
# Measurement: 5 iterations, 200 ms each
# Timeout: 10 min per iteration
# Threads: 1 thread, will synchronize iterations
# Benchmark mode: Average time, time/op
# Benchmark: numj.ThreadsBench.sumAxis0
# Parameters: (n = 4000000, threads = 4)

# Run progress: 95.34% complete, ETA 00:00:28
# Fork: 1 of 2
WARNING: A terminally deprecated method in sun.misc.Unsafe has been called
WARNING: sun.misc.Unsafe::objectFieldOffset has been called by org.openjdk.jmh.util.Utils (file:/C:/Users/Hareram%20ray/AI/numJ/.tools/jmh/jmh-core-1.37.jar)
WARNING: Please consider reporting this to the maintainers of class org.openjdk.jmh.util.Utils
WARNING: sun.misc.Unsafe::objectFieldOffset will be removed in a future release
# Warmup Iteration   1: 5804.126 us/op
# Warmup Iteration   2: 3088.170 us/op
# Warmup Iteration   3: 2659.371 us/op
# Warmup Iteration   4: 2969.824 us/op
Iteration   1: 3266.481 us/op
Iteration   2: 2996.009 us/op
Iteration   3: 2764.615 us/op
Iteration   4: 2638.430 us/op
Iteration   5: 3026.116 us/op

# Run progress: 95.73% complete, ETA 00:00:26
# Fork: 2 of 2
WARNING: A terminally deprecated method in sun.misc.Unsafe has been called
WARNING: sun.misc.Unsafe::objectFieldOffset has been called by org.openjdk.jmh.util.Utils (file:/C:/Users/Hareram%20ray/AI/numJ/.tools/jmh/jmh-core-1.37.jar)
WARNING: Please consider reporting this to the maintainers of class org.openjdk.jmh.util.Utils
WARNING: sun.misc.Unsafe::objectFieldOffset will be removed in a future release
# Warmup Iteration   1: 4865.286 us/op
# Warmup Iteration   2: 2796.052 us/op
# Warmup Iteration   3: 3522.960 us/op
# Warmup Iteration   4: 3058.791 us/op
Iteration   1: 3014.487 us/op
Iteration   2: 3143.064 us/op
Iteration   3: 3052.589 us/op
Iteration   4: 3028.431 us/op
Iteration   5: 2639.716 us/op


Result "numj.ThreadsBench.sumAxis0":
  2956.994 ±(99.9%) 316.091 us/op [Average]
  (min, avg, max) = (2638.430, 2956.994, 3266.481), stdev = 209.075
  CI (99.9%): [2640.903, 3273.085] (assumes normal distribution)


# JMH version: 1.37
# VM version: JDK 25.0.4.1, OpenJDK 64-Bit Server VM, 25.0.4.1+1-LTS
# VM invoker: C:\Users\Hareram ray\AI\numJ\.tools\jdk\bin\java.exe
# VM options: --enable-native-access=ALL-UNNAMED --enable-native-access=ALL-UNNAMED -Xms2g -Xmx2g -XX:+AlwaysPreTouch -Dnumj.ew.parallelMinElements=0 -Dnumj.reduce.parallelMinElements=0
# Blackhole mode: compiler (auto-detected, use -Djmh.blackhole.autoDetect=false to disable)
# Warmup: 4 iterations, 200 ms each
# Measurement: 5 iterations, 200 ms each
# Timeout: 10 min per iteration
# Threads: 1 thread, will synchronize iterations
# Benchmark mode: Average time, time/op
# Benchmark: numj.ThreadsBench.sumAxis0
# Parameters: (n = 4000000, threads = 8)

# Run progress: 96.11% complete, ETA 00:00:24
# Fork: 1 of 2
WARNING: A terminally deprecated method in sun.misc.Unsafe has been called
WARNING: sun.misc.Unsafe::objectFieldOffset has been called by org.openjdk.jmh.util.Utils (file:/C:/Users/Hareram%20ray/AI/numJ/.tools/jmh/jmh-core-1.37.jar)
WARNING: Please consider reporting this to the maintainers of class org.openjdk.jmh.util.Utils
WARNING: sun.misc.Unsafe::objectFieldOffset will be removed in a future release
# Warmup Iteration   1: 4724.998 us/op
# Warmup Iteration   2: 3109.088 us/op
# Warmup Iteration   3: 3374.733 us/op
# Warmup Iteration   4: 3073.423 us/op
Iteration   1: 3128.255 us/op
Iteration   2: 3759.487 us/op
Iteration   3: 2610.355 us/op
Iteration   4: 2974.599 us/op
Iteration   5: 3099.145 us/op

# Run progress: 96.50% complete, ETA 00:00:21
# Fork: 2 of 2
WARNING: A terminally deprecated method in sun.misc.Unsafe has been called
WARNING: sun.misc.Unsafe::objectFieldOffset has been called by org.openjdk.jmh.util.Utils (file:/C:/Users/Hareram%20ray/AI/numJ/.tools/jmh/jmh-core-1.37.jar)
WARNING: Please consider reporting this to the maintainers of class org.openjdk.jmh.util.Utils
WARNING: sun.misc.Unsafe::objectFieldOffset will be removed in a future release
# Warmup Iteration   1: 3626.763 us/op
# Warmup Iteration   2: 1947.738 us/op
# Warmup Iteration   3: 1974.818 us/op
# Warmup Iteration   4: 2110.315 us/op
Iteration   1: 2843.600 us/op
Iteration   2: 1915.495 us/op
Iteration   3: 1714.882 us/op
Iteration   4: 1803.253 us/op
Iteration   5: 1865.181 us/op


Result "numj.ThreadsBench.sumAxis0":
  2571.425 ±(99.9%) 1067.971 us/op [Average]
  (min, avg, max) = (1714.882, 2571.425, 3759.487), stdev = 706.396
  CI (99.9%): [1503.455, 3639.396] (assumes normal distribution)


# JMH version: 1.37
# VM version: JDK 25.0.4.1, OpenJDK 64-Bit Server VM, 25.0.4.1+1-LTS
# VM invoker: C:\Users\Hareram ray\AI\numJ\.tools\jdk\bin\java.exe
# VM options: --enable-native-access=ALL-UNNAMED --enable-native-access=ALL-UNNAMED -Xms2g -Xmx2g -XX:+AlwaysPreTouch -Dnumj.ew.parallelMinElements=0 -Dnumj.reduce.parallelMinElements=0
# Blackhole mode: compiler (auto-detected, use -Djmh.blackhole.autoDetect=false to disable)
# Warmup: 4 iterations, 200 ms each
# Measurement: 5 iterations, 200 ms each
# Timeout: 10 min per iteration
# Threads: 1 thread, will synchronize iterations
# Benchmark mode: Average time, time/op
# Benchmark: numj.ThreadsBench.sumAxis0
# Parameters: (n = 16000000, threads = 1)

# Run progress: 96.89% complete, ETA 00:00:19
# Fork: 1 of 2
WARNING: A terminally deprecated method in sun.misc.Unsafe has been called
WARNING: sun.misc.Unsafe::objectFieldOffset has been called by org.openjdk.jmh.util.Utils (file:/C:/Users/Hareram%20ray/AI/numJ/.tools/jmh/jmh-core-1.37.jar)
WARNING: Please consider reporting this to the maintainers of class org.openjdk.jmh.util.Utils
WARNING: sun.misc.Unsafe::objectFieldOffset will be removed in a future release
# Warmup Iteration   1: 22509.378 us/op
# Warmup Iteration   2: 16272.046 us/op
# Warmup Iteration   3: 14881.300 us/op
# Warmup Iteration   4: 14572.864 us/op
Iteration   1: 13443.540 us/op
Iteration   2: 16790.858 us/op
Iteration   3: 14794.307 us/op
Iteration   4: 13421.840 us/op
Iteration   5: 13274.700 us/op

# Run progress: 97.28% complete, ETA 00:00:16
# Fork: 2 of 2
WARNING: A terminally deprecated method in sun.misc.Unsafe has been called
WARNING: sun.misc.Unsafe::objectFieldOffset has been called by org.openjdk.jmh.util.Utils (file:/C:/Users/Hareram%20ray/AI/numJ/.tools/jmh/jmh-core-1.37.jar)
WARNING: Please consider reporting this to the maintainers of class org.openjdk.jmh.util.Utils
WARNING: sun.misc.Unsafe::objectFieldOffset will be removed in a future release
# Warmup Iteration   1: 23823.867 us/op
# Warmup Iteration   2: 15810.377 us/op
# Warmup Iteration   3: 15539.515 us/op
# Warmup Iteration   4: 15542.136 us/op
Iteration   1: 13748.167 us/op
Iteration   2: 15557.343 us/op
Iteration   3: 14743.014 us/op
Iteration   4: 15497.769 us/op
Iteration   5: 13057.906 us/op


Result "numj.ThreadsBench.sumAxis0":
  14432.944 ±(99.9%) 1877.995 us/op [Average]
  (min, avg, max) = (13057.906, 14432.944, 16790.858), stdev = 1242.177
  CI (99.9%): [12554.950, 16310.939] (assumes normal distribution)


# JMH version: 1.37
# VM version: JDK 25.0.4.1, OpenJDK 64-Bit Server VM, 25.0.4.1+1-LTS
# VM invoker: C:\Users\Hareram ray\AI\numJ\.tools\jdk\bin\java.exe
# VM options: --enable-native-access=ALL-UNNAMED --enable-native-access=ALL-UNNAMED -Xms2g -Xmx2g -XX:+AlwaysPreTouch -Dnumj.ew.parallelMinElements=0 -Dnumj.reduce.parallelMinElements=0
# Blackhole mode: compiler (auto-detected, use -Djmh.blackhole.autoDetect=false to disable)
# Warmup: 4 iterations, 200 ms each
# Measurement: 5 iterations, 200 ms each
# Timeout: 10 min per iteration
# Threads: 1 thread, will synchronize iterations
# Benchmark mode: Average time, time/op
# Benchmark: numj.ThreadsBench.sumAxis0
# Parameters: (n = 16000000, threads = 2)

# Run progress: 97.67% complete, ETA 00:00:14
# Fork: 1 of 2
WARNING: A terminally deprecated method in sun.misc.Unsafe has been called
WARNING: sun.misc.Unsafe::objectFieldOffset has been called by org.openjdk.jmh.util.Utils (file:/C:/Users/Hareram%20ray/AI/numJ/.tools/jmh/jmh-core-1.37.jar)
WARNING: Please consider reporting this to the maintainers of class org.openjdk.jmh.util.Utils
WARNING: sun.misc.Unsafe::objectFieldOffset will be removed in a future release
# Warmup Iteration   1: 23049.311 us/op
# Warmup Iteration   2: 13156.100 us/op
# Warmup Iteration   3: 12616.788 us/op
# Warmup Iteration   4: 12885.494 us/op
Iteration   1: 15265.129 us/op
Iteration   2: 14508.493 us/op
Iteration   3: 12719.994 us/op
Iteration   4: 11137.205 us/op
Iteration   5: 11529.494 us/op

# Run progress: 98.06% complete, ETA 00:00:12
# Fork: 2 of 2
WARNING: A terminally deprecated method in sun.misc.Unsafe has been called
WARNING: sun.misc.Unsafe::objectFieldOffset has been called by org.openjdk.jmh.util.Utils (file:/C:/Users/Hareram%20ray/AI/numJ/.tools/jmh/jmh-core-1.37.jar)
WARNING: Please consider reporting this to the maintainers of class org.openjdk.jmh.util.Utils
WARNING: sun.misc.Unsafe::objectFieldOffset will be removed in a future release
# Warmup Iteration   1: 19048.573 us/op
# Warmup Iteration   2: 15102.400 us/op
# Warmup Iteration   3: 13621.253 us/op
# Warmup Iteration   4: 11510.816 us/op
Iteration   1: 14931.907 us/op
Iteration   2: 12230.700 us/op
Iteration   3: 12774.031 us/op
Iteration   4: 11741.200 us/op
Iteration   5: 11324.961 us/op


Result "numj.ThreadsBench.sumAxis0":
  12816.311 ±(99.9%) 2339.187 us/op [Average]
  (min, avg, max) = (11137.205, 12816.311, 15265.129), stdev = 1547.228
  CI (99.9%): [10477.124, 15155.499] (assumes normal distribution)


# JMH version: 1.37
# VM version: JDK 25.0.4.1, OpenJDK 64-Bit Server VM, 25.0.4.1+1-LTS
# VM invoker: C:\Users\Hareram ray\AI\numJ\.tools\jdk\bin\java.exe
# VM options: --enable-native-access=ALL-UNNAMED --enable-native-access=ALL-UNNAMED -Xms2g -Xmx2g -XX:+AlwaysPreTouch -Dnumj.ew.parallelMinElements=0 -Dnumj.reduce.parallelMinElements=0
# Blackhole mode: compiler (auto-detected, use -Djmh.blackhole.autoDetect=false to disable)
# Warmup: 4 iterations, 200 ms each
# Measurement: 5 iterations, 200 ms each
# Timeout: 10 min per iteration
# Threads: 1 thread, will synchronize iterations
# Benchmark mode: Average time, time/op
# Benchmark: numj.ThreadsBench.sumAxis0
# Parameters: (n = 16000000, threads = 4)

# Run progress: 98.45% complete, ETA 00:00:09
# Fork: 1 of 2
WARNING: A terminally deprecated method in sun.misc.Unsafe has been called
WARNING: sun.misc.Unsafe::objectFieldOffset has been called by org.openjdk.jmh.util.Utils (file:/C:/Users/Hareram%20ray/AI/numJ/.tools/jmh/jmh-core-1.37.jar)
WARNING: Please consider reporting this to the maintainers of class org.openjdk.jmh.util.Utils
WARNING: sun.misc.Unsafe::objectFieldOffset will be removed in a future release
# Warmup Iteration   1: 16977.700 us/op
# Warmup Iteration   2: 11360.639 us/op
# Warmup Iteration   3: 12541.694 us/op
# Warmup Iteration   4: 13799.700 us/op
Iteration   1: 12284.641 us/op
Iteration   2: 11934.024 us/op
Iteration   3: 12606.163 us/op
Iteration   4: 12361.953 us/op
Iteration   5: 13011.556 us/op

# Run progress: 98.83% complete, ETA 00:00:07
# Fork: 2 of 2
WARNING: A terminally deprecated method in sun.misc.Unsafe has been called
WARNING: sun.misc.Unsafe::objectFieldOffset has been called by org.openjdk.jmh.util.Utils (file:/C:/Users/Hareram%20ray/AI/numJ/.tools/jmh/jmh-core-1.37.jar)
WARNING: Please consider reporting this to the maintainers of class org.openjdk.jmh.util.Utils
WARNING: sun.misc.Unsafe::objectFieldOffset will be removed in a future release
# Warmup Iteration   1: 21459.460 us/op
# Warmup Iteration   2: 10131.740 us/op
# Warmup Iteration   3: 11760.944 us/op
# Warmup Iteration   4: 12016.147 us/op
Iteration   1: 11849.189 us/op
Iteration   2: 13077.106 us/op
Iteration   3: 11573.433 us/op
Iteration   4: 9309.345 us/op
Iteration   5: 8910.509 us/op


Result "numj.ThreadsBench.sumAxis0":
  11691.792 ±(99.9%) 2185.468 us/op [Average]
  (min, avg, max) = (8910.509, 11691.792, 13077.106), stdev = 1445.552
  CI (99.9%): [9506.324, 13877.260] (assumes normal distribution)


# JMH version: 1.37
# VM version: JDK 25.0.4.1, OpenJDK 64-Bit Server VM, 25.0.4.1+1-LTS
# VM invoker: C:\Users\Hareram ray\AI\numJ\.tools\jdk\bin\java.exe
# VM options: --enable-native-access=ALL-UNNAMED --enable-native-access=ALL-UNNAMED -Xms2g -Xmx2g -XX:+AlwaysPreTouch -Dnumj.ew.parallelMinElements=0 -Dnumj.reduce.parallelMinElements=0
# Blackhole mode: compiler (auto-detected, use -Djmh.blackhole.autoDetect=false to disable)
# Warmup: 4 iterations, 200 ms each
# Measurement: 5 iterations, 200 ms each
# Timeout: 10 min per iteration
# Threads: 1 thread, will synchronize iterations
# Benchmark mode: Average time, time/op
# Benchmark: numj.ThreadsBench.sumAxis0
# Parameters: (n = 16000000, threads = 8)

# Run progress: 99.22% complete, ETA 00:00:04
# Fork: 1 of 2
WARNING: A terminally deprecated method in sun.misc.Unsafe has been called
WARNING: sun.misc.Unsafe::objectFieldOffset has been called by org.openjdk.jmh.util.Utils (file:/C:/Users/Hareram%20ray/AI/numJ/.tools/jmh/jmh-core-1.37.jar)
WARNING: Please consider reporting this to the maintainers of class org.openjdk.jmh.util.Utils
WARNING: sun.misc.Unsafe::objectFieldOffset will be removed in a future release
# Warmup Iteration   1: 18450.873 us/op
# Warmup Iteration   2: 11820.547 us/op
# Warmup Iteration   3: 14491.700 us/op
# Warmup Iteration   4: 11058.968 us/op
Iteration   1: 11973.376 us/op
Iteration   2: 11938.294 us/op
Iteration   3: 10979.216 us/op
Iteration   4: 10531.505 us/op
Iteration   5: 8873.274 us/op

# Run progress: 99.61% complete, ETA 00:00:02
# Fork: 2 of 2
WARNING: A terminally deprecated method in sun.misc.Unsafe has been called
WARNING: sun.misc.Unsafe::objectFieldOffset has been called by org.openjdk.jmh.util.Utils (file:/C:/Users/Hareram%20ray/AI/numJ/.tools/jmh/jmh-core-1.37.jar)
WARNING: Please consider reporting this to the maintainers of class org.openjdk.jmh.util.Utils
WARNING: sun.misc.Unsafe::objectFieldOffset will be removed in a future release
# Warmup Iteration   1: 30375.557 us/op
# Warmup Iteration   2: 15757.885 us/op
# Warmup Iteration   3: 13287.806 us/op
# Warmup Iteration   4: 14068.647 us/op
Iteration   1: 13550.047 us/op
Iteration   2: 10929.774 us/op
Iteration   3: 10998.068 us/op
Iteration   4: 11424.878 us/op
Iteration   5: 15781.646 us/op


Result "numj.ThreadsBench.sumAxis0":
  11698.008 ±(99.9%) 2817.222 us/op [Average]
  (min, avg, max) = (8873.274, 11698.008, 15781.646), stdev = 1863.418
  CI (99.9%): [8880.786, 14515.229] (assumes normal distribution)


# Run complete. Total time: 00:10:20

REMEMBER: The numbers below are just data. To gain reusable insights, you need to follow up on
why the numbers are the way they are. Use profilers (see -prof, -lprof), design factorial
experiments, perform baseline and negative tests that provide experimental control, make sure
the benchmarking environment is safe on JVM/OS/HW level, ask for reviews from the domain experts.
Do not assume the numbers tell you what you want them to tell.

NOTE: Current JVM experimentally supports Compiler Blackholes, and they are in use. Please exercise
extra caution when trusting the results, look into the generated code to check the benchmark still
works, and factor in a small probability of new VM bugs. Additionally, while comparisons between
different JVMs are already problematic, the performance difference caused by different Blackhole
modes can be very significant. Please make sure you use the consistent Blackhole mode for comparisons.

Benchmark                              (n)  (path)  (threads)  Mode  Cnt         Score          Error  Units
AllocBench.Malloc.addAllocMalloc        16     N/A        N/A  avgt   15       255.590 ±       20.176  ns/op
AllocBench.Malloc.addAllocMalloc      1000     N/A        N/A  avgt   15       344.749 ±       26.920  ns/op
AllocBench.Malloc.addAllocMalloc    100000     N/A        N/A  avgt   15     46708.976 ±     4623.845  ns/op
AllocBench.Malloc.addAllocMalloc  10000000     N/A        N/A  avgt   15  36989240.444 ±  8617664.290  ns/op
AllocBench.addAlloc                     16     N/A        N/A  avgt   15       269.013 ±       25.774  ns/op
AllocBench.addAlloc                   1000     N/A        N/A  avgt   15       433.313 ±       28.948  ns/op
AllocBench.addAlloc                 100000     N/A        N/A  avgt   15     59102.444 ±     9839.785  ns/op
AllocBench.addAlloc               10000000     N/A        N/A  avgt   15  43240149.778 ±  4970729.211  ns/op
AllocBench.addReuse                     16     N/A        N/A  avgt   15       175.254 ±       31.390  ns/op
AllocBench.addReuse                   1000     N/A        N/A  avgt   15       281.344 ±       53.611  ns/op
AllocBench.addReuse                 100000     N/A        N/A  avgt   15     58974.802 ±    25051.710  ns/op
AllocBench.addReuse               10000000     N/A        N/A  avgt   15  29951671.624 ±  6467133.286  ns/op
AllocBench.allocClose                   16     N/A        N/A  avgt   15        83.471 ±       12.358  ns/op
AllocBench.allocClose                 1000     N/A        N/A  avgt   15       119.239 ±       11.086  ns/op
AllocBench.allocClose               100000     N/A        N/A  avgt   15     12050.634 ±      272.577  ns/op
AllocBench.allocClose             10000000     N/A        N/A  avgt   15  30484168.722 ± 11328538.963  ns/op
DowncallBench.Critical.critical          0     N/A        N/A  avgt   10        17.170 ±       19.856  ns/op
DowncallBench.Critical.critical         16     N/A        N/A  avgt   10        27.186 ±       26.541  ns/op
DowncallBench.Critical.critical       1000     N/A        N/A  avgt   10       102.594 ±       23.743  ns/op
DowncallBench.Critical.critical      65536     N/A        N/A  avgt   10     10220.584 ±     2908.899  ns/op
DowncallBench.regular                    0     N/A        N/A  avgt   10        18.770 ±       11.084  ns/op
DowncallBench.regular                   16     N/A        N/A  avgt   10        27.183 ±        6.528  ns/op
DowncallBench.regular                 1000     N/A        N/A  avgt   10       116.356 ±       41.916  ns/op
DowncallBench.regular                65536     N/A        N/A  avgt   10      8003.396 ±     1927.717  ns/op
SmallBench.add                           1    java        N/A  avgt   10       135.825 ±       18.632  ns/op
SmallBench.add                           1  native        N/A  avgt   10       174.290 ±       78.355  ns/op
SmallBench.add                           4    java        N/A  avgt   10       155.296 ±       19.020  ns/op
SmallBench.add                           4  native        N/A  avgt   10       169.311 ±       51.140  ns/op
SmallBench.add                          16    java        N/A  avgt   10       278.386 ±      349.032  ns/op
SmallBench.add                          16  native        N/A  avgt   10       206.623 ±       95.095  ns/op
SmallBench.add                          32    java        N/A  avgt   10       217.470 ±      104.226  ns/op
SmallBench.add                          32  native        N/A  avgt   10       152.606 ±       14.047  ns/op
SmallBench.add                          64    java        N/A  avgt   10       254.611 ±       80.825  ns/op
SmallBench.add                          64  native        N/A  avgt   10       269.542 ±      217.914  ns/op
SmallBench.add                         128    java        N/A  avgt   10       456.011 ±      256.120  ns/op
SmallBench.add                         128  native        N/A  avgt   10       180.172 ±       42.003  ns/op
SmallBench.add                         256    java        N/A  avgt   10       542.810 ±      120.328  ns/op
SmallBench.add                         256  native        N/A  avgt   10       324.401 ±      152.495  ns/op
SmallBench.add                        1024    java        N/A  avgt   10      2222.777 ±     2019.056  ns/op
SmallBench.add                        1024  native        N/A  avgt   10       396.844 ±      170.663  ns/op
SmallBench.addStrided                    1    java        N/A  avgt   10       268.206 ±      100.598  ns/op
SmallBench.addStrided                    1  native        N/A  avgt   10       174.955 ±       88.869  ns/op
SmallBench.addStrided                    4    java        N/A  avgt   10       269.025 ±       78.571  ns/op
SmallBench.addStrided                    4  native        N/A  avgt   10       248.354 ±       69.732  ns/op
SmallBench.addStrided                   16    java        N/A  avgt   10       171.597 ±       42.803  ns/op
SmallBench.addStrided                   16  native        N/A  avgt   10       221.411 ±       17.741  ns/op
SmallBench.addStrided                   32    java        N/A  avgt   10       242.979 ±      111.652  ns/op
SmallBench.addStrided                   32  native        N/A  avgt   10       408.138 ±      327.888  ns/op
SmallBench.addStrided                   64    java        N/A  avgt   10       366.545 ±      130.830  ns/op
SmallBench.addStrided                   64  native        N/A  avgt   10       445.766 ±      343.685  ns/op
SmallBench.addStrided                  128    java        N/A  avgt   10       572.655 ±      496.646  ns/op
SmallBench.addStrided                  128  native        N/A  avgt   10       336.916 ±      103.527  ns/op
SmallBench.addStrided                  256    java        N/A  avgt   10       426.185 ±       44.220  ns/op
SmallBench.addStrided                  256  native        N/A  avgt   10       339.559 ±       95.738  ns/op
SmallBench.addStrided                 1024    java        N/A  avgt   10      1179.746 ±       38.404  ns/op
SmallBench.addStrided                 1024  native        N/A  avgt   10       875.827 ±      775.283  ns/op
SmallBench.sqdist                        1    java        N/A  avgt   10       121.637 ±       42.209  ns/op
SmallBench.sqdist                        1  native        N/A  avgt   10        33.551 ±       16.848  ns/op
SmallBench.sqdist                        4    java        N/A  avgt   10       174.363 ±       94.001  ns/op
SmallBench.sqdist                        4  native        N/A  avgt   10        61.634 ±       33.795  ns/op
SmallBench.sqdist                       16    java        N/A  avgt   10       348.169 ±      175.943  ns/op
SmallBench.sqdist                       16  native        N/A  avgt   10        46.644 ±       14.827  ns/op
SmallBench.sqdist                       32    java        N/A  avgt   10       413.863 ±      262.816  ns/op
SmallBench.sqdist                       32  native        N/A  avgt   10        51.185 ±       42.780  ns/op
SmallBench.sqdist                       64    java        N/A  avgt   10       365.008 ±      165.963  ns/op
SmallBench.sqdist                       64  native        N/A  avgt   10        26.868 ±        4.316  ns/op
SmallBench.sqdist                      128    java        N/A  avgt   10       366.233 ±       34.213  ns/op
SmallBench.sqdist                      128  native        N/A  avgt   10        43.194 ±       38.312  ns/op
SmallBench.sqdist                      256    java        N/A  avgt   10       641.647 ±      145.068  ns/op
SmallBench.sqdist                      256  native        N/A  avgt   10        41.567 ±       10.170  ns/op
SmallBench.sqdist                     1024    java        N/A  avgt   10      1978.204 ±      109.188  ns/op
SmallBench.sqdist                     1024  native        N/A  avgt   10        96.734 ±       10.268  ns/op
SmallBench.sum                           1    java        N/A  avgt   10       240.342 ±       72.853  ns/op
SmallBench.sum                           1  native        N/A  avgt   10       106.436 ±       36.066  ns/op
SmallBench.sum                           4    java        N/A  avgt   10       249.353 ±       63.883  ns/op
SmallBench.sum                           4  native        N/A  avgt   10       101.826 ±       29.485  ns/op
SmallBench.sum                          16    java        N/A  avgt   10       283.948 ±      136.697  ns/op
SmallBench.sum                          16  native        N/A  avgt   10        96.224 ±       18.002  ns/op
SmallBench.sum                          32    java        N/A  avgt   10       237.414 ±        9.267  ns/op
SmallBench.sum                          32  native        N/A  avgt   10        91.396 ±        7.486  ns/op
SmallBench.sum                          64    java        N/A  avgt   10       270.799 ±       21.673  ns/op
SmallBench.sum                          64  native        N/A  avgt   10        92.388 ±        7.345  ns/op
SmallBench.sum                         128    java        N/A  avgt   10       333.554 ±       28.302  ns/op
SmallBench.sum                         128  native        N/A  avgt   10        96.819 ±        8.414  ns/op
SmallBench.sum                         256    java        N/A  avgt   10       452.953 ±       30.117  ns/op
SmallBench.sum                         256  native        N/A  avgt   10        95.423 ±        6.070  ns/op
SmallBench.sum                        1024    java        N/A  avgt   10      1374.042 ±       38.395  ns/op
SmallBench.sum                        1024  native        N/A  avgt   10       121.615 ±       11.496  ns/op
ThreadsBench.add                    100000     N/A          1  avgt   10        42.838 ±        5.106  us/op
ThreadsBench.add                    100000     N/A          2  avgt   10        47.433 ±        5.066  us/op
ThreadsBench.add                    100000     N/A          4  avgt   10        40.887 ±        4.376  us/op
ThreadsBench.add                    100000     N/A          8  avgt   10        48.349 ±        6.031  us/op
ThreadsBench.add                   1000000     N/A          1  avgt   10      2337.507 ±     1221.377  us/op
ThreadsBench.add                   1000000     N/A          2  avgt   10      1758.042 ±      384.115  us/op
ThreadsBench.add                   1000000     N/A          4  avgt   10      1775.126 ±      646.375  us/op
ThreadsBench.add                   1000000     N/A          8  avgt   10      1850.147 ±      462.423  us/op
ThreadsBench.add                   4000000     N/A          1  avgt   10      8625.571 ±     1277.988  us/op
ThreadsBench.add                   4000000     N/A          2  avgt   10      8753.313 ±     1750.968  us/op
ThreadsBench.add                   4000000     N/A          4  avgt   10      7831.897 ±     1334.398  us/op
ThreadsBench.add                   4000000     N/A          8  avgt   10      7584.914 ±      235.998  us/op
ThreadsBench.add                  16000000     N/A          1  avgt   10     42725.542 ±    27961.551  us/op
ThreadsBench.add                  16000000     N/A          2  avgt   10     38299.851 ±     7162.315  us/op
ThreadsBench.add                  16000000     N/A          4  avgt   10     32821.847 ±     2471.137  us/op
ThreadsBench.add                  16000000     N/A          8  avgt   10     26500.159 ±     2476.136  us/op
ThreadsBench.sum                    100000     N/A          1  avgt   10         5.790 ±        1.389  us/op
ThreadsBench.sum                    100000     N/A          2  avgt   10        24.228 ±        1.973  us/op
ThreadsBench.sum                    100000     N/A          4  avgt   10        27.201 ±        1.619  us/op
ThreadsBench.sum                    100000     N/A          8  avgt   10        36.536 ±        3.539  us/op
ThreadsBench.sum                   1000000     N/A          1  avgt   10       173.010 ±       18.504  us/op
ThreadsBench.sum                   1000000     N/A          2  avgt   10       109.369 ±       17.227  us/op
ThreadsBench.sum                   1000000     N/A          4  avgt   10        71.362 ±       13.936  us/op
ThreadsBench.sum                   1000000     N/A          8  avgt   10        73.426 ±        3.885  us/op
ThreadsBench.sum                   4000000     N/A          1  avgt   10      3043.664 ±     1185.858  us/op
ThreadsBench.sum                   4000000     N/A          2  avgt   10      2744.243 ±      786.963  us/op
ThreadsBench.sum                   4000000     N/A          4  avgt   10      1831.320 ±      376.970  us/op
ThreadsBench.sum                   4000000     N/A          8  avgt   10      1804.003 ±      326.674  us/op
ThreadsBench.sum                  16000000     N/A          1  avgt   10     11179.171 ±     3144.794  us/op
ThreadsBench.sum                  16000000     N/A          2  avgt   10      7199.880 ±      774.722  us/op
ThreadsBench.sum                  16000000     N/A          4  avgt   10      7532.852 ±     1630.177  us/op
ThreadsBench.sum                  16000000     N/A          8  avgt   10      6306.093 ±      759.597  us/op
ThreadsBench.sumAxis0               100000     N/A          1  avgt   10        18.362 ±        2.072  us/op
ThreadsBench.sumAxis0               100000     N/A          2  avgt   10        29.000 ±        2.102  us/op
ThreadsBench.sumAxis0               100000     N/A          4  avgt   10        32.132 ±        1.208  us/op
ThreadsBench.sumAxis0               100000     N/A          8  avgt   10        37.635 ±        0.946  us/op
ThreadsBench.sumAxis0              1000000     N/A          1  avgt   10       258.896 ±       18.052  us/op
ThreadsBench.sumAxis0              1000000     N/A          2  avgt   10       165.448 ±        6.857  us/op
ThreadsBench.sumAxis0              1000000     N/A          4  avgt   10       106.126 ±        7.742  us/op
ThreadsBench.sumAxis0              1000000     N/A          8  avgt   10       106.159 ±        3.172  us/op
ThreadsBench.sumAxis0              4000000     N/A          1  avgt   10      2774.680 ±      230.054  us/op
ThreadsBench.sumAxis0              4000000     N/A          2  avgt   10      3079.025 ±     1587.112  us/op
ThreadsBench.sumAxis0              4000000     N/A          4  avgt   10      2956.994 ±      316.091  us/op
ThreadsBench.sumAxis0              4000000     N/A          8  avgt   10      2571.425 ±     1067.971  us/op
ThreadsBench.sumAxis0             16000000     N/A          1  avgt   10     14432.944 ±     1877.995  us/op
ThreadsBench.sumAxis0             16000000     N/A          2  avgt   10     12816.311 ±     2339.187  us/op
ThreadsBench.sumAxis0             16000000     N/A          4  avgt   10     11691.792 ±     2185.468  us/op
ThreadsBench.sumAxis0             16000000     N/A          8  avgt   10     11698.008 ±     2817.222  us/op

Benchmark result is saved to results\nd\jmh_decision.json
